file,class,method,constructor,line,cbo,cboModified,fanin,fanout,wmc,rfc,loc,returnsQty,variablesQty,parametersQty,methodsInvokedQty,methodsInvokedLocalQty,methodsInvokedIndirectLocalQty,loopQty,comparisonsQty,tryCatchQty,parenthesizedExpsQty,stringLiteralsQty,numbersQty,assignmentsQty,mathOperationsQty,maxNestedBlocksQty,anonymousClassesQty,innerClassesQty,lambdasQty,uniqueWordsQty,modifiers,logStatementsQty,hasJavaDoc
C:\Users\sugii syuji\gitProject\ysoserial\src\test\java\ysoserial\payloads\PayloadsTest.java,ysoserial.payloads.PayloadsTest$Anonymous74,call/0,false,75,1,6,0,6,1,1,3,1,0,0,1,0,0,0,0,0,0,0,0,0,0,0,0,0,0,6,1,0,false
C:\Users\sugii syuji\gitProject\ysoserial\src\main\java\ysoserial\payloads\CommonsCollections2.java,ysoserial.payloads.CommonsCollections2,getObject/1[java.lang.String],false,31,5,3,0,3,1,4,12,1,4,1,4,0,0,0,0,0,0,4,8,6,0,0,0,0,0,14,1,0,false
C:\Users\sugii syuji\gitProject\ysoserial\src\main\java\ysoserial\payloads\CommonsCollections2.java,ysoserial.payloads.CommonsCollections2,main/1[java.lang.String[]],false,53,2,1,0,1,1,1,3,0,0,1,1,0,0,0,0,0,0,0,0,0,0,0,0,0,0,3,9,0,false
C:\Users\sugii syuji\gitProject\ysoserial\src\main\java\ysoserial\payloads\CommonsCollections4.java,ysoserial.payloads.CommonsCollections4,getObject/1[java.lang.String],false,30,9,3,0,3,1,4,17,1,7,1,4,0,0,0,0,0,0,4,5,11,0,0,0,0,0,20,1,0,false
C:\Users\sugii syuji\gitProject\ysoserial\src\main\java\ysoserial\payloads\CommonsCollections4.java,ysoserial.payloads.CommonsCollections4,main/1[java.lang.String[]],false,60,2,1,0,1,1,1,3,0,0,1,1,0,0,0,0,0,0,0,0,0,0,0,0,0,0,3,9,0,false
C:\Users\sugii syuji\gitProject\ysoserial\src\main\java\ysoserial\payloads\util\PayloadRunner.java,ysoserial.payloads.util.PayloadRunner,"run/2[java.lang.Class<? extends ysoserial.payloads.ObjectPayload<?>>,java.lang.String[]]",false,17,4,12,8,4,2,4,19,0,2,2,4,0,0,0,0,1,0,1,0,2,0,1,1,0,0,19,9,0,false
C:\Users\sugii syuji\gitProject\ysoserial\src\main\java\ysoserial\payloads\ObjectPayload.java,ysoserial.payloads.ObjectPayload,getObject/1[java.lang.String],false,14,1,2,2,0,1,0,1,0,0,1,0,0,0,0,0,0,0,0,0,0,0,0,0,0,0,5,1,0,false
C:\Users\sugii syuji\gitProject\ysoserial\src\main\java\ysoserial\payloads\CommonsCollections3.java,ysoserial.payloads.CommonsCollections3,getObject/1[java.lang.String],false,31,8,4,0,4,1,5,11,1,7,1,5,0,0,0,0,0,0,1,1,7,0,0,0,0,0,23,1,0,false
C:\Users\sugii syuji\gitProject\ysoserial\src\main\java\ysoserial\payloads\CommonsCollections3.java,ysoserial.payloads.CommonsCollections3,main/1[java.lang.String[]],false,57,2,1,0,1,1,1,3,0,0,1,1,0,0,0,0,0,0,0,0,0,0,0,0,0,0,3,9,0,false
C:\Users\sugii syuji\gitProject\ysoserial\src\main\java\ysoserial\exploit\RMIRegistryExploit.java,ysoserial.exploit.RMIRegistryExploit,"exploit/3[java.rmi.registry.Registry,java.lang.Class<? extends ysoserial.payloads.ObjectPayload>,java.lang.String]",false,34,1,4,1,3,1,1,17,0,0,3,1,0,0,0,0,0,0,0,0,0,0,0,1,0,0,19,9,0,false
C:\Users\sugii syuji\gitProject\ysoserial\src\main\java\ysoserial\exploit\RMIRegistryExploit.java,ysoserial.exploit.RMIRegistryExploit,main/1[java.lang.String[]],false,22,2,1,0,1,1,6,9,0,6,1,6,1,1,0,0,0,0,1,4,6,1,0,0,0,0,15,9,0,false
C:\Users\sugii syuji\gitProject\ysoserial\src\test\java\ysoserial\payloads\PayloadsTest.java,ysoserial.payloads.PayloadsTest$Anonymous66,call/0,false,67,3,6,0,6,1,3,5,1,2,0,3,0,0,0,0,0,0,0,0,2,0,0,0,0,0,6,1,0,false
C:\Users\sugii syuji\gitProject\ysoserial\src\main\java\ysoserial\secmgr\ExecCheckingSecurityManager.java,ysoserial.secmgr.ExecCheckingSecurityManager$Anonymous60,call/0,false,61,0,6,0,6,1,1,4,1,0,0,1,0,0,0,0,0,0,0,0,0,0,0,0,0,0,4,1,0,false
C:\Users\sugii syuji\gitProject\ysoserial\src\main\java\ysoserial\payloads\Spring1.java,ysoserial.payloads.Spring1,getObject/1[java.lang.String],false,53,4,7,0,7,1,11,10,1,6,1,11,0,0,0,0,0,0,8,1,6,0,0,0,0,0,18,1,0,false
C:\Users\sugii syuji\gitProject\ysoserial\src\main\java\ysoserial\payloads\Spring1.java,ysoserial.payloads.Spring1,main/1[java.lang.String[]],false,74,2,1,0,1,1,1,3,0,0,1,1,0,0,0,0,0,0,0,0,0,0,0,0,0,0,3,9,0,false
C:\Users\sugii syuji\gitProject\ysoserial\src\main\java\ysoserial\payloads\CommonsCollections1.java,ysoserial.payloads.CommonsCollections1,getObject/1[java.lang.String],false,44,6,3,0,3,1,4,11,1,7,1,4,0,0,0,0,0,0,5,4,7,0,0,0,0,0,22,1,0,false
C:\Users\sugii syuji\gitProject\ysoserial\src\main\java\ysoserial\payloads\CommonsCollections1.java,ysoserial.payloads.CommonsCollections1,main/1[java.lang.String[]],false,75,2,1,0,1,1,1,3,0,0,1,1,0,0,0,0,0,0,0,0,0,0,0,0,0,0,3,9,0,false
C:\Users\sugii syuji\gitProject\ysoserial\src\main\java\ysoserial\exploit\RMIRegistryExploit.java,ysoserial.exploit.RMIRegistryExploit$Anonymous37,call/0,false,37,2,6,0,6,2,7,12,1,3,0,7,0,0,0,0,1,0,1,0,3,1,1,0,0,0,12,1,0,false
C:\Users\sugii syuji\gitProject\ysoserial\src\test\java\ysoserial\payloads\PayloadsTest.java,ysoserial.payloads.PayloadsTest$Anonymous98,(initializer 98),false,98,3,1,0,1,2,4,8,0,2,0,4,0,0,1,0,0,0,0,2,2,0,1,0,0,0,8,0,0,false
C:\Users\sugii syuji\gitProject\ysoserial\src\test\java\ysoserial\payloads\TestHarnessTest.java,ysoserial.payloads.TestHarnessTest,testHarnessClassLoaderFail/0,false,26,3,1,0,1,2,5,9,0,0,0,5,0,0,0,0,1,0,2,1,0,0,1,0,0,0,10,1,0,false
C:\Users\sugii syuji\gitProject\ysoserial\src\test\java\ysoserial\payloads\TestHarnessTest.java,ysoserial.payloads.TestHarnessTest,testHarnessExecFail/0,false,14,3,1,0,1,2,5,9,0,0,0,5,0,0,0,0,1,0,2,1,0,0,1,0,0,0,9,1,0,false
C:\Users\sugii syuji\gitProject\ysoserial\src\test\java\ysoserial\payloads\TestHarnessTest.java,ysoserial.payloads.TestHarnessTest,testHarnessExecPass/0,false,37,4,1,0,1,1,1,3,0,0,0,1,0,0,0,0,0,0,0,0,0,0,0,0,0,0,5,1,0,false
C:\Users\sugii syuji\gitProject\ysoserial\src\main\java\ysoserial\payloads\util\Gadgets.java,ysoserial.payloads.util.Gadgets,"createMap/2[java.lang.String,java.lang.Object]",false,69,0,2,2,0,1,1,5,1,1,2,1,0,0,0,0,0,0,0,0,1,0,0,0,0,0,5,9,0,false
C:\Users\sugii syuji\gitProject\ysoserial\src\main\java\ysoserial\payloads\util\Gadgets.java,ysoserial.payloads.util.Gadgets,(initializer 29),false,29,0,0,0,0,1,1,3,0,0,0,1,0,0,0,0,0,0,1,0,0,0,0,0,0,0,0,8,0,false
C:\Users\sugii syuji\gitProject\ysoserial\src\main\java\ysoserial\payloads\util\Gadgets.java,ysoserial.payloads.util.Gadgets,"createProxy/3[java.lang.reflect.InvocationHandler,java.lang.Class<T>,java.lang.Class<?>[]]",false,60,2,1,1,0,2,5,8,1,1,3,5,0,0,0,0,0,0,0,5,2,1,1,0,0,0,9,9,0,false
C:\Users\sugii syuji\gitProject\ysoserial\src\main\java\ysoserial\payloads\util\Gadgets.java,ysoserial.payloads.util.Gadgets,"createMemoitizedProxy/3[java.util.Map<java.lang.String,java.lang.Object>,java.lang.Class<T>,java.lang.Class<?>[]]",false,51,2,2,0,2,1,2,3,1,0,3,2,2,1,0,0,0,0,0,0,0,0,0,0,0,0,10,9,0,false
C:\Users\sugii syuji\gitProject\ysoserial\src\main\java\ysoserial\payloads\util\Gadgets.java,ysoserial.payloads.util.Gadgets,"createMemoizedInvocationHandler/1[java.util.Map<java.lang.String,java.lang.Object>]",false,56,1,5,4,1,1,2,3,1,0,1,2,0,0,0,0,0,0,0,0,0,0,0,0,0,0,18,9,0,false
C:\Users\sugii syuji\gitProject\ysoserial\src\main\java\ysoserial\payloads\util\Gadgets.java,ysoserial.payloads.util.Gadgets,createTemplatesImpl/1[java.lang.String],false,75,10,8,6,2,1,12,13,1,4,1,12,0,0,0,0,0,0,9,0,4,2,0,0,0,0,16,9,0,false
C:\Users\sugii syuji\gitProject\ysoserial\src\test\java\ysoserial\payloads\TestHarnessTest.java,ysoserial.payloads.TestHarnessTest$ExecMockSerializable,ExecMockSerializable/1[java.lang.String],true,56,0,1,1,0,1,0,3,0,0,1,0,0,0,0,0,0,0,0,0,1,0,0,0,0,0,4,1,0,false
C:\Users\sugii syuji\gitProject\ysoserial\src\test\java\ysoserial\payloads\TestHarnessTest.java,ysoserial.payloads.TestHarnessTest$ExecMockSerializable,readObject/1[java.io.ObjectInputStream],false,58,0,0,0,0,2,2,8,0,0,1,2,0,0,0,0,1,0,1,0,0,0,1,0,0,0,10,2,0,false
C:\Users\sugii syuji\gitProject\ysoserial\src\test\java\ysoserial\payloads\PayloadsTest.java,ysoserial.payloads.PayloadsTest,testPayload/0,false,58,2,1,0,1,1,1,3,0,0,0,1,1,1,0,0,0,0,0,1,0,0,0,0,0,0,3,1,0,false
C:\Users\sugii syuji\gitProject\ysoserial\src\test\java\ysoserial\payloads\PayloadsTest.java,ysoserial.payloads.PayloadsTest,payloads/0,false,45,5,1,0,1,1,4,5,1,1,0,4,0,0,0,0,0,0,1,1,1,0,0,0,0,0,6,9,0,false
C:\Users\sugii syuji\gitProject\ysoserial\src\test\java\ysoserial\payloads\PayloadsTest.java,ysoserial.payloads.PayloadsTest,"deserializeWithDependencies/3[byte[],java.lang.String[],java.lang.Class<?>[]]",false,91,2,2,1,1,3,11,22,1,7,3,11,0,0,1,0,0,0,1,4,8,0,1,1,0,0,23,10,0,false
C:\Users\sugii syuji\gitProject\ysoserial\src\test\java\ysoserial\payloads\PayloadsTest.java,ysoserial.payloads.PayloadsTest,PayloadsTest/1[java.lang.Class<? extends ysoserial.payloads.ObjectPayload<?>>],true,53,1,0,0,0,1,0,3,0,0,1,0,0,0,0,0,0,0,0,0,1,0,0,0,0,0,4,1,0,false
C:\Users\sugii syuji\gitProject\ysoserial\src\test\java\ysoserial\payloads\PayloadsTest.java,ysoserial.payloads.PayloadsTest,"testPayload/2[java.lang.Class<? extends ysoserial.payloads.ObjectPayload<?>>,java.lang.Class[]]",false,62,6,12,4,8,2,10,28,0,6,2,10,0,0,0,0,1,1,1,0,6,0,1,2,0,0,36,9,0,false
C:\Users\sugii syuji\gitProject\ysoserial\src\main\java\ysoserial\Deserializer.java,ysoserial.Deserializer,call/0,false,16,1,1,0,1,1,1,3,1,0,0,1,1,2,0,0,0,0,0,0,0,0,0,0,0,0,5,1,0,false
C:\Users\sugii syuji\gitProject\ysoserial\src\main\java\ysoserial\Deserializer.java,ysoserial.Deserializer,main/1[java.lang.String[]],false,30,1,1,0,1,2,1,4,0,2,1,1,1,1,0,1,0,0,0,2,2,0,0,0,0,0,12,9,0,false
C:\Users\sugii syuji\gitProject\ysoserial\src\main\java\ysoserial\Deserializer.java,ysoserial.Deserializer,deserialize/1[java.io.InputStream],false,25,0,2,2,0,1,1,4,1,1,1,1,0,0,0,0,0,0,0,0,1,0,0,0,0,0,10,9,0,false
C:\Users\sugii syuji\gitProject\ysoserial\src\main\java\ysoserial\Deserializer.java,ysoserial.Deserializer,deserialize/1[byte[]],false,20,2,3,2,1,1,1,4,1,1,1,1,1,1,0,0,0,0,0,0,1,0,0,0,0,0,12,9,0,false
C:\Users\sugii syuji\gitProject\ysoserial\src\main\java\ysoserial\Deserializer.java,ysoserial.Deserializer,Deserializer/1[byte[]],true,14,1,0,0,0,1,0,3,0,0,1,0,0,0,0,0,0,0,0,0,1,0,0,0,0,0,2,1,0,false
C:\Users\sugii syuji\gitProject\ysoserial\src\main\java\ysoserial\payloads\CommonsBeanutilsCollectionsLogging1.java,ysoserial.payloads.CommonsBeanutilsCollectionsLogging1,getObject/1[java.lang.String],false,19,4,3,0,3,1,4,12,1,4,1,4,0,0,0,0,0,0,6,3,6,0,0,0,0,0,14,1,0,false
C:\Users\sugii syuji\gitProject\ysoserial\src\main\java\ysoserial\payloads\CommonsBeanutilsCollectionsLogging1.java,ysoserial.payloads.CommonsBeanutilsCollectionsLogging1,main/1[java.lang.String[]],false,41,2,1,0,1,1,1,3,0,0,1,1,0,0,0,0,0,0,0,0,0,0,0,0,0,0,3,9,0,false
C:\Users\sugii syuji\gitProject\ysoserial\src\test\java\ysoserial\payloads\TestHarnessTest.java,ysoserial.payloads.TestHarnessTest$NoopMockPayload,getObject/1[java.lang.String],false,48,0,0,0,0,1,0,3,1,0,1,0,0,0,0,0,0,0,0,1,0,0,0,0,0,0,5,1,0,false
C:\Users\sugii syuji\gitProject\ysoserial\src\main\java\ysoserial\GeneratePayload.java,ysoserial.GeneratePayload$ToStringComparator,"compare/2[java.lang.Object,java.lang.Object]",false,61,0,0,0,0,1,2,3,1,0,2,2,0,0,0,0,0,0,0,0,0,0,0,0,0,0,3,1,0,false
C:\Users\sugii syuji\gitProject\ysoserial\src\main\java\ysoserial\payloads\annotation\Dependencies.java,ysoserial.payloads.annotation.Dependencies$Utils,getDependencies/1[java.lang.reflect.AnnotatedElement],false,15,1,3,2,1,3,2,9,2,1,1,2,0,0,0,2,0,0,0,1,1,0,1,0,0,0,7,9,0,false
C:\Users\sugii syuji\gitProject\ysoserial\src\main\java\ysoserial\secmgr\ExecCheckingSecurityManager.java,ysoserial.secmgr.ExecCheckingSecurityManager$ExecException,getThreadName/0,false,51,0,1,1,0,1,0,3,1,0,0,0,0,0,0,0,0,0,0,0,0,0,0,0,0,0,4,1,0,false
C:\Users\sugii syuji\gitProject\ysoserial\src\main\java\ysoserial\secmgr\ExecCheckingSecurityManager.java,ysoserial.secmgr.ExecCheckingSecurityManager$ExecException,getCmd/0,false,50,0,2,2,0,1,0,3,1,0,0,0,0,0,0,0,0,0,0,0,0,0,0,0,0,0,3,1,0,false
C:\Users\sugii syuji\gitProject\ysoserial\src\main\java\ysoserial\secmgr\ExecCheckingSecurityManager.java,ysoserial.secmgr.ExecCheckingSecurityManager$ExecException,getMessage/0,false,54,1,2,0,2,1,2,3,1,0,0,2,2,1,0,0,0,0,3,0,0,1,0,0,0,0,6,1,0,false
C:\Users\sugii syuji\gitProject\ysoserial\src\main\java\ysoserial\secmgr\ExecCheckingSecurityManager.java,ysoserial.secmgr.ExecCheckingSecurityManager$ExecException,ExecException/1[java.lang.String],true,49,0,2,2,0,1,0,3,0,0,1,0,0,0,0,0,0,0,0,0,1,0,0,0,0,0,3,1,0,false
C:\Users\sugii syuji\gitProject\ysoserial\src\main\java\ysoserial\payloads\util\ClassFiles.java,ysoserial.payloads.util.ClassFiles,classAsBytes/1[java.lang.Class<?>],false,25,2,3,2,1,4,6,19,1,5,1,6,1,2,1,2,1,1,2,3,5,1,2,0,0,0,22,9,0,false
C:\Users\sugii syuji\gitProject\ysoserial\src\main\java\ysoserial\payloads\util\ClassFiles.java,ysoserial.payloads.util.ClassFiles,"classAsFile/2[java.lang.Class<?>,boolean]",false,12,1,3,2,1,3,5,13,1,1,2,5,1,0,0,1,0,0,4,0,3,1,1,0,0,0,6,9,0,false
C:\Users\sugii syuji\gitProject\ysoserial\src\main\java\ysoserial\payloads\util\ClassFiles.java,ysoserial.payloads.util.ClassFiles,classAsFile/1[java.lang.Class<?>],false,8,1,2,1,1,1,1,3,1,0,1,1,1,1,0,0,0,0,0,0,0,0,0,0,0,0,4,9,0,false
C:\Users\sugii syuji\gitProject\ysoserial\src\main\java\ysoserial\payloads\ObjectPayload.java,ysoserial.payloads.ObjectPayload$Utils,getPayloadClass/1[java.lang.String],false,26,2,1,1,0,6,4,19,2,1,1,4,0,0,0,2,2,0,2,0,4,1,2,0,0,0,11,9,0,false
C:\Users\sugii syuji\gitProject\ysoserial\src\main\java\ysoserial\payloads\ObjectPayload.java,ysoserial.payloads.ObjectPayload$Utils,getPayloadClasses/0,false,18,2,2,2,0,1,3,5,1,2,0,3,0,0,0,0,0,0,0,0,2,0,0,0,0,0,8,9,0,false
C:\Users\sugii syuji\gitProject\ysoserial\src\main\java\ysoserial\payloads\util\Gadgets.java,ysoserial.payloads.util.Gadgets$StubTransletPayload,"transform/3[ysoserial.payloads.util.DOM,ysoserial.payloads.util.DTMAxisIterator,ysoserial.payloads.util.SerializationHandler]",false,43,3,0,0,0,1,0,2,0,0,3,0,0,0,0,0,0,0,0,0,0,0,0,0,0,0,7,1,0,false
C:\Users\sugii syuji\gitProject\ysoserial\src\main\java\ysoserial\payloads\util\Gadgets.java,ysoserial.payloads.util.Gadgets$StubTransletPayload,"transform/2[ysoserial.payloads.util.DOM,ysoserial.payloads.util.SerializationHandler[]]",false,40,2,0,0,0,1,0,2,0,0,2,0,0,0,0,0,0,0,0,0,0,0,0,0,0,0,7,1,0,false
C:\Users\sugii syuji\gitProject\ysoserial\src\main\java\ysoserial\secmgr\DelegateSecurityManager.java,ysoserial.secmgr.DelegateSecurityManager,"checkMulticast/2[java.net.InetAddress,byte]",false,139,1,1,0,1,1,2,3,0,0,2,2,1,1,0,0,0,0,0,0,0,0,0,0,0,0,8,1,0,false
C:\Users\sugii syuji\gitProject\ysoserial\src\main\java\ysoserial\secmgr\DelegateSecurityManager.java,ysoserial.secmgr.DelegateSecurityManager,checkAwtEventQueueAccess/0,false,175,1,1,0,1,1,2,3,0,0,0,2,1,1,0,0,0,0,0,0,0,0,0,0,0,0,8,1,0,false
C:\Users\sugii syuji\gitProject\ysoserial\src\main\java\ysoserial\secmgr\DelegateSecurityManager.java,ysoserial.secmgr.DelegateSecurityManager,getSecurityContext/0,false,24,1,1,0,1,1,2,3,1,0,0,2,1,1,0,0,0,0,0,0,0,0,0,0,0,0,5,1,0,false
C:\Users\sugii syuji\gitProject\ysoserial\src\main\java\ysoserial\secmgr\DelegateSecurityManager.java,ysoserial.secmgr.DelegateSecurityManager,checkPropertyAccess/1[java.lang.String],false,151,1,1,0,1,1,2,3,0,0,1,2,1,1,0,0,0,0,0,0,0,0,0,0,0,0,7,1,0,false
C:\Users\sugii syuji\gitProject\ysoserial\src\main\java\ysoserial\secmgr\DelegateSecurityManager.java,ysoserial.secmgr.DelegateSecurityManager,checkTopLevelWindow/1[java.lang.Object],false,157,1,1,0,1,1,2,3,1,0,1,2,1,1,0,0,0,0,0,0,0,0,0,0,0,0,9,1,0,false
C:\Users\sugii syuji\gitProject\ysoserial\src\main\java\ysoserial\secmgr\DelegateSecurityManager.java,ysoserial.secmgr.DelegateSecurityManager,checkDelete/1[java.lang.String],false,103,1,1,0,1,1,2,3,0,0,1,2,1,1,0,0,0,0,0,0,0,0,0,0,0,0,6,1,0,false
C:\Users\sugii syuji\gitProject\ysoserial\src\main\java\ysoserial\secmgr\DelegateSecurityManager.java,ysoserial.secmgr.DelegateSecurityManager,"checkAccept/2[java.lang.String,int]",false,127,1,1,0,1,1,2,3,0,0,2,2,1,1,0,0,0,0,0,0,0,0,0,0,0,0,6,1,0,false
C:\Users\sugii syuji\gitProject\ysoserial\src\main\java\ysoserial\secmgr\DelegateSecurityManager.java,ysoserial.secmgr.DelegateSecurityManager,checkExec/1[java.lang.String],false,61,1,1,0,1,1,2,3,0,0,1,2,1,1,0,0,0,0,0,0,0,0,0,0,0,0,6,1,0,false
C:\Users\sugii syuji\gitProject\ysoserial\src\main\java\ysoserial\secmgr\DelegateSecurityManager.java,ysoserial.secmgr.DelegateSecurityManager,"checkConnect/3[java.lang.String,int,java.lang.Object]",false,115,1,1,0,1,1,2,3,0,0,3,2,1,1,0,0,0,0,0,0,0,0,0,0,0,0,6,1,0,false
C:\Users\sugii syuji\gitProject\ysoserial\src\main\java\ysoserial\secmgr\DelegateSecurityManager.java,ysoserial.secmgr.DelegateSecurityManager,checkRead/1[java.lang.String],false,79,1,1,0,1,1,2,3,0,0,1,2,1,1,0,0,0,0,0,0,0,0,0,0,0,0,6,1,0,false
C:\Users\sugii syuji\gitProject\ysoserial\src\main\java\ysoserial\secmgr\DelegateSecurityManager.java,ysoserial.secmgr.DelegateSecurityManager,checkSetFactory/0,false,193,1,1,0,1,1,2,3,0,0,0,2,1,1,0,0,0,0,0,0,0,0,0,0,0,0,6,1,0,false
C:\Users\sugii syuji\gitProject\ysoserial\src\main\java\ysoserial\secmgr\DelegateSecurityManager.java,ysoserial.secmgr.DelegateSecurityManager,checkSecurityAccess/1[java.lang.String],false,205,1,1,0,1,1,2,3,0,0,1,2,1,1,0,0,0,0,0,0,0,0,0,0,0,0,6,1,0,false
C:\Users\sugii syuji\gitProject\ysoserial\src\main\java\ysoserial\secmgr\DelegateSecurityManager.java,ysoserial.secmgr.DelegateSecurityManager,checkWrite/1[java.io.FileDescriptor],false,91,1,1,0,1,1,2,3,0,0,1,2,1,1,0,0,0,0,0,0,0,0,0,0,0,0,8,1,0,false
C:\Users\sugii syuji\gitProject\ysoserial\src\main\java\ysoserial\secmgr\DelegateSecurityManager.java,ysoserial.secmgr.DelegateSecurityManager,checkSystemClipboardAccess/0,false,169,1,1,0,1,1,2,3,0,0,0,2,1,1,0,0,0,0,0,0,0,0,0,0,0,0,7,1,0,false
C:\Users\sugii syuji\gitProject\ysoserial\src\main\java\ysoserial\secmgr\DelegateSecurityManager.java,ysoserial.secmgr.DelegateSecurityManager,checkAccess/1[java.lang.Thread],false,44,1,1,0,1,1,2,3,0,0,1,2,1,1,0,0,0,0,0,0,0,0,0,0,0,0,7,1,0,false
C:\Users\sugii syuji\gitProject\ysoserial\src\main\java\ysoserial\secmgr\DelegateSecurityManager.java,ysoserial.secmgr.DelegateSecurityManager,checkListen/1[int],false,121,1,1,0,1,1,2,3,0,0,1,2,1,1,0,0,0,0,0,0,0,0,0,0,0,0,6,1,0,false
C:\Users\sugii syuji\gitProject\ysoserial\src\main\java\ysoserial\secmgr\DelegateSecurityManager.java,ysoserial.secmgr.DelegateSecurityManager,checkPrintJobAccess/0,false,163,1,1,0,1,1,2,3,0,0,0,2,1,1,0,0,0,0,0,0,0,0,0,0,0,0,7,1,0,false
C:\Users\sugii syuji\gitProject\ysoserial\src\main\java\ysoserial\secmgr\DelegateSecurityManager.java,ysoserial.secmgr.DelegateSecurityManager,checkWrite/1[java.lang.String],false,97,1,1,0,1,1,2,3,0,0,1,2,1,1,0,0,0,0,0,0,0,0,0,0,0,0,6,1,0,false
C:\Users\sugii syuji\gitProject\ysoserial\src\main\java\ysoserial\secmgr\DelegateSecurityManager.java,ysoserial.secmgr.DelegateSecurityManager,checkExit/1[int],false,55,1,1,0,1,1,2,3,0,0,1,2,1,1,0,0,0,0,0,0,0,0,0,0,0,0,6,1,0,false
C:\Users\sugii syuji\gitProject\ysoserial\src\main\java\ysoserial\secmgr\DelegateSecurityManager.java,ysoserial.secmgr.DelegateSecurityManager,checkMulticast/1[java.net.InetAddress],false,133,1,1,0,1,1,2,3,0,0,1,2,1,1,0,0,0,0,0,0,0,0,0,0,0,0,8,1,0,false
C:\Users\sugii syuji\gitProject\ysoserial\src\main\java\ysoserial\secmgr\DelegateSecurityManager.java,ysoserial.secmgr.DelegateSecurityManager,checkPermission/1[java.security.Permission],false,29,1,1,0,1,1,2,3,0,0,1,2,1,1,0,0,0,0,0,0,0,0,0,0,0,0,6,1,0,false
C:\Users\sugii syuji\gitProject\ysoserial\src\main\java\ysoserial\secmgr\DelegateSecurityManager.java,ysoserial.secmgr.DelegateSecurityManager,"checkPermission/2[java.security.Permission,java.lang.Object]",false,34,1,1,0,1,1,2,3,0,0,2,2,1,1,0,0,0,0,0,0,0,0,0,0,0,0,6,1,0,false
C:\Users\sugii syuji\gitProject\ysoserial\src\main\java\ysoserial\secmgr\DelegateSecurityManager.java,ysoserial.secmgr.DelegateSecurityManager,checkCreateClassLoader/0,false,39,1,1,0,1,1,2,3,0,0,0,2,1,1,0,0,0,0,0,0,0,0,0,0,0,0,7,1,0,false
C:\Users\sugii syuji\gitProject\ysoserial\src\main\java\ysoserial\secmgr\DelegateSecurityManager.java,ysoserial.secmgr.DelegateSecurityManager,getThreadGroup/0,false,211,1,1,0,1,1,2,3,1,0,0,2,1,1,0,0,0,0,0,0,0,0,0,0,0,0,5,1,0,false
C:\Users\sugii syuji\gitProject\ysoserial\src\main\java\ysoserial\secmgr\DelegateSecurityManager.java,ysoserial.secmgr.DelegateSecurityManager,"checkMemberAccess/2[java.lang.Class<?>,int]",false,199,1,1,0,1,1,2,3,0,0,2,2,1,1,0,0,0,0,0,0,0,0,0,0,0,0,7,1,0,false
C:\Users\sugii syuji\gitProject\ysoserial\src\main\java\ysoserial\secmgr\DelegateSecurityManager.java,ysoserial.secmgr.DelegateSecurityManager,getSecurityManager/0,false,10,0,34,34,0,1,0,3,1,0,0,0,0,0,0,0,0,0,0,0,0,0,0,0,0,0,4,1,0,false
C:\Users\sugii syuji\gitProject\ysoserial\src\main\java\ysoserial\secmgr\DelegateSecurityManager.java,ysoserial.secmgr.DelegateSecurityManager,"checkConnect/2[java.lang.String,int]",false,109,1,1,0,1,1,2,3,0,0,2,2,1,1,0,0,0,0,0,0,0,0,0,0,0,0,6,1,0,false
C:\Users\sugii syuji\gitProject\ysoserial\src\main\java\ysoserial\secmgr\DelegateSecurityManager.java,ysoserial.secmgr.DelegateSecurityManager,setSecurityManager/1[java.lang.SecurityManager],false,14,0,0,0,0,1,0,3,0,0,1,0,0,0,0,0,0,0,0,0,1,0,0,0,0,0,4,1,0,false
C:\Users\sugii syuji\gitProject\ysoserial\src\main\java\ysoserial\secmgr\DelegateSecurityManager.java,ysoserial.secmgr.DelegateSecurityManager,"checkRead/2[java.lang.String,java.lang.Object]",false,85,1,1,0,1,1,2,3,0,0,2,2,1,1,0,0,0,0,0,0,0,0,0,0,0,0,6,1,0,false
C:\Users\sugii syuji\gitProject\ysoserial\src\main\java\ysoserial\secmgr\DelegateSecurityManager.java,ysoserial.secmgr.DelegateSecurityManager,checkPropertiesAccess/0,false,145,1,1,0,1,1,2,3,0,0,0,2,1,1,0,0,0,0,0,0,0,0,0,0,0,0,6,1,0,false
C:\Users\sugii syuji\gitProject\ysoserial\src\main\java\ysoserial\secmgr\DelegateSecurityManager.java,ysoserial.secmgr.DelegateSecurityManager,checkLink/1[java.lang.String],false,67,1,1,0,1,1,2,3,0,0,1,2,1,1,0,0,0,0,0,0,0,0,0,0,0,0,6,1,0,false
C:\Users\sugii syuji\gitProject\ysoserial\src\main\java\ysoserial\secmgr\DelegateSecurityManager.java,ysoserial.secmgr.DelegateSecurityManager,checkRead/1[java.io.FileDescriptor],false,73,1,1,0,1,1,2,3,0,0,1,2,1,1,0,0,0,0,0,0,0,0,0,0,0,0,8,1,0,false
C:\Users\sugii syuji\gitProject\ysoserial\src\main\java\ysoserial\secmgr\DelegateSecurityManager.java,ysoserial.secmgr.DelegateSecurityManager,getInCheck/0,false,19,1,1,0,1,1,2,3,1,0,0,2,1,1,0,0,0,0,0,0,0,0,0,0,0,0,5,1,0,false
C:\Users\sugii syuji\gitProject\ysoserial\src\main\java\ysoserial\secmgr\DelegateSecurityManager.java,ysoserial.secmgr.DelegateSecurityManager,checkPackageDefinition/1[java.lang.String],false,187,1,1,0,1,1,2,3,0,0,1,2,1,1,0,0,0,0,0,0,0,0,0,0,0,0,7,1,0,false
C:\Users\sugii syuji\gitProject\ysoserial\src\main\java\ysoserial\secmgr\DelegateSecurityManager.java,ysoserial.secmgr.DelegateSecurityManager,checkAccess/1[java.lang.ThreadGroup],false,49,1,1,0,1,1,2,3,0,0,1,2,1,1,0,0,0,0,0,0,0,0,0,0,0,0,8,1,0,false
C:\Users\sugii syuji\gitProject\ysoserial\src\main\java\ysoserial\secmgr\DelegateSecurityManager.java,ysoserial.secmgr.DelegateSecurityManager,checkPackageAccess/1[java.lang.String],false,181,1,1,0,1,1,2,3,0,0,1,2,1,1,0,0,0,0,0,0,0,0,0,0,0,0,7,1,0,false
C:\Users\sugii syuji\gitProject\ysoserial\src\main\java\ysoserial\secmgr\ThreadLocalSecurityManager.java,ysoserial.secmgr.ThreadLocalSecurityManager,getSecurityManager/0,false,22,0,1,1,0,1,1,3,1,0,0,1,0,0,0,0,0,0,0,0,0,0,0,0,0,0,3,1,0,false
C:\Users\sugii syuji\gitProject\ysoserial\src\main\java\ysoserial\secmgr\ThreadLocalSecurityManager.java,ysoserial.secmgr.ThreadLocalSecurityManager,setSecurityManager/1[java.lang.SecurityManager],false,17,0,1,1,0,1,1,3,0,0,1,1,0,0,0,0,0,0,0,0,0,0,0,0,0,0,4,1,0,false
C:\Users\sugii syuji\gitProject\ysoserial\src\main\java\ysoserial\secmgr\ThreadLocalSecurityManager.java,ysoserial.secmgr.ThreadLocalSecurityManager,install/0,false,12,0,0,0,0,1,1,3,0,0,0,1,0,0,0,0,0,0,0,0,0,0,0,0,0,0,1,1,0,false
C:\Users\sugii syuji\gitProject\ysoserial\src\main\java\ysoserial\secmgr\ThreadLocalSecurityManager.java,ysoserial.secmgr.ThreadLocalSecurityManager,"wrap/2[java.lang.SecurityManager,java.util.concurrent.Callable<V>]",false,26,2,2,0,2,1,3,10,1,1,2,3,2,1,0,0,1,0,0,0,1,0,1,0,0,0,10,1,0,false
C:\Users\sugii syuji\gitProject\ysoserial\src\test\java\ysoserial\Throwables.java,ysoserial.Throwables,getInnermostCause/1[java.lang.Throwable],false,4,1,3,2,1,3,2,4,1,1,1,2,1,0,0,2,0,0,0,0,1,0,0,0,0,0,7,9,0,false
C:\Users\sugii syuji\gitProject\ysoserial\src\main\java\ysoserial\payloads\Groovy1.java,ysoserial.payloads.Groovy1,getObject/1[java.lang.String],false,32,3,2,0,2,1,2,6,1,3,1,2,0,0,0,0,0,0,2,0,3,0,0,0,0,0,13,1,0,false
C:\Users\sugii syuji\gitProject\ysoserial\src\main\java\ysoserial\payloads\Groovy1.java,ysoserial.payloads.Groovy1,main/1[java.lang.String[]],false,42,2,1,0,1,1,1,3,0,0,1,1,0,0,0,0,0,0,0,0,0,0,0,0,0,0,3,9,0,false
C:\Users\sugii syuji\gitProject\ysoserial\src\test\java\ysoserial\payloads\TestHarnessTest.java,ysoserial.payloads.TestHarnessTest$ExecMockPayload,getObject/1[java.lang.String],false,42,1,1,0,1,1,0,3,1,0,1,0,0,0,0,0,0,0,0,0,0,0,0,0,0,0,7,1,0,false
C:\Users\sugii syuji\gitProject\ysoserial\src\main\java\ysoserial\Serializer.java,ysoserial.Serializer,call/0,false,15,2,1,0,1,1,1,3,1,0,0,1,1,2,0,0,0,0,0,0,0,0,0,0,0,0,4,1,0,false
C:\Users\sugii syuji\gitProject\ysoserial\src\main\java\ysoserial\Serializer.java,ysoserial.Serializer,Serializer/1[java.lang.Object],true,11,0,0,0,0,1,0,3,0,0,1,0,0,0,0,0,0,0,0,0,1,0,0,0,0,0,3,1,0,false
C:\Users\sugii syuji\gitProject\ysoserial\src\main\java\ysoserial\Serializer.java,ysoserial.Serializer,serialize/1[java.lang.Object],false,19,2,3,2,1,1,2,5,1,1,1,2,1,1,0,0,0,0,0,0,1,0,0,0,0,0,11,9,0,false
C:\Users\sugii syuji\gitProject\ysoserial\src\main\java\ysoserial\Serializer.java,ysoserial.Serializer,"serialize/2[java.lang.Object,java.io.OutputStream]",false,25,0,2,2,0,1,1,4,0,1,2,1,0,0,0,0,0,0,0,0,1,0,0,0,0,0,10,9,0,false
C:\Users\sugii syuji\gitProject\ysoserial\src\main\java\ysoserial\GeneratePayload.java,ysoserial.GeneratePayload,printUsage/0,false,48,3,4,1,3,2,6,10,0,1,0,6,0,0,1,0,0,0,5,0,1,1,1,0,0,0,16,10,0,false
C:\Users\sugii syuji\gitProject\ysoserial\src\main\java\ysoserial\GeneratePayload.java,ysoserial.GeneratePayload,main/1[java.lang.String[]],false,20,4,4,0,4,4,8,26,0,6,1,8,1,1,0,2,1,0,3,4,6,1,1,0,0,0,35,9,0,false
C:\Users\sugii syuji\gitProject\ysoserial\src\main\java\ysoserial\payloads\util\Reflections.java,ysoserial.payloads.util.Reflections,getFirstCtor/1[java.lang.String],false,27,0,3,3,0,1,3,5,1,1,1,3,0,0,0,0,0,0,0,1,1,0,0,0,0,0,7,9,0,false
C:\Users\sugii syuji\gitProject\ysoserial\src\main\java\ysoserial\payloads\util\Reflections.java,ysoserial.payloads.util.Reflections,"getFieldValue/2[java.lang.Object,java.lang.String]",false,22,1,4,3,1,1,3,4,1,1,2,3,1,1,0,0,0,0,0,0,1,0,0,0,0,0,8,9,0,false
C:\Users\sugii syuji\gitProject\ysoserial\src\main\java\ysoserial\payloads\util\Reflections.java,ysoserial.payloads.util.Reflections,"setFieldValue/3[java.lang.Object,java.lang.String,java.lang.Object]",false,17,1,9,8,1,1,3,4,0,1,3,3,1,1,0,0,0,0,0,0,1,0,0,0,0,0,8,9,0,false
C:\Users\sugii syuji\gitProject\ysoserial\src\main\java\ysoserial\payloads\util\Reflections.java,ysoserial.payloads.util.Reflections,"getField/2[java.lang.Class<?>,java.lang.String]",false,8,1,4,3,1,3,4,8,1,1,2,4,1,0,0,2,0,0,0,0,2,0,1,0,0,0,7,9,0,false
C:\Users\sugii syuji\gitProject\ysoserial\src\main\java\ysoserial\payloads\util\PayloadRunner.java,ysoserial.payloads.util.PayloadRunner$Anonymous19,call/0,false,20,3,6,0,6,3,4,7,1,2,0,4,0,0,0,1,0,0,4,3,2,1,0,0,0,0,10,1,0,false
C:\Users\sugii syuji\gitProject\ysoserial\src\main\java\ysoserial\secmgr\ExecCheckingSecurityManager.java,ysoserial.secmgr.ExecCheckingSecurityManager,"checkPermission/2[java.security.Permission,java.lang.Object]",false,30,0,0,0,0,1,0,2,0,0,2,0,0,0,0,0,0,0,0,0,0,0,0,0,0,0,4,1,0,false
C:\Users\sugii syuji\gitProject\ysoserial\src\main\java\ysoserial\secmgr\ExecCheckingSecurityManager.java,ysoserial.secmgr.ExecCheckingSecurityManager,wrap/1[java.lang.Runnable],false,59,1,2,0,2,1,1,9,0,0,1,1,0,0,0,0,0,0,0,0,0,0,0,1,0,0,7,1,0,false
C:\Users\sugii syuji\gitProject\ysoserial\src\main\java\ysoserial\secmgr\ExecCheckingSecurityManager.java,ysoserial.secmgr.ExecCheckingSecurityManager,wrap/1[java.util.concurrent.Callable<T>],false,68,3,2,0,2,7,6,22,1,2,1,6,1,1,0,0,1,1,0,2,2,0,2,0,0,0,13,1,0,false
C:\Users\sugii syuji\gitProject\ysoserial\src\main\java\ysoserial\secmgr\ExecCheckingSecurityManager.java,ysoserial.secmgr.ExecCheckingSecurityManager,ExecCheckingSecurityManager/1[boolean],true,14,0,0,0,0,1,0,3,0,0,1,0,0,0,0,0,0,0,0,0,1,0,0,0,0,0,6,1,0,false
C:\Users\sugii syuji\gitProject\ysoserial\src\main\java\ysoserial\secmgr\ExecCheckingSecurityManager.java,ysoserial.secmgr.ExecCheckingSecurityManager,getCmds/0,false,22,0,2,2,0,1,1,3,1,0,0,1,0,0,0,0,0,0,0,0,0,0,0,0,0,0,3,1,0,false
C:\Users\sugii syuji\gitProject\ysoserial\src\main\java\ysoserial\secmgr\ExecCheckingSecurityManager.java,ysoserial.secmgr.ExecCheckingSecurityManager,checkPermission/1[java.security.Permission],false,27,0,0,0,0,1,0,2,0,0,1,0,0,0,0,0,0,0,0,0,0,0,0,0,0,0,3,1,0,false
C:\Users\sugii syuji\gitProject\ysoserial\src\main\java\ysoserial\secmgr\ExecCheckingSecurityManager.java,ysoserial.secmgr.ExecCheckingSecurityManager,checkExec/1[java.lang.String],false,33,1,1,0,1,2,2,7,0,0,1,2,0,0,0,0,0,0,0,0,0,0,1,0,0,0,5,1,0,false
C:\Users\sugii syuji\gitProject\ysoserial\src\main\java\ysoserial\secmgr\ExecCheckingSecurityManager.java,ysoserial.secmgr.ExecCheckingSecurityManager,ExecCheckingSecurityManager/0,true,10,0,3,3,0,1,0,3,0,0,0,0,0,0,0,0,0,0,0,0,0,0,0,0,0,0,5,1,0,false
C:\Users\sugii syuji\gitProject\ysoserial\src\test\java\ysoserial\exploit\RMIRegistryExploitTest.java,ysoserial.exploit.RMIRegistryExploitTest,createRegistry/1[int],false,8,0,1,1,0,1,1,3,0,1,1,1,0,0,0,0,0,0,0,0,1,0,0,0,0,0,6,9,0,false
C:\Users\sugii syuji\gitProject\ysoserial\src\test\java\ysoserial\exploit\RMIRegistryExploitTest.java,ysoserial.exploit.RMIRegistryExploitTest,main/1[java.lang.String[]],false,12,1,1,0,1,4,3,6,0,2,1,3,1,1,1,1,0,0,1,4,2,0,1,0,0,0,10,9,0,false
C:\Users\sugii syuji\gitProject\ysoserial\src\main\java\ysoserial\payloads\Jdk7u21.java,ysoserial.payloads.Jdk7u21,main/1[java.lang.String[]],false,82,2,1,0,1,1,1,3,0,0,1,1,0,0,0,0,0,0,0,0,0,0,0,0,0,0,3,9,0,false
C:\Users\sugii syuji\gitProject\ysoserial\src\main\java\ysoserial\payloads\Jdk7u21.java,ysoserial.payloads.Jdk7u21,getObject/1[java.lang.String],false,58,3,4,0,4,1,7,16,1,6,1,7,0,0,0,0,0,0,5,0,6,0,0,0,0,0,20,1,0,false
