file,class,type,dit_x,fanin_x,fanout_x,lcc_x,lcom*_x,loc_x,noc_x,rfc_x,innerClassesQty_x,totalFieldsQty_x,totalMethodsQty_x,wmc_x,NprotM_x,BOvR_x,ATFD_x,ATLD_x,LAA_x,BUR_x,FDP_x,line_x,dit_y,fanin_y,fanout_y,lcc_y,lcom*_y,loc_y,noc_y,rfc_y,innerClassesQty_y,totalFieldsQty_y,totalMethodsQty_y,wmc_y,NprotM_y,BOvR_y,ATFD_y,ATLD_y,LAA_y,BUR_y,FDP_y,line_y,GodClass
C:\Users\syuuj\gitProject\nanohttpd\core\src\test\java\fi\iki\elonen\MimeTest.java,fi.iki.elonen.MimeTest,class,1,0,2,0.0,0.0,16,0,6,0,0,4,4,0.0,-1.0,5.0,0.0,0.0,-1.0,2.0,39,1.0,0.0,2.0,0.0,0.0,16.0,0.0,6.0,0.0,0.0,4.0,4.0,0.0,-1.0,5.0,0.0,0.0,-1.0,2.0,39.0,0.0
C:\Users\syuuj\gitProject\nanohttpd\nanolets\src\main\java\fi\iki\elonen\router\RouterNanoHTTPD.java,fi.iki.elonen.router.RouterNanoHTTPD.NotImplementedHandler,innerclass,3,0,3,0.0,0.0,11,0,0,0,0,3,3,0.0,1.0,1.0,0.0,0.0,-1.0,1.0,288,3.0,0.0,3.0,0.0,0.0,11.0,0.0,0.0,0.0,0.0,3.0,3.0,0.0,1.0,1.0,0.0,0.0,-1.0,1.0,286.0,0.0
C:\Users\syuuj\gitProject\nanohttpd\websocket\src\main\java\fi\iki\elonen\NanoWSD.java,fi.iki.elonen.NanoWSD.WebSocketException,innerclass,4,0,1,0.6,0.59999996,22,0,1,0,3,5,5,0.0,0.0,1.0,4.0,0.8,-1.0,1.0,277,4.0,0.0,1.0,0.6,0.59999996,22.0,0.0,1.0,0.0,3.0,5.0,5.0,0.0,0.0,1.0,4.0,0.8,-1.0,1.0,276.0,0.0
C:\Users\syuuj\gitProject\nanohttpd\websocket\src\main\java\fi\iki\elonen\samples\echo\DebugWebSocketServer.java,fi.iki.elonen.samples.echo.DebugWebSocketServer.DebugWebSocket,innerclass,2,0,5,0.0,0.375,41,0,5,0,1,8,17,7.0,1.0,6.0,1.0,0.14285715,0.0,3.0,65,2.0,0.0,5.0,0.0,0.375,41.0,0.0,5.0,0.0,1.0,8.0,17.0,7.0,1.0,6.0,1.0,0.14285715,0.0,3.0,65.0,0.0
C:\Users\syuuj\gitProject\nanohttpd\core\src\test\java\fi\iki\elonen\HttpHeadRequestTest.java,fi.iki.elonen.HttpHeadRequestTest,class,2,0,3,0.0,0.0,123,0,11,0,0,17,17,7.0,0.05882353,86.0,17.0,0.16504854,0.2857143,5.0,45,2.0,0.0,3.0,0.0,0.0,107.0,0.0,11.0,0.0,0.0,16.0,16.0,7.0,0.0625,63.0,16.0,0.20253165,0.2857143,5.0,45.0,0.0
C:\Users\syuuj\gitProject\nanohttpd\samples\src\main\java\fi\iki\elonen\HelloServer.java,fi.iki.elonen.HelloServer,class,2,1,6,0.0,0.6666667,24,0,9,0,1,3,4,0.0,0.0,5.0,1.0,0.16666667,-1.0,2.0,44,2.0,1.0,6.0,0.0,0.6666667,24.0,0.0,9.0,0.0,1.0,3.0,4.0,0.0,0.0,5.0,1.0,0.16666667,-1.0,2.0,44.0,0.0
C:\Users\syuuj\gitProject\nanohttpd\websocket\src\main\java\fi\iki\elonen\NanoWSD.java,fi.iki.elonen.NanoWSD.State,enum,1,0,0,-1.0,0.0,1,0,0,0,0,0,0,0.0,0.0,0.0,0.0,-1.0,-1.0,0.0,57,1.0,0.0,0.0,-1.0,0.0,1.0,0.0,0.0,0.0,0.0,0.0,0.0,0.0,0.0,0.0,0.0,-1.0,-1.0,0.0,57.0,0.0
C:\Users\syuuj\gitProject\nanohttpd\nanolets\src\main\java\fi\iki\elonen\router\RouterNanoHTTPD.java,fi.iki.elonen.router.RouterNanoHTTPD.IndexHandler,innerclass,3,0,3,0.0,0.0,11,0,0,0,0,3,3,0.0,1.0,1.0,0.0,0.0,-1.0,1.0,270,3.0,0.0,3.0,0.0,0.0,11.0,0.0,0.0,0.0,0.0,3.0,3.0,0.0,1.0,1.0,0.0,0.0,-1.0,1.0,268.0,0.0
C:\Users\syuuj\gitProject\nanohttpd\nanolets\src\main\java\fi\iki\elonen\router\RouterNanoHTTPD.java,fi.iki.elonen.router.RouterNanoHTTPD.UriResource,innerclass,1,0,7,1.0,0.7777778,122,0,40,0,9,12,29,0.0,-1.0,16.0,21.0,0.5675676,-1.0,10.0,319,1.0,0.0,7.0,1.0,0.76543206,102.0,0.0,40.0,0.0,9.0,9.0,23.0,0.0,-1.0,16.0,16.0,0.5,-1.0,10.0,317.0,0.0
C:\Users\syuuj\gitProject\nanohttpd\samples\src\main\java\fi\iki\elonen\TempFilesServer.java,fi.iki.elonen.TempFilesServer.ExampleManagerFactory,innerclass,1,0,3,,0.0,5,0,0,0,0,1,1,0.0,-1.0,0.0,0.0,-1.0,-1.0,0.0,83,1.0,0.0,3.0,,0.0,5.0,0.0,0.0,0.0,0.0,1.0,1.0,0.0,-1.0,0.0,0.0,-1.0,-1.0,0.0,83.0,0.0
C:\Users\syuuj\gitProject\nanohttpd\fileupload\src\main\java\fi\iki\elonen\NanoFileUpload.java,fi.iki.elonen.NanoFileUpload,class,2,2,8,0.0,0.0,46,0,5,1,0,5,6,0.0,0.0,4.0,0.0,0.0,-1.0,3.0,54,2.0,2.0,8.0,0.0,0.0,46.0,0.0,5.0,1.0,0.0,5.0,6.0,0.0,0.0,4.0,0.0,0.0,-1.0,3.0,54.0,0.0
C:\Users\syuuj\gitProject\nanohttpd\core\src\test\java\fi\iki\elonen\integration\ShutdownTest.java,fi.iki.elonen.integration.ShutdownTest.TestServer,innerclass,2,0,3,0.0,0.0,8,0,1,0,0,2,2,8.0,1.0,0.0,0.0,-1.0,0.0,0.0,50,2.0,0.0,3.0,0.0,0.0,8.0,0.0,1.0,0.0,0.0,2.0,2.0,8.0,1.0,0.0,0.0,-1.0,0.0,0.0,50.0,0.0
C:\Users\syuuj\gitProject\nanohttpd\core\src\main\java\fi\iki\elonen\NanoHTTPD.java,fi.iki.elonen.NanoHTTPD.DefaultTempFileManagerFactory,innerclass,1,0,3,,0.0,5,0,0,0,0,1,1,0.0,-1.0,0.0,0.0,-1.0,-1.0,0.0,465,1.0,0.0,3.0,,0.0,5.0,0.0,0.0,0.0,0.0,1.0,1.0,0.0,-1.0,0.0,0.0,-1.0,-1.0,0.0,465.0,0.0
C:\Users\syuuj\gitProject\nanohttpd\core\src\test\java\fi\iki\elonen\BadRequestTest.java,fi.iki.elonen.BadRequestTest,class,2,0,2,0.0,0.0,17,0,2,0,0,3,3,7.0,0.0,0.0,0.0,-1.0,0.2857143,0.0,41,2.0,0.0,2.0,0.0,0.0,17.0,0.0,2.0,0.0,0.0,3.0,3.0,7.0,0.0,0.0,0.0,-1.0,0.2857143,0.0,41.0,0.0
C:\Users\syuuj\gitProject\nanohttpd\core\src\test\java\fi\iki\elonen\integration\CookieIntegrationTest.java,fi.iki.elonen.integration.CookieIntegrationTest.CookieTestServer,innerclass,2,0,5,0.0,0.5,17,0,5,0,2,2,4,8.0,1.0,2.0,1.0,0.33333334,0.0,2.0,57,2.0,0.0,5.0,0.0,0.5,17.0,0.0,5.0,0.0,2.0,2.0,4.0,8.0,1.0,2.0,1.0,0.33333334,0.0,2.0,57.0,0.0
C:\Users\syuuj\gitProject\nanohttpd\core\src\test\java\fi\iki\elonen\ServerSocketFactoryTest.java,fi.iki.elonen.ServerSocketFactoryTest,class,2,0,5,0.0,0.75,44,0,7,1,1,4,8,8.0,0.0,5.0,1.0,0.16666667,0.0,3.0,47,2.0,0.0,5.0,0.0,0.75,44.0,0.0,7.0,1.0,1.0,4.0,8.0,8.0,0.0,5.0,1.0,0.16666667,0.0,3.0,47.0,0.0
C:\Users\syuuj\gitProject\nanohttpd\nanolets\src\main\java\fi\iki\elonen\router\RouterNanoHTTPD.java,fi.iki.elonen.router.RouterNanoHTTPD.DefaultStreamHandler,innerclass,1,0,7,0.0,0.0,20,0,5,0,0,8,8,0.0,-1.0,0.0,7.0,1.0,-1.0,0.0,87,1.0,0.0,7.0,0.0,0.0,20.0,0.0,5.0,0.0,0.0,8.0,8.0,0.0,-1.0,0.0,7.0,1.0,-1.0,0.0,85.0,0.0
C:\Users\syuuj\gitProject\nanohttpd\websocket\src\main\java\fi\iki\elonen\NanoWSD.java,fi.iki.elonen.NanoWSD.WebSocket.1,anonymous,1,0,1,,0.0,10,0,3,0,0,1,1,0.0,0.0,5.0,0.0,0.0,-1.0,2.0,79,1.0,0.0,1.0,,0.0,10.0,0.0,3.0,0.0,0.0,1.0,1.0,0.0,0.0,5.0,0.0,0.0,-1.0,2.0,79.0,0.0
C:\Users\syuuj\gitProject\nanohttpd\core\src\test\java\fi\iki\elonen\integration\GZipIntegrationTest.java,fi.iki.elonen.integration.GZipIntegrationTest.TestServer,innerclass,2,0,3,0.0,0.6666667,12,0,0,0,1,3,3,8.0,1.0,0.0,1.0,1.0,0.0,0.0,58,2.0,0.0,3.0,0.0,0.6666667,12.0,0.0,0.0,0.0,1.0,3.0,3.0,8.0,1.0,0.0,1.0,1.0,0.0,0.0,58.0,0.0
C:\Users\syuuj\gitProject\nanohttpd\websocket\src\test\java\fi\iki\elonen\samples\echo\EchoWebSocketsTest.java,fi.iki.elonen.samples.echo.EchoWebSocketsTest.1,anonymous,1,0,1,,0.0,11,0,3,0,0,1,2,0.0,-1.0,1.0,0.0,0.0,-1.0,1.0,75,1.0,0.0,1.0,,0.0,11.0,0.0,3.0,0.0,0.0,1.0,2.0,0.0,-1.0,1.0,0.0,0.0,-1.0,1.0,75.0,0.0
C:\Users\syuuj\gitProject\nanohttpd\core\src\test\java\fi\iki\elonen\HttpSessionTest.java,fi.iki.elonen.HttpSessionTest,class,2,0,5,0.0,0.0,25,0,6,0,2,3,3,7.0,0.0,9.0,3.0,0.25,0.0,3.0,45,2.0,0.0,5.0,0.0,0.0,25.0,0.0,6.0,0.0,2.0,3.0,3.0,7.0,0.0,9.0,3.0,0.25,0.0,3.0,45.0,0.0
C:\Users\syuuj\gitProject\nanohttpd\core\src\test\java\fi\iki\elonen\ServerSocketFactoryTest.java,fi.iki.elonen.ServerSocketFactoryTest.TestFactory,innerclass,1,0,1,,0.0,11,0,1,0,0,1,2,0.0,-1.0,0.0,0.0,-1.0,-1.0,0.0,90,1.0,0.0,1.0,,0.0,11.0,0.0,1.0,0.0,0.0,1.0,2.0,0.0,-1.0,0.0,0.0,-1.0,-1.0,0.0,90.0,0.0
C:\Users\syuuj\gitProject\nanohttpd\core\src\main\java\fi\iki\elonen\NanoHTTPD.java,fi.iki.elonen.NanoHTTPD.DefaultServerSocketFactory,innerclass,1,0,1,,0.0,5,0,0,0,0,1,1,0.0,-1.0,0.0,0.0,-1.0,-1.0,0.0,476,1.0,0.0,1.0,,0.0,5.0,0.0,0.0,0.0,0.0,1.0,1.0,0.0,-1.0,0.0,0.0,-1.0,-1.0,0.0,476.0,0.0
C:\Users\syuuj\gitProject\nanohttpd\webserver\src\test\java\fi\iki\elonen\TestCorsHttpServer.java,fi.iki.elonen.TestCorsHttpServer,class,2,0,9,0.06666667,0.6666667,67,0,23,0,2,6,6,2.0,0.0,37.0,3.0,0.075,0.5,6.0,57,2.0,0.0,9.0,0.06666667,0.6666667,67.0,0.0,23.0,0.0,2.0,6.0,6.0,2.0,0.0,37.0,3.0,0.075,0.5,6.0,57.0,0.0
C:\Users\syuuj\gitProject\nanohttpd\core\src\main\java\fi\iki\elonen\NanoHTTPD.java,fi.iki.elonen.NanoHTTPD.DefaultAsyncRunner,innerclass,1,0,2,1.0,0.375,23,0,7,0,2,4,5,0.0,-1.0,2.0,4.0,0.6666667,-1.0,1.0,343,1.0,0.0,2.0,1.0,0.375,23.0,0.0,7.0,0.0,2.0,4.0,5.0,0.0,-1.0,2.0,4.0,0.6666667,-1.0,1.0,343.0,0.0
C:\Users\syuuj\gitProject\nanohttpd\core\src\test\java\fi\iki\elonen\LoadKeyStoreTest.java,fi.iki.elonen.LoadKeyStoreTest,class,1,0,4,0.33333334,0.33333334,24,0,8,0,1,3,3,0.0,-1.0,8.0,0.0,0.0,-1.0,3.0,47,1.0,0.0,4.0,0.33333334,0.33333334,24.0,0.0,8.0,0.0,1.0,3.0,3.0,0.0,-1.0,8.0,0.0,0.0,-1.0,3.0,47.0,0.0
C:\Users\syuuj\gitProject\nanohttpd\core\src\main\java\fi\iki\elonen\NanoHTTPD.java,fi.iki.elonen.NanoHTTPD.TempFile,interface,1,0,0,0.0,0.0,5,0,0,0,0,3,3,0.0,-1.0,0.0,0.0,-1.0,-1.0,0.0,1790,1.0,0.0,0.0,0.0,0.0,5.0,0.0,0.0,0.0,0.0,3.0,3.0,0.0,-1.0,0.0,0.0,-1.0,-1.0,0.0,1716.0,0.0
C:\Users\syuuj\gitProject\nanohttpd\core\src\test\java\fi\iki\elonen\HttpKeepAliveTest.java,fi.iki.elonen.HttpKeepAliveTest.1,anonymous,1,0,4,,0.0,38,0,11,0,0,1,4,0.0,-1.0,4.0,0.0,0.0,-1.0,3.0,88,1.0,0.0,4.0,,0.0,38.0,0.0,11.0,0.0,0.0,1.0,4.0,0.0,-1.0,4.0,0.0,0.0,-1.0,3.0,88.0,0.0
C:\Users\syuuj\gitProject\nanohttpd\core\src\main\java\fi\iki\elonen\NanoHTTPD.java,fi.iki.elonen.NanoHTTPD.Response,innerclass,3,0,7,0.6315789,0.8521739,228,0,34,3,10,23,51,0.0,-1.0,11.0,43.0,0.7962963,-1.0,9.0,1327,3.0,0.0,7.0,0.6315789,0.8521739,219.0,0.0,34.0,3.0,10.0,23.0,51.0,0.0,-1.0,11.0,43.0,0.7962963,-1.0,9.0,1283.0,0.0
C:\Users\syuuj\gitProject\nanohttpd\webserver\src\test\java\fi\iki\elonen\DummyPluginInfo.java,fi.iki.elonen.DummyPluginInfo,class,1,0,3,0.0,0.0,11,0,0,0,0,3,3,0.0,-1.0,0.0,0.0,-1.0,-1.0,0.0,36,1.0,0.0,3.0,0.0,0.0,11.0,0.0,0.0,0.0,0.0,3.0,3.0,0.0,-1.0,0.0,0.0,-1.0,-1.0,0.0,36.0,0.0
C:\Users\syuuj\gitProject\nanohttpd\core\src\test\java\fi\iki\elonen\integration\GetAndPostIntegrationTest.java,fi.iki.elonen.integration.GetAndPostIntegrationTest,class,3,0,15,0.0,0.0,100,0,8,1,0,8,8,2.0,0.125,14.0,0.0,0.0,0.0,4.0,65,3.0,0.0,15.0,0.0,0.0,100.0,0.0,8.0,1.0,0.0,8.0,8.0,2.0,0.125,14.0,0.0,0.0,0.0,4.0,65.0,0.0
C:\Users\syuuj\gitProject\nanohttpd\nanolets\src\main\java\fi\iki\elonen\router\RouterNanoHTTPD.java,fi.iki.elonen.router.RouterNanoHTTPD.ProvidedPriorityRoutePrioritizer,innerclass,2,0,2,0.0,0.0,18,0,2,0,0,2,4,3.0,1.0,1.0,1.0,0.5,0.33333334,1.0,527,,,,,,,,,,,,,,,,,,,,,0.0
C:\Users\syuuj\gitProject\nanohttpd\core\src\main\java\fi\iki\elonen\NanoHTTPD.java,fi.iki.elonen.NanoHTTPD.ClientHandler,innerclass,1,0,5,1.0,0.0,34,0,10,0,2,3,8,0.0,-1.0,4.0,7.0,0.6363636,-1.0,3.0,168,1.0,0.0,5.0,1.0,0.0,34.0,0.0,10.0,0.0,2.0,3.0,8.0,0.0,-1.0,4.0,7.0,0.6363636,-1.0,3.0,168.0,0.0
C:\Users\syuuj\gitProject\nanohttpd\core\src\main\java\fi\iki\elonen\NanoHTTPD.java,fi.iki.elonen.NanoHTTPD.HTTPSession,innerclass,1,0,12,0.8666667,0.86473423,479,0,93,0,18,23,114,0.0,-1.0,75.0,88.0,0.5398773,-1.0,19.0,603,1.0,0.0,12.0,0.85714287,0.8611111,457.0,0.0,88.0,0.0,18.0,22.0,110.0,0.0,-1.0,71.0,88.0,0.5534591,-1.0,18.0,603.0,0.0
C:\Users\syuuj\gitProject\nanohttpd\core\src\test\java\fi\iki\elonen\HttpKeepAliveTest.java,fi.iki.elonen.HttpKeepAliveTest,class,2,1,3,0.0,0.6666667,62,0,6,0,1,3,4,7.0,0.0,3.0,5.0,0.625,0.14285715,2.0,44,2.0,1.0,3.0,0.0,0.6666667,62.0,0.0,6.0,0.0,1.0,3.0,4.0,7.0,0.0,3.0,5.0,0.625,0.14285715,2.0,44.0,0.0
C:\Users\syuuj\gitProject\nanohttpd\core\src\main\java\fi\iki\elonen\NanoHTTPD.java,fi.iki.elonen.NanoHTTPD.DefaultTempFile,innerclass,1,0,2,1.0,0.25,20,0,4,0,2,4,5,0.0,-1.0,2.0,5.0,0.71428573,-1.0,1.0,388,1.0,0.0,2.0,1.0,0.25,20.0,0.0,4.0,0.0,2.0,4.0,5.0,0.0,-1.0,1.0,5.0,0.8333333,-1.0,1.0,388.0,0.0
C:\Users\syuuj\gitProject\nanohttpd\nanolets\src\test\java\fi\iki\elonen\router\TestNanolets.java,fi.iki.elonen.router.TestNanolets.2,anonymous,1,0,0,-1.0,0.0,2,0,0,0,0,0,0,0.0,0.0,0.0,0.0,-1.0,-1.0,0.0,560,,,,,,,,,,,,,,,,,,,,,0.0
C:\Users\syuuj\gitProject\nanohttpd\nanolets\src\test\java\fi\iki\elonen\router\TestNanolets.java,fi.iki.elonen.router.TestNanolets.1,anonymous,1,0,1,,0.0,6,0,1,0,0,1,1,0.0,-1.0,0.0,0.0,-1.0,-1.0,0.0,84,1.0,0.0,1.0,,0.0,6.0,0.0,1.0,0.0,0.0,1.0,1.0,0.0,-1.0,0.0,0.0,-1.0,-1.0,0.0,74.0,0.0
C:\Users\syuuj\gitProject\nanohttpd\nanolets\src\main\java\fi\iki\elonen\router\RouterNanoHTTPD.java,fi.iki.elonen.router.RouterNanoHTTPD.UriResponder,interface,1,0,3,0.0,0.0,7,0,0,0,0,5,5,0.0,-1.0,0.0,0.0,-1.0,-1.0,0.0,70,1.0,0.0,3.0,0.0,0.0,7.0,0.0,0.0,0.0,0.0,5.0,5.0,0.0,-1.0,0.0,0.0,-1.0,-1.0,0.0,68.0,0.0
C:\Users\syuuj\gitProject\nanohttpd\core\src\main\java\fi\iki\elonen\NanoHTTPD.java,fi.iki.elonen.NanoHTTPD,class,3,49,20,0.035650622,0.9429826,1347,20,94,21,19,36,76,0.0,-1.0,53.0,31.0,0.3690476,-1.0,19.0,151,3.0,49.0,20.0,0.035650622,0.9429826,1315.0,20.0,94.0,21.0,19.0,36.0,76.0,0.0,-1.0,52.0,31.0,0.37349397,-1.0,19.0,151.0,0.0
C:\Users\syuuj\gitProject\nanohttpd\websocket\src\main\java\fi\iki\elonen\NanoWSD.java,fi.iki.elonen.NanoWSD.WebSocketFrame.OpCode,enum,1,0,1,0.0,0.25,19,0,2,0,1,4,9,0.0,0.0,0.0,6.0,1.0,-1.0,0.0,385,1.0,0.0,1.0,0.0,0.25,19.0,0.0,2.0,0.0,1.0,4.0,9.0,0.0,0.0,0.0,6.0,1.0,-1.0,0.0,384.0,0.0
C:\Users\syuuj\gitProject\nanohttpd\core\src\main\java\fi\iki\elonen\NanoHTTPD.java,fi.iki.elonen.NanoHTTPD.ResponseException,innerclass,3,0,1,1.0,0.5,15,0,0,0,2,3,3,0.0,0.0,0.0,3.0,1.0,-1.0,0.0,1722,3.0,0.0,1.0,1.0,0.5,15.0,0.0,0.0,0.0,2.0,3.0,3.0,0.0,0.0,0.0,3.0,1.0,-1.0,0.0,1648.0,0.0
C:\Users\syuuj\gitProject\nanohttpd\nanolets\src\main\java\fi\iki\elonen\router\RouterNanoHTTPD.java,fi.iki.elonen.router.RouterNanoHTTPD.GeneralHandler,innerclass,3,0,8,0.0,0.0,33,0,11,0,0,4,6,0.0,1.0,5.0,2.0,0.2857143,-1.0,3.0,139,3.0,0.0,8.0,0.0,0.0,33.0,0.0,11.0,0.0,0.0,4.0,6.0,0.0,1.0,5.0,2.0,0.2857143,-1.0,3.0,137.0,0.0
C:\Users\syuuj\gitProject\nanohttpd\nanolets\src\test\java\fi\iki\elonen\router\TestNanolets.java,fi.iki.elonen.router.TestNanolets.3,anonymous,1,0,0,-1.0,0.0,2,0,0,0,0,0,0,0.0,0.0,0.0,0.0,-1.0,-1.0,0.0,562,,,,,,,,,,,,,,,,,,,,,0.0
C:\Users\syuuj\gitProject\nanohttpd\websocket\src\test\java\fi\iki\elonen\WebSocketResponseHandlerTest.java,fi.iki.elonen.WebSocketResponseHandlerTest,class,3,0,11,0.23076923,0.5238095,138,0,22,1,3,14,17,0.0,-1.0,33.0,9.0,0.21428572,-1.0,10.0,62,3.0,0.0,11.0,0.23076923,0.5238095,138.0,0.0,22.0,1.0,3.0,14.0,17.0,0.0,-1.0,33.0,9.0,0.21428572,-1.0,10.0,62.0,0.0
C:\Users\syuuj\gitProject\nanohttpd\websocket\src\main\java\fi\iki\elonen\NanoWSD.java,fi.iki.elonen.NanoWSD.WebSocketFrame.CloseFrame,innerclass,2,0,4,0.0,0.4,34,0,8,0,2,5,8,0.0,0.0,12.0,4.0,0.25,-1.0,4.0,344,2.0,0.0,4.0,0.0,0.4,34.0,0.0,8.0,0.0,2.0,5.0,8.0,0.0,0.0,12.0,4.0,0.25,-1.0,4.0,343.0,0.0
C:\Users\syuuj\gitProject\nanohttpd\websocket\src\main\java\fi\iki\elonen\NanoWSD.java,fi.iki.elonen.NanoWSD,class,5,6,7,0.0,0.90833324,627,3,25,4,12,10,21,0.0,0.0,18.0,15.0,0.45454547,-1.0,8.0,55,5.0,6.0,7.0,0.0,0.90833324,626.0,3.0,25.0,4.0,12.0,10.0,21.0,0.0,0.0,18.0,15.0,0.45454547,-1.0,8.0,55.0,0.0
C:\Users\syuuj\gitProject\nanohttpd\core\src\main\java\fi\iki\elonen\NanoHTTPD.java,fi.iki.elonen.NanoHTTPD.Response.1,anonymous,1,0,0,,0.0,6,0,3,0,0,1,2,0.0,0.0,0.0,0.0,-1.0,-1.0,0.0,1475,1.0,0.0,0.0,,0.0,6.0,0.0,3.0,0.0,0.0,1.0,2.0,0.0,0.0,0.0,0.0,-1.0,-1.0,0.0,1401.0,0.0
C:\Users\syuuj\gitProject\nanohttpd\core\src\test\java\fi\iki\elonen\CookieTest.java,fi.iki.elonen.CookieTest,class,1,0,2,0.0,0.0,27,0,7,0,0,4,4,0.0,-1.0,11.0,0.0,0.0,-1.0,1.0,44,1.0,0.0,2.0,0.0,0.0,27.0,0.0,7.0,0.0,0.0,4.0,4.0,0.0,-1.0,11.0,0.0,0.0,-1.0,1.0,44.0,0.0
C:\Users\syuuj\gitProject\nanohttpd\core\src\test\java\fi\iki\elonen\HttpGetRequestTest.java,fi.iki.elonen.HttpGetRequestTest,class,2,0,3,0.0,0.0,147,0,13,0,0,21,21,7.0,0.0,92.0,22.0,0.19298245,0.2857143,4.0,46,2.0,0.0,3.0,0.0,0.0,131.0,0.0,13.0,0.0,0.0,20.0,20.0,7.0,0.0,69.0,21.0,0.23333333,0.2857143,4.0,46.0,0.0
C:\Users\syuuj\gitProject\nanohttpd\core\src\test\java\fi\iki\elonen\integration\PutStreamIntegrationTest.java,fi.iki.elonen.integration.PutStreamIntegrationTest,class,3,0,8,0.0,0.0,37,0,4,1,0,2,2,2.0,0.5,2.0,0.0,0.0,0.0,2.0,50,3.0,0.0,8.0,0.0,0.0,37.0,0.0,4.0,1.0,0.0,2.0,2.0,2.0,0.5,2.0,0.0,0.0,0.0,2.0,50.0,0.0
C:\Users\syuuj\gitProject\nanohttpd\webserver\src\main\java\fi\iki\elonen\WebServerPlugin.java,fi.iki.elonen.WebServerPlugin,interface,1,6,2,0.0,0.0,5,0,0,0,0,3,3,0.0,-1.0,0.0,0.0,-1.0,-1.0,0.0,44,1.0,6.0,2.0,0.0,0.0,5.0,0.0,0.0,0.0,0.0,3.0,3.0,0.0,-1.0,0.0,0.0,-1.0,-1.0,0.0,44.0,0.0
C:\Users\syuuj\gitProject\nanohttpd\core\src\main\java\fi\iki\elonen\NanoHTTPD.java,fi.iki.elonen.NanoHTTPD.CookieHandler,innerclass,1,0,3,0.2857143,0.5714286,36,0,12,0,2,7,11,0.0,-1.0,5.0,2.0,0.2857143,-1.0,4.0,255,1.0,0.0,3.0,0.2857143,0.5714286,36.0,0.0,12.0,0.0,2.0,7.0,11.0,0.0,-1.0,5.0,2.0,0.2857143,-1.0,4.0,255.0,0.0
C:\Users\syuuj\gitProject\nanohttpd\core\src\test\java\fi\iki\elonen\HttpSSLServerTest.java,fi.iki.elonen.HttpSSLServerTest,class,2,0,12,0.0,0.0,38,0,19,0,0,4,7,7.0,0.5,8.0,2.0,0.2,0.2857143,6.0,49,2.0,0.0,12.0,0.0,0.0,38.0,0.0,19.0,0.0,0.0,4.0,7.0,7.0,0.5,8.0,2.0,0.2,0.2857143,6.0,49.0,0.0
C:\Users\syuuj\gitProject\nanohttpd\core\src\main\java\fi\iki\elonen\NanoHTTPD.java,fi.iki.elonen.NanoHTTPD.ServerSocketFactory,interface,1,0,0,,0.0,3,0,0,0,0,1,1,0.0,-1.0,0.0,0.0,-1.0,-1.0,0.0,1825,1.0,0.0,0.0,,0.0,3.0,0.0,0.0,0.0,0.0,1.0,1.0,0.0,-1.0,0.0,0.0,-1.0,-1.0,0.0,1751.0,0.0
C:\Users\syuuj\gitProject\nanohttpd\nanolets\src\test\java\fi\iki\elonen\router\TestNanolets.java,fi.iki.elonen.router.TestNanolets,class,2,1,31,0.0012820513,0.95238096,378,0,74,1,2,42,49,0.0,-1.0,100.0,3.0,0.029126214,-1.0,29.0,74,1.0,1.0,23.0,0.002016129,0.9411765,268.0,0.0,50.0,0.0,2.0,34.0,36.0,0.0,-1.0,60.0,3.0,0.04761905,-1.0,18.0,64.0,0.0
C:\Users\syuuj\gitProject\nanohttpd\webserver\src\test\java\fi\iki\elonen\AbstractTestHttpServer.java,fi.iki.elonen.AbstractTestHttpServer,class,1,4,3,0.0,0.0,22,3,6,0,0,2,3,0.0,-1.0,1.0,0.0,0.0,-1.0,1.0,44,1.0,4.0,3.0,0.0,0.0,22.0,3.0,6.0,0.0,0.0,2.0,3.0,0.0,-1.0,1.0,0.0,0.0,-1.0,1.0,44.0,0.0
C:\Users\syuuj\gitProject\nanohttpd\core\src\main\java\fi\iki\elonen\NanoHTTPD.java,fi.iki.elonen.NanoHTTPD.ContentType,innerclass,1,0,1,1.0,0.8125,56,0,6,0,12,8,13,0.0,-1.0,0.0,23.0,1.0,-1.0,0.0,528,1.0,0.0,1.0,1.0,0.8125,56.0,0.0,6.0,0.0,12.0,8.0,13.0,0.0,-1.0,0.0,23.0,1.0,-1.0,0.0,528.0,0.0
C:\Users\syuuj\gitProject\nanohttpd\nanolets\src\test\java\fi\iki\elonen\router\AppNanolets.java,fi.iki.elonen.router.AppNanolets.StaticPageTestHandler,innerclass,4,0,1,,0.0,8,0,3,0,0,1,2,1.0,1.0,1.0,0.0,0.0,1.0,1.0,123,4.0,0.0,1.0,,0.0,8.0,0.0,3.0,0.0,0.0,1.0,2.0,1.0,1.0,1.0,0.0,0.0,1.0,1.0,123.0,0.0
C:\Users\syuuj\gitProject\nanohttpd\markdown-plugin\src\main\java\fi\iki\elonen\MarkdownWebServerPluginInfo.java,fi.iki.elonen.MarkdownWebServerPluginInfo,class,1,0,3,0.0,0.0,11,0,0,0,0,3,3,0.0,-1.0,0.0,0.0,-1.0,-1.0,0.0,39,1.0,0.0,3.0,0.0,0.0,11.0,0.0,0.0,0.0,0.0,3.0,3.0,0.0,-1.0,0.0,0.0,-1.0,-1.0,0.0,39.0,0.0
C:\Users\syuuj\gitProject\nanohttpd\nanolets\src\main\java\fi\iki\elonen\router\RouterNanoHTTPD.java,fi.iki.elonen.router.RouterNanoHTTPD.DefaultHandler,innerclass,2,0,7,0.0,0.0,10,0,4,0,0,4,4,0.0,0.75,1.0,2.0,0.6666667,-1.0,1.0,120,2.0,0.0,7.0,0.0,0.0,10.0,0.0,4.0,0.0,0.0,4.0,4.0,0.0,0.75,1.0,2.0,0.6666667,-1.0,1.0,118.0,0.0
C:\Users\syuuj\gitProject\nanohttpd\nanolets\src\test\java\fi\iki\elonen\router\AppNanolets.java,fi.iki.elonen.router.AppNanolets.UserHandler,innerclass,3,0,8,0.0,0.0,34,0,11,0,0,5,7,0.0,0.6,9.0,3.0,0.25,-1.0,5.0,59,3.0,0.0,8.0,0.0,0.0,34.0,0.0,11.0,0.0,0.0,5.0,7.0,0.0,0.6,9.0,3.0,0.25,-1.0,5.0,59.0,0.0
C:\Users\syuuj\gitProject\nanohttpd\core\src\main\java\fi\iki\elonen\NanoHTTPD.java,fi.iki.elonen.NanoHTTPD.Response.ChunkedOutputStream,innerclass,3,0,2,0.0,0.0,21,0,5,0,0,5,6,0.0,0.0,4.0,0.0,0.0,-1.0,2.0,1419,3.0,0.0,2.0,0.0,0.0,21.0,0.0,5.0,0.0,0.0,5.0,6.0,0.0,0.0,4.0,0.0,0.0,-1.0,2.0,1345.0,0.0
C:\Users\syuuj\gitProject\nanohttpd\websocket\src\main\java\fi\iki\elonen\samples\echo\EchoSocketSample.java,fi.iki.elonen.samples.echo.EchoSocketSample,class,1,1,3,,0.0,15,0,7,0,0,1,4,0.0,-1.0,2.0,0.0,0.0,-1.0,1.0,40,1.0,1.0,3.0,,0.0,15.0,0.0,7.0,0.0,0.0,1.0,4.0,0.0,-1.0,2.0,0.0,0.0,-1.0,1.0,40.0,0.0
C:\Users\syuuj\gitProject\nanohttpd\core\src\test\java\fi\iki\elonen\integration\PutStreamIntegrationTest.java,fi.iki.elonen.integration.PutStreamIntegrationTest.TestServer,innerclass,2,0,5,0.0,0.0,24,0,10,0,0,3,4,8.0,1.0,6.0,1.0,0.14285715,0.0,4.0,52,2.0,0.0,5.0,0.0,0.0,24.0,0.0,10.0,0.0,0.0,3.0,4.0,8.0,1.0,6.0,1.0,0.14285715,0.0,4.0,52.0,0.0
C:\Users\syuuj\gitProject\nanohttpd\samples\src\main\java\fi\iki\elonen\debug\DebugServer.java,fi.iki.elonen.debug.DebugServer,class,2,2,5,0.0,0.0,50,1,21,0,0,6,9,0.0,0.0,7.0,1.0,0.125,-1.0,2.0,43,2.0,2.0,5.0,0.0,0.0,50.0,1.0,21.0,0.0,0.0,6.0,9.0,0.0,0.0,7.0,1.0,0.125,-1.0,2.0,43.0,0.0
C:\Users\syuuj\gitProject\nanohttpd\core\src\main\java\fi\iki\elonen\NanoHTTPD.java,fi.iki.elonen.NanoHTTPD.AsyncRunner,interface,1,0,1,0.0,0.0,5,0,0,0,0,3,3,0.0,-1.0,0.0,0.0,-1.0,-1.0,0.0,156,1.0,0.0,1.0,0.0,0.0,5.0,0.0,0.0,0.0,0.0,3.0,3.0,0.0,-1.0,0.0,0.0,-1.0,-1.0,0.0,156.0,0.0
C:\Users\syuuj\gitProject\nanohttpd\nanolets\src\main\java\fi\iki\elonen\router\RouterNanoHTTPD.java,fi.iki.elonen.router.RouterNanoHTTPD,class,16,7,14,0.8,0.5,431,1,13,15,2,10,13,0.0,0.0,11.0,2.0,0.15384616,-1.0,5.0,63,13.0,6.0,11.0,0.6666667,0.5,350.0,1.0,12.0,10.0,2.0,6.0,9.0,0.0,0.0,8.0,1.0,0.11111111,-1.0,5.0,61.0,0.0
C:\Users\syuuj\gitProject\nanohttpd\nanolets\src\main\java\fi\iki\elonen\router\RouterNanoHTTPD.java,fi.iki.elonen.router.RouterNanoHTTPD.InsertionOrderRoutePrioritizer,innerclass,2,0,2,,0.0,5,0,0,0,0,1,1,3.0,1.0,0.0,0.0,-1.0,0.0,0.0,558,,,,,,,,,,,,,,,,,,,,,0.0
C:\Users\syuuj\gitProject\nanohttpd\core\src\test\java\fi\iki\elonen\HttpParsingTest.java,fi.iki.elonen.HttpParsingTest,class,2,0,3,0.0,0.0,18,0,3,0,0,3,4,7.0,0.0,0.0,0.0,-1.0,0.0,0.0,40,2.0,0.0,3.0,0.0,0.0,18.0,0.0,3.0,0.0,0.0,3.0,4.0,7.0,0.0,0.0,0.0,-1.0,0.0,0.0,40.0,0.0
C:\Users\syuuj\gitProject\nanohttpd\core\src\test\java\fi\iki\elonen\integration\GetAndPostIntegrationTest.java,fi.iki.elonen.integration.GetAndPostIntegrationTest.TestServer,innerclass,2,0,3,0.0,0.5,27,0,13,0,1,2,6,8.0,1.0,3.0,2.0,0.4,0.0,2.0,67,2.0,0.0,3.0,0.0,0.5,27.0,0.0,13.0,0.0,1.0,2.0,6.0,8.0,1.0,3.0,2.0,0.4,0.0,2.0,67.0,0.0
C:\Users\syuuj\gitProject\nanohttpd\webserver\src\test\java\fi\iki\elonen\DummyPlugin.java,fi.iki.elonen.DummyPlugin,class,1,1,5,0.0,0.0,15,0,2,0,0,3,4,0.0,-1.0,3.0,0.0,0.0,-1.0,3.0,45,1.0,1.0,5.0,0.0,0.0,15.0,0.0,2.0,0.0,0.0,3.0,4.0,0.0,-1.0,3.0,0.0,0.0,-1.0,3.0,45.0,0.0
C:\Users\syuuj\gitProject\nanohttpd\core\src\test\java\fi\iki\elonen\SSLServerSocketFactoryTest.java,fi.iki.elonen.SSLServerSocketFactoryTest,class,2,0,12,0.0,0.0,44,0,24,0,0,4,8,7.0,0.5,12.0,2.0,0.14285715,0.2857143,7.0,55,2.0,0.0,12.0,0.0,0.0,44.0,0.0,24.0,0.0,0.0,4.0,8.0,7.0,0.5,12.0,2.0,0.14285715,0.2857143,7.0,55.0,0.0
C:\Users\syuuj\gitProject\nanohttpd\core\src\test\java\fi\iki\elonen\integration\IntegrationTestBase.java,fi.iki.elonen.integration.IntegrationTestBase,class,1,5,6,0.33333334,0.33333334,19,0,6,0,2,3,4,0.0,-1.0,1.0,2.0,0.6666667,-1.0,1.0,47,1.0,5.0,6.0,0.33333334,0.33333334,19.0,0.0,6.0,0.0,2.0,3.0,4.0,0.0,-1.0,1.0,2.0,0.6666667,-1.0,1.0,47.0,0.0
C:\Users\syuuj\gitProject\nanohttpd\core\src\main\java\fi\iki\elonen\NanoHTTPD.java,fi.iki.elonen.NanoHTTPD.DefaultTempFileManager,innerclass,1,0,3,1.0,0.16666667,27,0,7,0,2,3,6,0.0,-1.0,2.0,4.0,0.6666667,-1.0,2.0,428,1.0,0.0,3.0,1.0,0.16666667,27.0,0.0,7.0,0.0,2.0,3.0,6.0,0.0,-1.0,2.0,4.0,0.6666667,-1.0,2.0,428.0,0.0
C:\Users\syuuj\gitProject\nanohttpd\core\src\test\java\fi\iki\elonen\HttpServerTest.java,fi.iki.elonen.HttpServerTest.2,anonymous,1,0,3,,0.0,18,0,7,0,1,1,4,8.0,1.0,2.0,1.0,0.33333334,0.0,2.0,271,1.0,0.0,3.0,,0.0,18.0,0.0,7.0,0.0,1.0,1.0,4.0,8.0,1.0,2.0,1.0,0.33333334,0.0,2.0,267.0,0.0
C:\Users\syuuj\gitProject\nanohttpd\core\src\test\java\fi\iki\elonen\HttpServerTest.java,fi.iki.elonen.HttpServerTest.1,anonymous,1,0,3,,0.0,16,0,6,0,1,1,3,8.0,1.0,1.0,1.0,0.5,0.0,1.0,215,1.0,0.0,3.0,,0.0,16.0,0.0,6.0,0.0,1.0,1.0,3.0,8.0,1.0,1.0,1.0,0.5,0.0,1.0,211.0,0.0
C:\Users\syuuj\gitProject\nanohttpd\core\src\test\java\fi\iki\elonen\integration\GZipIntegrationTest.java,fi.iki.elonen.integration.GZipIntegrationTest,class,3,0,9,0.0,0.0,86,0,16,1,0,9,9,2.0,0.11111111,26.0,2.0,0.071428575,0.5,6.0,56,3.0,0.0,9.0,0.0,0.0,86.0,0.0,16.0,1.0,0.0,9.0,9.0,2.0,0.11111111,26.0,2.0,0.071428575,0.5,6.0,56.0,0.0
C:\Users\syuuj\gitProject\nanohttpd\webserver\src\main\java\fi\iki\elonen\SimpleWebServer.java,fi.iki.elonen.SimpleWebServer,class,2,5,10,0.125,0.8863636,448,0,97,0,10,22,118,0.0,0.0,50.0,21.0,0.29577464,-1.0,13.0,57,2.0,5.0,10.0,0.125,0.8863636,448.0,0.0,97.0,0.0,10.0,22.0,118.0,0.0,0.0,50.0,21.0,0.29577464,-1.0,13.0,57.0,0.0
C:\Users\syuuj\gitProject\nanohttpd\webserver\src\main\java\fi\iki\elonen\SimpleWebServer.java,fi.iki.elonen.SimpleWebServer.3,anonymous,1,0,0,,0.0,5,0,1,0,0,1,1,0.0,-1.0,0.0,0.0,-1.0,-1.0,0.0,307,1.0,0.0,0.0,,0.0,5.0,0.0,1.0,0.0,0.0,1.0,1.0,0.0,-1.0,0.0,0.0,-1.0,-1.0,0.0,307.0,0.0
C:\Users\syuuj\gitProject\nanohttpd\webserver\src\main\java\fi\iki\elonen\SimpleWebServer.java,fi.iki.elonen.SimpleWebServer.1,anonymous,1,0,0,,0.0,6,0,1,0,0,0,1,0.0,0.0,0.0,0.0,-1.0,-1.0,0.0,63,1.0,0.0,0.0,,0.0,6.0,0.0,1.0,0.0,0.0,0.0,1.0,0.0,0.0,0.0,0.0,-1.0,-1.0,0.0,63.0,0.0
C:\Users\syuuj\gitProject\nanohttpd\fileupload\src\test\java\fi\iki\elonen\TestNanoFileUpLoad.java,fi.iki.elonen.TestNanoFileUpLoad.TestServer,innerclass,2,0,11,0.16666667,0.725,65,0,31,0,10,4,11,0.0,0.0,22.0,16.0,0.42105263,-1.0,9.0,84,2.0,0.0,11.0,0.16666667,0.725,65.0,0.0,31.0,0.0,10.0,4.0,11.0,0.0,0.0,22.0,16.0,0.42105263,-1.0,9.0,84.0,0.0
C:\Users\syuuj\gitProject\nanohttpd\nanolets\src\test\java\fi\iki\elonen\router\TestNanolets.java,fi.iki.elonen.router.TestNanolets.TestRouter,innerclass,2,0,1,0.0,0.5,10,0,0,0,2,2,2,0.0,1.0,0.0,2.0,1.0,-1.0,0.0,580,,,,,,,,,,,,,,,,,,,,,0.0
C:\Users\syuuj\gitProject\nanohttpd\webserver\src\main\java\fi\iki\elonen\SimpleWebServer.java,fi.iki.elonen.SimpleWebServer.2,anonymous,1,0,0,,0.0,5,0,1,0,0,1,1,0.0,-1.0,0.0,0.0,-1.0,-1.0,0.0,299,1.0,0.0,0.0,,0.0,5.0,0.0,1.0,0.0,0.0,1.0,1.0,0.0,-1.0,0.0,0.0,-1.0,-1.0,0.0,299.0,0.0
C:\Users\syuuj\gitProject\nanohttpd\core\src\test\java\fi\iki\elonen\HttpChunkedResponseTest.java,fi.iki.elonen.HttpChunkedResponseTest,class,4,0,5,,0.0,25,0,4,1,0,1,1,7.0,0.0,3.0,0.0,0.0,0.2857143,3.0,42,4.0,0.0,5.0,,0.0,25.0,0.0,4.0,1.0,0.0,1.0,1.0,7.0,0.0,3.0,0.0,0.0,0.2857143,3.0,42.0,0.0
C:\Users\syuuj\gitProject\nanohttpd\core\src\test\java\fi\iki\elonen\HttpServerTest.java,fi.iki.elonen.HttpServerTest,class,3,17,17,0.13333334,0.8,198,15,31,2,3,10,17,0.0,-1.0,24.0,5.0,0.1724138,-1.0,15.0,71,3.0,17.0,17.0,0.13333334,0.8,196.0,15.0,31.0,2.0,3.0,10.0,17.0,0.0,-1.0,24.0,5.0,0.1724138,-1.0,15.0,71.0,0.0
C:\Users\syuuj\gitProject\nanohttpd\nanolets\src\test\java\fi\iki\elonen\router\AppNanolets.java,fi.iki.elonen.router.AppNanolets.StreamUrl,innerclass,2,0,3,0.0,0.0,11,0,1,0,0,3,3,0.0,1.0,2.0,0.0,0.0,-1.0,2.0,104,2.0,0.0,3.0,0.0,0.0,11.0,0.0,1.0,0.0,0.0,3.0,3.0,0.0,1.0,2.0,0.0,0.0,-1.0,2.0,104.0,0.0
C:\Users\syuuj\gitProject\nanohttpd\samples\src\main\java\fi\iki\elonen\TempFilesServer.java,fi.iki.elonen.TempFilesServer.ExampleManager,innerclass,1,0,3,1.0,0.16666667,28,0,8,0,2,3,6,0.0,-1.0,3.0,4.0,0.5714286,-1.0,3.0,48,1.0,0.0,3.0,1.0,0.16666667,28.0,0.0,8.0,0.0,2.0,3.0,6.0,0.0,-1.0,3.0,4.0,0.5714286,-1.0,3.0,48.0,0.0
C:\Users\syuuj\gitProject\nanohttpd\core\src\main\java\fi\iki\elonen\NanoHTTPD.java,fi.iki.elonen.NanoHTTPD.SecureServerSocketFactory,innerclass,1,0,1,1.0,0.0,22,0,6,0,2,2,3,0.0,-1.0,6.0,4.0,0.4,-1.0,1.0,488,1.0,0.0,1.0,1.0,0.0,22.0,0.0,6.0,0.0,2.0,2.0,3.0,0.0,-1.0,6.0,4.0,0.4,-1.0,1.0,488.0,0.0
C:\Users\syuuj\gitProject\nanohttpd\fileupload\src\main\java\fi\iki\elonen\NanoFileUpload.java,fi.iki.elonen.NanoFileUpload.NanoHttpdContext,innerclass,1,0,3,0.4,0.33333334,29,0,5,0,1,6,7,0.0,-1.0,7.0,1.0,0.125,-1.0,2.0,56,1.0,0.0,3.0,0.4,0.33333334,29.0,0.0,5.0,0.0,1.0,6.0,7.0,0.0,-1.0,7.0,1.0,0.125,-1.0,2.0,56.0,0.0
C:\Users\syuuj\gitProject\nanohttpd\nanolets\src\main\java\fi\iki\elonen\router\RouterNanoHTTPD.java,fi.iki.elonen.router.RouterNanoHTTPD.IRoutePrioritizer,interface,1,0,1,0.0,0.0,6,0,0,0,0,4,4,0.0,-1.0,0.0,0.0,-1.0,-1.0,0.0,469,,,,,,,,,,,,,,,,,,,,,0.0
C:\Users\syuuj\gitProject\nanohttpd\fileupload\src\test\java\fi\iki\elonen\TestNanoFileUpLoad.java,fi.iki.elonen.TestNanoFileUpLoad,class,2,1,17,0.6666667,0.2857143,130,0,21,1,1,7,10,0.0,-1.0,23.0,1.0,0.041666668,-1.0,10.0,80,2.0,1.0,17.0,0.6666667,0.2857143,130.0,0.0,21.0,1.0,1.0,7.0,10.0,0.0,-1.0,23.0,1.0,0.041666668,-1.0,10.0,80.0,0.0
C:\Users\syuuj\gitProject\nanohttpd\nanolets\src\main\java\fi\iki\elonen\router\RouterNanoHTTPD.java,fi.iki.elonen.router.RouterNanoHTTPD.Error404UriHandler,innerclass,3,0,3,0.0,0.0,11,0,0,0,0,3,3,0.0,1.0,1.0,0.0,0.0,-1.0,1.0,250,3.0,0.0,3.0,0.0,0.0,11.0,0.0,0.0,0.0,0.0,3.0,3.0,0.0,1.0,1.0,0.0,0.0,-1.0,1.0,248.0,0.0
C:\Users\syuuj\gitProject\nanohttpd\core\src\test\java\fi\iki\elonen\HttpChunkedResponseTest.java,fi.iki.elonen.HttpChunkedResponseTest.1,anonymous,1,0,0,-1.0,0.0,2,0,0,0,0,0,0,8.0,0.0,0.0,0.0,-1.0,0.0,0.0,88,1.0,0.0,0.0,-1.0,0.0,2.0,0.0,0.0,0.0,0.0,0.0,0.0,8.0,0.0,0.0,0.0,-1.0,0.0,0.0,88.0,0.0
C:\Users\syuuj\gitProject\nanohttpd\core\src\main\java\fi\iki\elonen\NanoHTTPD.java,fi.iki.elonen.NanoHTTPD.TempFileManager,interface,1,0,1,0.0,0.0,4,0,0,0,0,2,2,0.0,-1.0,0.0,0.0,-1.0,-1.0,0.0,1807,1.0,0.0,1.0,0.0,0.0,4.0,0.0,0.0,0.0,0.0,2.0,2.0,0.0,-1.0,0.0,0.0,-1.0,-1.0,0.0,1733.0,0.0
C:\Users\syuuj\gitProject\nanohttpd\core\src\main\java\fi\iki\elonen\NanoHTTPD.java,fi.iki.elonen.NanoHTTPD.Response.Status,enum,1,0,1,1.0,0.25,22,0,2,0,2,4,6,0.0,0.0,0.0,6.0,1.0,-1.0,0.0,1339,1.0,0.0,0.0,1.0,0.16666667,13.0,0.0,0.0,0.0,2.0,3.0,3.0,0.0,0.0,0.0,5.0,1.0,-1.0,0.0,1295.0,0.0
C:\Users\syuuj\gitProject\nanohttpd\core\src\test\java\fi\iki\elonen\HttpPostRequestTest.java,fi.iki.elonen.HttpPostRequestTest,class,2,1,3,0.0,0.5285714,158,0,20,0,7,10,12,7.0,0.0,27.0,71.0,0.7244898,0.42857143,3.0,48,2.0,1.0,3.0,0.0,0.5285714,142.0,0.0,14.0,0.0,7.0,10.0,12.0,7.0,0.0,14.0,59.0,0.8082192,0.42857143,2.0,48.0,0.0
C:\Users\syuuj\gitProject\nanohttpd\nanolets\src\main\java\fi\iki\elonen\router\RouterNanoHTTPD.java,fi.iki.elonen.router.RouterNanoHTTPD.UriRouter,innerclass,1,0,6,1.0,0.42857143,35,0,8,0,2,7,9,0.0,-1.0,3.0,4.0,0.5714286,-1.0,2.0,565,1.0,0.0,5.0,0.5,0.5714286,57.0,0.0,14.0,0.0,3.0,7.0,13.0,0.0,-1.0,4.0,7.0,0.6363636,-1.0,2.0,446.0,0.0
C:\Users\syuuj\gitProject\nanohttpd\websocket\src\test\java\fi\iki\elonen\WebSocketResponseHandlerTest.java,fi.iki.elonen.WebSocketResponseHandlerTest.MockedWSD,innerclass,3,0,4,0.0,0.0,23,0,0,0,0,3,3,4.0,0.0,0.0,0.0,-1.0,0.0,0.0,71,3.0,0.0,4.0,0.0,0.0,23.0,0.0,0.0,0.0,0.0,3.0,3.0,4.0,0.0,0.0,0.0,-1.0,0.0,0.0,71.0,0.0
C:\Users\syuuj\gitProject\nanohttpd\webserver\src\main\java\fi\iki\elonen\WebServerPluginInfo.java,fi.iki.elonen.WebServerPluginInfo,interface,1,3,1,0.0,0.0,5,0,0,0,0,3,3,0.0,-1.0,0.0,0.0,-1.0,-1.0,0.0,39,1.0,3.0,1.0,0.0,0.0,5.0,0.0,0.0,0.0,0.0,3.0,3.0,0.0,-1.0,0.0,0.0,-1.0,-1.0,0.0,39.0,0.0
C:\Users\syuuj\gitProject\nanohttpd\websocket\src\test\java\fi\iki\elonen\samples\echo\SimpleEchoSocket.java,fi.iki.elonen.samples.echo.SimpleEchoSocket,class,1,1,5,0.23809524,0.6666667,39,0,9,0,3,7,9,0.0,-1.0,4.0,4.0,0.5,-1.0,4.0,53,1.0,1.0,5.0,0.23809524,0.6666667,39.0,0.0,9.0,0.0,3.0,7.0,9.0,0.0,-1.0,4.0,4.0,0.5,-1.0,4.0,53.0,0.0
C:\Users\syuuj\gitProject\nanohttpd\nanolets\src\main\java\fi\iki\elonen\router\RouterNanoHTTPD.java,fi.iki.elonen.router.RouterNanoHTTPD.BaseRoutePrioritizer,innerclass,1,0,5,0.6666667,0.4166667,36,0,11,0,2,6,10,0.0,-1.0,2.0,5.0,0.71428573,-1.0,2.0,480,,,,,,,,,,,,,,,,,,,,,0.0
C:\Users\syuuj\gitProject\nanohttpd\core\src\test\java\fi\iki\elonen\integration\GetAndPostIntegrationTest.java,fi.iki.elonen.integration.GetAndPostIntegrationTest.1,anonymous,1,0,0,,0.0,5,0,0,0,0,1,1,0.0,0.0,0.0,0.0,-1.0,-1.0,0.0,175,1.0,0.0,0.0,,0.0,5.0,0.0,0.0,0.0,0.0,1.0,1.0,0.0,0.0,0.0,0.0,-1.0,-1.0,0.0,175.0,0.0
C:\Users\syuuj\gitProject\nanohttpd\webserver\src\main\java\fi\iki\elonen\InternalRewrite.java,fi.iki.elonen.InternalRewrite,class,2,2,2,1.0,0.33333334,15,0,0,0,2,3,3,0.0,0.0,2.0,4.0,0.6666667,-1.0,2.0,44,2.0,2.0,2.0,1.0,0.33333334,15.0,0.0,0.0,0.0,2.0,3.0,3.0,0.0,0.0,2.0,4.0,0.6666667,-1.0,2.0,44.0,0.0
C:\Users\syuuj\gitProject\nanohttpd\nanolets\src\main\java\fi\iki\elonen\router\RouterNanoHTTPD.java,fi.iki.elonen.router.RouterNanoHTTPD.StaticPageHandler,innerclass,3,0,10,0.0,0.0,53,0,23,0,0,6,16,0.0,0.6666667,10.0,2.0,0.16666667,-1.0,6.0,182,3.0,0.0,10.0,0.0,0.0,53.0,0.0,23.0,0.0,0.0,6.0,16.0,0.0,0.6666667,10.0,2.0,0.16666667,-1.0,6.0,180.0,0.0
C:\Users\syuuj\gitProject\nanohttpd\core\src\test\java\fi\iki\elonen\integration\ShutdownTest.java,fi.iki.elonen.integration.ShutdownTest,class,2,1,4,,0.0,31,0,10,1,0,2,4,0.0,-1.0,1.0,0.0,0.0,-1.0,1.0,48,2.0,1.0,4.0,,0.0,31.0,0.0,10.0,1.0,0.0,2.0,4.0,0.0,-1.0,1.0,0.0,0.0,-1.0,1.0,48.0,0.0
C:\Users\syuuj\gitProject\nanohttpd\websocket\src\main\java\fi\iki\elonen\samples\echo\DebugWebSocketServer.java,fi.iki.elonen.samples.echo.DebugWebSocketServer,class,4,4,5,0.0,0.75,52,0,2,1,2,2,2,4.0,0.0,0.0,1.0,1.0,0.0,0.0,46,4.0,4.0,5.0,0.0,0.75,52.0,0.0,2.0,1.0,2.0,2.0,2.0,4.0,0.0,0.0,1.0,1.0,0.0,0.0,46.0,0.0
C:\Users\syuuj\gitProject\nanohttpd\core\src\test\java\fi\iki\elonen\HttpServerTest.java,fi.iki.elonen.HttpServerTest.TestServer,innerclass,2,0,6,0.0,0.8000001,42,0,10,0,10,5,6,8.0,0.33333334,7.0,12.0,0.6315789,0.125,1.0,73,2.0,0.0,6.0,0.0,0.8000001,40.0,0.0,9.0,0.0,9.0,5.0,6.0,8.0,0.33333334,6.0,11.0,0.64705884,0.125,1.0,73.0,0.0
C:\Users\syuuj\gitProject\nanohttpd\core\src\test\java\fi\iki\elonen\StatusTest.java,fi.iki.elonen.StatusTest,class,1,1,3,0.0,0.0,68,0,20,0,0,3,6,0.0,-1.0,45.0,1.0,0.02173913,-1.0,3.0,44,,,,,,,,,,,,,,,,,,,,,0.0
C:\Users\syuuj\gitProject\nanohttpd\core\src\test\java\fi\iki\elonen\HttpServerTest.java,fi.iki.elonen.HttpServerTest.TestTempFileManager,innerclass,2,0,1,0.0,0.0,7,0,1,0,0,2,2,0.0,0.5,0.0,0.0,-1.0,-1.0,0.0,132,2.0,0.0,1.0,0.0,0.0,7.0,0.0,1.0,0.0,0.0,2.0,2.0,0.0,0.5,0.0,0.0,-1.0,-1.0,0.0,128.0,0.0
C:\Users\syuuj\gitProject\nanohttpd\core\src\test\java\fi\iki\elonen\CookieHandlerTest.java,fi.iki.elonen.CookieHandlerTest,class,2,0,7,0.0,0.0,68,0,24,0,0,4,7,7.0,0.0,18.0,8.0,0.30769232,0.14285715,8.0,55,2.0,0.0,7.0,0.0,0.0,68.0,0.0,24.0,0.0,0.0,4.0,7.0,7.0,0.0,18.0,8.0,0.30769232,0.14285715,8.0,55.0,0.0
C:\Users\syuuj\gitProject\nanohttpd\core\src\main\java\fi\iki\elonen\util\ServerRunner.java,fi.iki.elonen.util.ServerRunner,class,1,6,3,0.0,0.5,28,0,10,0,1,2,5,0.0,-1.0,2.0,0.0,0.0,-1.0,2.0,42,1.0,6.0,3.0,0.0,0.5,28.0,0.0,10.0,0.0,1.0,2.0,5.0,0.0,-1.0,2.0,0.0,0.0,-1.0,2.0,42.0,0.0
C:\Users\syuuj\gitProject\nanohttpd\websocket\src\test\java\fi\iki\elonen\WebSocketResponseHandlerTest.java,fi.iki.elonen.WebSocketResponseHandlerTest.MockedWSD.1,anonymous,1,0,2,0.0,0.0,12,0,0,0,0,5,5,7.0,1.0,0.0,0.0,-1.0,0.0,0.0,83,1.0,0.0,2.0,0.0,0.0,12.0,0.0,0.0,0.0,0.0,5.0,5.0,7.0,1.0,0.0,0.0,-1.0,0.0,0.0,83.0,0.0
C:\Users\syuuj\gitProject\nanohttpd\webserver\src\test\java\fi\iki\elonen\TestHttpServer.java,fi.iki.elonen.TestHttpServer.2,anonymous,1,0,1,,0.0,6,0,1,0,0,1,1,0.0,-1.0,0.0,0.0,-1.0,-1.0,0.0,155,1.0,0.0,1.0,,0.0,6.0,0.0,1.0,0.0,0.0,1.0,1.0,0.0,-1.0,0.0,0.0,-1.0,-1.0,0.0,155.0,0.0
C:\Users\syuuj\gitProject\nanohttpd\markdown-plugin\src\main\java\fi\iki\elonen\MarkdownWebServerPlugin.java,fi.iki.elonen.MarkdownWebServerPlugin,class,1,2,6,0.16666667,0.6,61,0,12,0,2,5,13,0.0,-1.0,8.0,1.0,0.11111111,-1.0,5.0,53,1.0,2.0,6.0,0.16666667,0.6,61.0,0.0,12.0,0.0,2.0,5.0,13.0,0.0,-1.0,8.0,1.0,0.11111111,-1.0,5.0,53.0,0.0
C:\Users\syuuj\gitProject\nanohttpd\webserver\src\test\java\fi\iki\elonen\TestHttpServer.java,fi.iki.elonen.TestHttpServer.1,anonymous,1,0,1,,0.0,6,0,1,0,0,1,1,0.0,-1.0,0.0,0.0,-1.0,-1.0,0.0,65,1.0,0.0,1.0,,0.0,6.0,0.0,1.0,0.0,0.0,1.0,1.0,0.0,-1.0,0.0,0.0,-1.0,-1.0,0.0,65.0,0.0
C:\Users\syuuj\gitProject\nanohttpd\core\src\test\java\fi\iki\elonen\InvalidRequestTest.java,fi.iki.elonen.InvalidRequestTest,class,2,0,2,0.0,0.0,34,0,4,0,0,4,8,7.0,0.0,16.0,4.0,0.2,0.14285715,1.0,40,2.0,0.0,2.0,0.0,0.0,30.0,0.0,4.0,0.0,0.0,4.0,8.0,7.0,0.0,12.0,4.0,0.25,0.14285715,1.0,40.0,0.0
C:\Users\syuuj\gitProject\nanohttpd\core\src\test\java\fi\iki\elonen\HttpPutRequestTest.java,fi.iki.elonen.HttpPutRequestTest,class,2,0,2,,0.0,20,0,8,0,0,1,2,7.0,0.0,1.0,1.0,0.5,0.5714286,1.0,45,2.0,0.0,2.0,,0.0,20.0,0.0,8.0,0.0,0.0,1.0,2.0,7.0,0.0,1.0,1.0,0.5,0.5714286,1.0,45.0,0.0
C:\Users\syuuj\gitProject\nanohttpd\core\src\test\java\fi\iki\elonen\integration\CookieIntegrationTest.java,fi.iki.elonen.integration.CookieIntegrationTest,class,3,0,10,0.0,0.0,52,0,20,1,0,4,4,2.0,0.25,22.0,0.0,0.0,0.0,9.0,55,3.0,0.0,10.0,0.0,0.0,52.0,0.0,20.0,1.0,0.0,4.0,4.0,2.0,0.25,22.0,0.0,0.0,0.0,9.0,55.0,0.0
C:\Users\syuuj\gitProject\nanohttpd\core\src\test\java\fi\iki\elonen\HttpChunkedResponseTest.java,fi.iki.elonen.HttpChunkedResponseTest.ChunkedInputStream,innerclass,3,0,1,,0.25,13,0,2,0,2,2,3,0.0,0.0,0.0,7.0,1.0,-1.0,0.0,44,3.0,0.0,1.0,,0.25,13.0,0.0,2.0,0.0,2.0,2.0,3.0,0.0,0.0,0.0,7.0,1.0,-1.0,0.0,44.0,0.0
C:\Users\syuuj\gitProject\nanohttpd\core\src\main\java\fi\iki\elonen\NanoHTTPD.java,fi.iki.elonen.NanoHTTPD.Method,enum,1,0,1,,0.0,10,0,1,0,0,1,3,0.0,0.0,0.0,0.0,-1.0,-1.0,0.0,1293,1.0,0.0,1.0,,0.0,10.0,0.0,1.0,0.0,0.0,1.0,3.0,0.0,0.0,0.0,0.0,-1.0,-1.0,0.0,1249.0,0.0
C:\Users\syuuj\gitProject\nanohttpd\core\src\test\java\fi\iki\elonen\JavaIOTempDirExistTest.java,fi.iki.elonen.JavaIOTempDirExistTest,class,1,0,3,0.0,0.0,34,0,14,0,0,2,3,0.0,-1.0,7.0,0.0,0.0,-1.0,3.0,48,1.0,0.0,3.0,0.0,0.0,34.0,0.0,14.0,0.0,0.0,2.0,3.0,0.0,-1.0,7.0,0.0,0.0,-1.0,3.0,48.0,0.0
C:\Users\syuuj\gitProject\nanohttpd\webserver\src\test\java\fi\iki\elonen\TestCorsHttpServerWithSingleOrigin.java,fi.iki.elonen.TestCorsHttpServerWithSingleOrigin,class,2,0,9,0.16666667,0.5,42,0,19,0,2,4,4,2.0,0.0,14.0,3.0,0.1764706,0.5,5.0,57,2.0,0.0,9.0,0.16666667,0.5,42.0,0.0,19.0,0.0,2.0,4.0,4.0,2.0,0.0,14.0,3.0,0.1764706,0.5,5.0,57.0,0.0
C:\Users\syuuj\gitProject\nanohttpd\core\src\main\java\fi\iki\elonen\NanoHTTPD.java,fi.iki.elonen.NanoHTTPD.Cookie,innerclass,1,0,1,0.3,0.2,27,0,8,0,1,5,5,0.0,-1.0,6.0,10.0,0.625,-1.0,4.0,214,1.0,0.0,1.0,0.3,0.2,27.0,0.0,8.0,0.0,1.0,5.0,5.0,0.0,-1.0,6.0,10.0,0.625,-1.0,4.0,214.0,0.0
C:\Users\syuuj\gitProject\nanohttpd\nanolets\src\main\java\fi\iki\elonen\router\RouterNanoHTTPD.java,fi.iki.elonen.router.RouterNanoHTTPD.DefaultRoutePrioritizer,innerclass,2,0,2,,0.0,5,0,0,0,0,1,1,3.0,1.0,0.0,0.0,-1.0,0.0,0.0,551,,,,,,,,,,,,,,,,,,,,,0.0
C:\Users\syuuj\gitProject\nanohttpd\core\src\main\java\fi\iki\elonen\NanoHTTPD.java,fi.iki.elonen.NanoHTTPD.IHTTPSession,interface,1,0,2,0.0,0.0,14,0,0,0,0,12,12,0.0,-1.0,0.0,0.0,-1.0,-1.0,0.0,1235,1.0,0.0,2.0,0.0,0.0,13.0,0.0,0.0,0.0,0.0,11.0,11.0,0.0,-1.0,0.0,0.0,-1.0,-1.0,0.0,1201.0,0.0
C:\Users\syuuj\gitProject\nanohttpd\nanolets\src\test\java\fi\iki\elonen\router\AppNanolets.java,fi.iki.elonen.router.AppNanolets,class,9,2,11,0.0,0.6666667,79,0,7,3,1,3,3,0.0,0.5,11.0,3.0,0.21428572,-1.0,7.0,55,9.0,2.0,11.0,0.0,0.6666667,78.0,0.0,7.0,3.0,1.0,3.0,3.0,0.0,0.5,10.0,3.0,0.23076923,-1.0,7.0,55.0,0.0
C:\Users\syuuj\gitProject\nanohttpd\core\src\main\java\fi\iki\elonen\NanoHTTPD.java,fi.iki.elonen.NanoHTTPD.ServerRunnable,innerclass,1,0,2,1.0,0.33333334,32,0,8,0,3,2,7,0.0,-1.0,7.0,5.0,0.41666666,-1.0,3.0,1746,1.0,0.0,2.0,,0.33333334,32.0,0.0,8.0,0.0,3.0,2.0,7.0,0.0,-1.0,7.0,5.0,0.41666666,-1.0,3.0,1672.0,0.0
C:\Users\syuuj\gitProject\nanohttpd\websocket\src\main\java\fi\iki\elonen\NanoWSD.java,fi.iki.elonen.NanoWSD.WebSocketFrame,innerclass,2,0,5,0.6884058,0.729064,338,0,39,3,7,29,79,0.0,-1.0,30.0,89.0,0.7478992,-1.0,5.0,308,2.0,0.0,5.0,0.6884058,0.729064,338.0,0.0,39.0,3.0,7.0,29.0,79.0,0.0,-1.0,30.0,89.0,0.7478992,-1.0,5.0,307.0,0.0
C:\Users\syuuj\gitProject\nanohttpd\core\src\main\java\fi\iki\elonen\NanoHTTPD.java,fi.iki.elonen.NanoHTTPD.Response.IStatus,interface,1,0,0,0.0,0.0,4,0,0,0,0,2,2,0.0,-1.0,0.0,0.0,-1.0,-1.0,0.0,1329,1.0,0.0,0.0,0.0,0.0,4.0,0.0,0.0,0.0,0.0,2.0,2.0,0.0,-1.0,0.0,0.0,-1.0,-1.0,0.0,1285.0,0.0
C:\Users\syuuj\gitProject\nanohttpd\core\src\test\java\fi\iki\elonen\HttpDeleteRequestTest.java,fi.iki.elonen.HttpDeleteRequestTest,class,2,0,3,0.0,0.0,32,0,4,0,0,5,5,7.0,0.0,13.0,5.0,0.2777778,0.2857143,3.0,41,2.0,0.0,3.0,0.0,0.0,32.0,0.0,4.0,0.0,0.0,5.0,5.0,7.0,0.0,13.0,5.0,0.2777778,0.2857143,3.0,41.0,0.0
C:\Users\syuuj\gitProject\nanohttpd\webserver\src\test\java\fi\iki\elonen\TestCorsHttpServerWithSingleOrigin.java,fi.iki.elonen.TestCorsHttpServerWithSingleOrigin.1,anonymous,1,0,1,,0.0,6,0,1,0,0,1,1,0.0,-1.0,0.0,0.0,-1.0,-1.0,0.0,67,1.0,0.0,1.0,,0.0,6.0,0.0,1.0,0.0,0.0,1.0,1.0,0.0,-1.0,0.0,0.0,-1.0,-1.0,0.0,67.0,0.0
C:\Users\syuuj\gitProject\nanohttpd\websocket\src\test\java\fi\iki\elonen\samples\echo\EchoWebSocketsTest.java,fi.iki.elonen.samples.echo.EchoWebSocketsTest,class,1,1,10,0.0,0.6,70,0,27,0,1,5,8,0.0,-1.0,14.0,1.0,0.06666667,-1.0,6.0,53,1.0,1.0,10.0,0.0,0.6,70.0,0.0,27.0,0.0,1.0,5.0,8.0,0.0,-1.0,14.0,1.0,0.06666667,-1.0,6.0,53.0,0.0
C:\Users\syuuj\gitProject\nanohttpd\webserver\src\test\java\fi\iki\elonen\TestCorsHttpServer.java,fi.iki.elonen.TestCorsHttpServer.1,anonymous,1,0,1,,0.0,6,0,1,0,0,1,1,0.0,-1.0,0.0,0.0,-1.0,-1.0,0.0,67,1.0,0.0,1.0,,0.0,6.0,0.0,1.0,0.0,0.0,1.0,1.0,0.0,-1.0,0.0,0.0,-1.0,-1.0,0.0,67.0,0.0
C:\Users\syuuj\gitProject\nanohttpd\webserver\src\test\java\fi\iki\elonen\TestHttpServer.java,fi.iki.elonen.TestHttpServer,class,2,0,9,0.010989011,0.85714287,229,0,27,0,2,14,26,2.0,0.0,49.0,3.0,0.057692308,0.5,5.0,55,2.0,0.0,9.0,0.010989011,0.85714287,229.0,0.0,27.0,0.0,2.0,14.0,26.0,2.0,0.0,49.0,3.0,0.057692308,0.5,5.0,55.0,0.0
C:\Users\syuuj\gitProject\nanohttpd\core\src\test\java\fi\iki\elonen\HttpSessionHeadersTest.java,fi.iki.elonen.HttpSessionHeadersTest,class,2,0,5,,0.0,15,0,7,0,2,1,2,7.0,0.0,4.0,1.0,0.2,0.0,3.0,46,2.0,0.0,5.0,,0.0,15.0,0.0,7.0,0.0,2.0,1.0,2.0,7.0,0.0,4.0,1.0,0.2,0.0,3.0,46.0,0.0
C:\Users\syuuj\gitProject\nanohttpd\samples\src\main\java\fi\iki\elonen\TempFilesServer.java,fi.iki.elonen.TempFilesServer,class,3,1,7,,0.0,40,0,2,2,0,1,1,0.0,0.0,2.0,0.0,0.0,-1.0,1.0,46,3.0,1.0,7.0,,0.0,40.0,0.0,2.0,2.0,0.0,1.0,1.0,0.0,0.0,2.0,0.0,0.0,-1.0,1.0,46.0,0.0
C:\Users\syuuj\gitProject\nanohttpd\core\src\main\java\fi\iki\elonen\NanoHTTPD.java,fi.iki.elonen.NanoHTTPD.TempFileManagerFactory,interface,1,0,1,,0.0,3,0,0,0,0,1,1,0.0,-1.0,0.0,0.0,-1.0,-1.0,0.0,1817,1.0,0.0,1.0,,0.0,3.0,0.0,0.0,0.0,0.0,1.0,1.0,0.0,-1.0,0.0,0.0,-1.0,-1.0,0.0,1743.0,0.0
C:\Users\syuuj\gitProject\nanohttpd\websocket\src\main\java\fi\iki\elonen\NanoWSD.java,fi.iki.elonen.NanoWSD.WebSocketFrame.CloseCode,enum,1,0,1,1.0,0.0,16,0,2,0,1,3,5,0.0,0.0,0.0,3.0,1.0,-1.0,0.0,310,1.0,0.0,1.0,1.0,0.0,16.0,0.0,2.0,0.0,1.0,3.0,5.0,0.0,0.0,0.0,3.0,1.0,-1.0,0.0,309.0,0.0
C:\Users\syuuj\gitProject\nanohttpd\websocket\src\main\java\fi\iki\elonen\NanoWSD.java,fi.iki.elonen.NanoWSD.WebSocket,innerclass,1,0,10,0.033333335,0.8843537,172,0,29,0,7,21,47,0.0,-1.0,46.0,23.0,0.33333334,-1.0,9.0,65,1.0,0.0,10.0,0.033333335,0.8843537,171.0,0.0,29.0,0.0,7.0,21.0,47.0,0.0,-1.0,46.0,23.0,0.33333334,-1.0,9.0,65.0,0.0
