file,class_x,NprotM,BOvR,ATFD,ATLD,LAA,BUR,FDP,line,class_y,type,dit,fanin,fanout,lcc,lcom*,loc,noc,rfc,innerClassesQty,totalFieldsQty,totalMethodsQty,wmc
C:\Users\syuuj\gitProject\webmagic\webmagic-core\src\main\java\us\codecraft\webmagic\selector\SmartContentSelector.java,us.codecraft.webmagic.selector.SmartContentSelector,0.0,-1.0,12.0,0.0,0.0,-1.0,3.0,17,us.codecraft.webmagic.selector.SmartContentSelector,class,1,2,2,0.0,0.0,62,0,15,0,0,3,18
C:\Users\syuuj\gitProject\webmagic\webmagic-core\src\main\java\us\codecraft\webmagic\scheduler\PriorityScheduler.java,us.codecraft.webmagic.scheduler.PriorityScheduler,4.0,0.25,4.0,0.0,0.0,0.0,3.0,20,us.codecraft.webmagic.scheduler.PriorityScheduler,class,2,5,6,0.5,0.5625,44,2,8,0,4,4,8
C:\Users\syuuj\gitProject\webmagic\webmagic-core\src\main\java\us\codecraft\webmagic\selector\Selectors.java,us.codecraft.webmagic.selector.Selectors,0.0,-1.0,0.0,0.0,-1.0,-1.0,0.0,9,us.codecraft.webmagic.selector.Selectors,class,1,6,7,0.0,0.0,29,0,0,0,0,9,9
C:\Users\syuuj\gitProject\webmagic\webmagic-core\src\main\java\us\codecraft\webmagic\pipeline\ResultItemsCollectorPipeline.java,us.codecraft.webmagic.pipeline.ResultItemsCollectorPipeline,0.0,-1.0,0.0,1.0,1.0,-1.0,0.0,13,us.codecraft.webmagic.pipeline.ResultItemsCollectorPipeline,class,1,2,3,1.0,0.0,9,0,1,0,1,2,2
C:\Users\syuuj\gitProject\webmagic\webmagic-core\src\test\java\us\codecraft\webmagic\downloader\HttpClientDownloaderTest.java,us.codecraft.webmagic.downloader.HttpClientDownloaderTest$212,0.0,-1.0,2.0,0.0,0.0,-1.0,2.0,212,us.codecraft.webmagic.downloader.HttpClientDownloaderTest$212,anonymous,1,0,4,,0.0,9,0,8,0,0,1,1
C:\Users\syuuj\gitProject\webmagic\webmagic-core\src\main\java\us\codecraft\webmagic\selector\Html.java,us.codecraft.webmagic.selector.Html,5.0,0.2,2.0,9.0,0.8181818,0.0,1.0,18,us.codecraft.webmagic.selector.Html,class,3,13,8,0.21428572,0.75,53,0,11,0,3,8,12
C:\Users\syuuj\gitProject\webmagic\webmagic-core\src\main\java\us\codecraft\webmagic\thread\CountableThreadPool.java,us.codecraft.webmagic.thread.CountableThreadPool$70,0.0,-1.0,0.0,0.0,-1.0,-1.0,0.0,70,us.codecraft.webmagic.thread.CountableThreadPool$70,anonymous,1,0,0,,0.0,17,0,5,0,0,1,1
C:\Users\syuuj\gitProject\webmagic\webmagic-core\src\main\java\us\codecraft\webmagic\utils\HttpConstant.java,us.codecraft.webmagic.utils.HttpConstant$Method,0.0,-1.0,0.0,0.0,-1.0,-1.0,0.0,10,us.codecraft.webmagic.utils.HttpConstant$Method,innerclass,1,0,0,-1.0,,9,0,0,0,7,0,0
C:\Users\syuuj\gitProject\webmagic\webmagic-core\src\main\java\us\codecraft\webmagic\downloader\Downloader.java,us.codecraft.webmagic.downloader.Downloader,0.0,-1.0,0.0,0.0,-1.0,-1.0,0.0,15,us.codecraft.webmagic.downloader.Downloader,interface,1,5,3,0.0,0.0,4,0,0,0,0,2,2
C:\Users\syuuj\gitProject\webmagic\webmagic-core\src\main\java\us\codecraft\webmagic\selector\CssSelector.java,us.codecraft.webmagic.selector.CssSelector,0.0,0.42857143,2.0,14.0,0.875,-1.0,2.0,18,us.codecraft.webmagic.selector.CssSelector,class,2,6,6,0.35714287,0.61111116,71,0,16,0,2,9,21
C:\Users\syuuj\gitProject\webmagic\webmagic-core\src\main\java\us\codecraft\webmagic\selector\RegexResult.java,us.codecraft.webmagic.selector.RegexResult,0.0,-1.0,0.0,3.0,1.0,-1.0,0.0,10,us.codecraft.webmagic.selector.RegexResult,class,1,2,1,0.33333334,0.6666667,15,0,0,0,2,3,4
C:\Users\syuuj\gitProject\webmagic\webmagic-core\src\main\java\us\codecraft\webmagic\utils\ProxyUtils.java,us.codecraft.webmagic.utils.ProxyUtils,0.0,-1.0,2.0,0.0,0.0,-1.0,1.0,18,us.codecraft.webmagic.utils.ProxyUtils,class,1,1,3,,0.0,26,0,6,0,1,1,4
C:\Users\syuuj\gitProject\webmagic\webmagic-core\src\test\java\us\codecraft\webmagic\selector\RegexSelectorTest.java,us.codecraft.webmagic.selector.RegexSelectorTest,0.0,-1.0,1.0,0.0,0.0,-1.0,1.0,9,us.codecraft.webmagic.selector.RegexSelectorTest,class,1,0,2,0.0,0.0,25,0,3,0,0,3,3
C:\Users\syuuj\gitProject\webmagic\webmagic-core\src\main\java\us\codecraft\webmagic\processor\PageProcessor.java,us.codecraft.webmagic.processor.PageProcessor,0.0,-1.0,0.0,0.0,-1.0,-1.0,0.0,20,us.codecraft.webmagic.processor.PageProcessor,interface,1,36,2,0.0,0.0,4,0,0,0,0,2,2
C:\Users\syuuj\gitProject\webmagic\webmagic-core\src\main\java\us\codecraft\webmagic\processor\SimplePageProcessor.java,us.codecraft.webmagic.processor.SimplePageProcessor,0.0,-1.0,4.0,4.0,0.5,-1.0,1.0,14,us.codecraft.webmagic.processor.SimplePageProcessor,class,1,1,6,1.0,0.33333334,18,0,11,0,2,3,3
C:\Users\syuuj\gitProject\webmagic\webmagic-core\src\main\java\us\codecraft\webmagic\scheduler\QueueScheduler.java,us.codecraft.webmagic.scheduler.QueueScheduler,4.0,0.25,2.0,0.0,0.0,0.0,2.0,19,us.codecraft.webmagic.scheduler.QueueScheduler,class,2,1,6,0.5,0.25,15,0,5,0,1,4,4
C:\Users\syuuj\gitProject\webmagic\webmagic-core\src\test\java\us\codecraft\webmagic\downloader\HttpClientDownloaderTest.java,us.codecraft.webmagic.downloader.HttpClientDownloaderTest$296,0.0,-1.0,2.0,0.0,0.0,-1.0,2.0,296,us.codecraft.webmagic.downloader.HttpClientDownloaderTest$296,anonymous,1,0,4,,0.0,9,0,7,0,0,1,1
C:\Users\syuuj\gitProject\webmagic\webmagic-core\src\main\java\us\codecraft\webmagic\selector\LinksSelector.java,us.codecraft.webmagic.selector.LinksSelector,0.0,0.6,0.0,0.0,-1.0,-1.0,0.0,16,us.codecraft.webmagic.selector.LinksSelector,class,2,2,3,0.0,0.0,27,0,6,0,0,5,7
C:\Users\syuuj\gitProject\webmagic\webmagic-core\src\test\java\us\codecraft\webmagic\SpiderTest.java,us.codecraft.webmagic.SpiderTest$59,0.0,-1.0,1.0,0.0,0.0,-1.0,1.0,59,us.codecraft.webmagic.SpiderTest$59,anonymous,1,0,3,0.0,0.0,7,0,1,0,0,2,2
C:\Users\syuuj\gitProject\webmagic\webmagic-core\src\main\java\us\codecraft\webmagic\utils\FilePersistentBase.java,us.codecraft.webmagic.utils.FilePersistentBase,0.0,-1.0,2.0,6.0,0.75,-1.0,2.0,11,us.codecraft.webmagic.utils.FilePersistentBase,class,1,6,1,0.3,0.375,33,5,8,0,2,4,9
C:\Users\syuuj\gitProject\webmagic\webmagic-core\src\test\java\us\codecraft\webmagic\utils\UrlUtilsTest.java,us.codecraft.webmagic.utils.UrlUtilsTest,0.0,-1.0,3.0,0.0,0.0,-1.0,1.0,13,us.codecraft.webmagic.utils.UrlUtilsTest,class,1,0,2,0.0,0.0,24,0,5,0,0,2,2
C:\Users\syuuj\gitProject\webmagic\webmagic-core\src\main\java\us\codecraft\webmagic\scheduler\DuplicateRemovedScheduler.java,us.codecraft.webmagic.scheduler.DuplicateRemovedScheduler,0.0,-1.0,5.0,2.0,0.2857143,-1.0,1.0,17,us.codecraft.webmagic.scheduler.DuplicateRemovedScheduler,class,1,9,7,0.2,0.6666666,26,4,12,0,2,6,10
C:\Users\syuuj\gitProject\webmagic\webmagic-core\src\main\java\us\codecraft\webmagic\utils\HttpConstant.java,us.codecraft.webmagic.utils.HttpConstant,0.0,-1.0,0.0,0.0,-1.0,-1.0,0.0,8,us.codecraft.webmagic.utils.HttpConstant,class,1,0,0,-1.0,0.0,18,0,0,3,0,0,0
C:\Users\syuuj\gitProject\webmagic\webmagic-core\src\main\java\us\codecraft\webmagic\downloader\HttpClientDownloader.java,us.codecraft.webmagic.downloader.HttpClientDownloader,2.0,0.0,43.0,7.0,0.14,1.0,14.0,34,us.codecraft.webmagic.downloader.HttpClientDownloader,class,2,15,20,0.3,0.7619048,93,0,47,0,6,7,23
C:\Users\syuuj\gitProject\webmagic\webmagic-core\src\test\java\us\codecraft\webmagic\scheduler\PrioritySchedulerTest.java,us.codecraft.webmagic.scheduler.PrioritySchedulerTest,0.0,-1.0,10.0,14.0,0.5833333,-1.0,1.0,12,us.codecraft.webmagic.scheduler.PrioritySchedulerTest,class,1,0,5,1.0,0.0,47,0,5,0,2,2,2
C:\Users\syuuj\gitProject\webmagic\webmagic-core\src\test\java\us\codecraft\webmagic\scheduler\PrioritySchedulerTest.java,us.codecraft.webmagic.scheduler.PrioritySchedulerTest$16,0.0,-1.0,0.0,0.0,-1.0,-1.0,0.0,16,us.codecraft.webmagic.scheduler.PrioritySchedulerTest$16,anonymous,1,0,1,0.0,0.0,8,0,0,0,0,2,2
C:\Users\syuuj\gitProject\webmagic\webmagic-core\src\test\java\us\codecraft\webmagic\downloader\HttpClientDownloaderTest.java,us.codecraft.webmagic.downloader.HttpClientDownloaderTest$195,0.0,-1.0,2.0,0.0,0.0,-1.0,2.0,195,us.codecraft.webmagic.downloader.HttpClientDownloaderTest$195,anonymous,1,0,4,,0.0,10,0,8,0,0,1,1
C:\Users\syuuj\gitProject\webmagic\webmagic-core\src\test\java\us\codecraft\webmagic\SpiderTest.java,us.codecraft.webmagic.SpiderTest$46,0.0,-1.0,2.0,0.0,0.0,-1.0,2.0,46,us.codecraft.webmagic.SpiderTest$46,anonymous,1,0,2,0.0,1.0,9,0,3,0,1,2,2
C:\Users\syuuj\gitProject\webmagic\webmagic-core\src\test\java\us\codecraft\webmagic\pipeline\FilePipelineTest.java,us.codecraft.webmagic.pipeline.FilePipelineTest$27,0.0,-1.0,0.0,0.0,-1.0,-1.0,0.0,27,us.codecraft.webmagic.pipeline.FilePipelineTest$27,anonymous,1,0,1,0.0,0.0,8,0,2,0,0,2,2
C:\Users\syuuj\gitProject\webmagic\webmagic-core\src\main\java\us\codecraft\webmagic\selector\OrSelector.java,us.codecraft.webmagic.selector.OrSelector,0.0,-1.0,0.0,3.0,1.0,-1.0,0.0,12,us.codecraft.webmagic.selector.OrSelector,class,1,3,1,1.0,0.0,28,0,4,0,1,4,8
C:\Users\syuuj\gitProject\webmagic\webmagic-core\src\main\java\us\codecraft\webmagic\scheduler\PriorityScheduler.java,us.codecraft.webmagic.scheduler.PriorityScheduler$26,0.0,-1.0,2.0,0.0,0.0,-1.0,1.0,26,us.codecraft.webmagic.scheduler.PriorityScheduler$26,anonymous,1,0,2,,0.0,5,0,2,0,0,1,1
C:\Users\syuuj\gitProject\webmagic\webmagic-core\src\main\java\us\codecraft\webmagic\scheduler\component\DuplicateRemover.java,us.codecraft.webmagic.scheduler.component.DuplicateRemover,0.0,-1.0,0.0,0.0,-1.0,-1.0,0.0,11,us.codecraft.webmagic.scheduler.component.DuplicateRemover,interface,1,9,2,0.0,0.0,5,0,0,0,0,3,3
C:\Users\syuuj\gitProject\webmagic\webmagic-core\src\test\java\us\codecraft\webmagic\downloader\HttpClientDownloaderTest.java,us.codecraft.webmagic.downloader.HttpClientDownloaderTest$126,0.0,-1.0,35.0,0.0,0.0,-1.0,6.0,126,us.codecraft.webmagic.downloader.HttpClientDownloaderTest$126,anonymous,1,0,6,,0.0,28,0,16,0,0,1,1
C:\Users\syuuj\gitProject\webmagic\webmagic-core\src\main\java\us\codecraft\webmagic\downloader\HttpUriRequestConverter.java,us.codecraft.webmagic.downloader.HttpUriRequestConverter,0.0,-1.0,58.0,0.0,0.0,-1.0,18.0,32,us.codecraft.webmagic.downloader.HttpUriRequestConverter,class,1,6,19,,0.0,79,0,50,0,0,5,25
C:\Users\syuuj\gitProject\webmagic\webmagic-core\src\test\java\us\codecraft\webmagic\downloader\HttpClientDownloaderTest.java,us.codecraft.webmagic.downloader.HttpClientDownloaderTest,0.0,-1.0,90.0,1.0,0.010989011,-1.0,18.0,37,us.codecraft.webmagic.downloader.HttpClientDownloaderTest,class,1,0,11,0.0,0.93333334,247,0,32,0,1,15,15
C:\Users\syuuj\gitProject\webmagic\webmagic-core\src\main\java\us\codecraft\webmagic\processor\example\GithubRepoPageProcessor.java,us.codecraft.webmagic.processor.example.GithubRepoPageProcessor,0.0,-1.0,8.0,1.0,0.11111111,-1.0,2.0,12,us.codecraft.webmagic.processor.example.GithubRepoPageProcessor,class,1,4,8,0.0,0.6666667,19,0,20,0,1,3,4
C:\Users\syuuj\gitProject\webmagic\webmagic-core\src\main\java\us\codecraft\webmagic\downloader\HttpClientGenerator.java,us.codecraft.webmagic.downloader.HttpClientGenerator,0.0,-1.0,32.0,2.0,0.05882353,-1.0,10.0,35,us.codecraft.webmagic.downloader.HttpClientGenerator,class,1,3,15,0.33333334,0.71428573,93,0,43,0,2,7,15
C:\Users\syuuj\gitProject\webmagic\webmagic-core\src\main\java\us\codecraft\webmagic\selector\Selectable.java,us.codecraft.webmagic.selector.Selectable,0.0,-1.0,0.0,0.0,-1.0,-1.0,0.0,11,us.codecraft.webmagic.selector.Selectable,interface,1,41,2,0.0,0.0,20,0,0,0,0,18,18
C:\Users\syuuj\gitProject\webmagic\webmagic-core\src\main\java\us\codecraft\webmagic\selector\PlainText.java,us.codecraft.webmagic.selector.PlainText,3.0,0.125,0.0,5.0,1.0,0.0,0.0,13,us.codecraft.webmagic.selector.PlainText,class,2,12,3,0.06666667,0.7,38,1,5,0,1,10,11
C:\Users\syuuj\gitProject\webmagic\webmagic-core\src\main\java\us\codecraft\webmagic\selector\AbstractSelectable.java,us.codecraft.webmagic.selector.AbstractSelectable,0.0,-1.0,2.0,12.0,0.85714287,-1.0,1.0,12,us.codecraft.webmagic.selector.AbstractSelectable,class,1,16,7,0.0,0.0,71,2,16,0,0,16,24
C:\Users\syuuj\gitProject\webmagic\webmagic-core\src\main\java\us\codecraft\webmagic\utils\HttpConstant.java,us.codecraft.webmagic.utils.HttpConstant$StatusCode,0.0,-1.0,0.0,0.0,-1.0,-1.0,0.0,28,us.codecraft.webmagic.utils.HttpConstant$StatusCode,innerclass,1,0,0,-1.0,,3,0,0,0,1,0,0
C:\Users\syuuj\gitProject\webmagic\webmagic-core\src\test\java\us\codecraft\webmagic\downloader\HttpClientDownloaderTest.java,us.codecraft.webmagic.downloader.HttpClientDownloaderTest$312,0.0,-1.0,4.0,0.0,0.0,-1.0,3.0,312,us.codecraft.webmagic.downloader.HttpClientDownloaderTest$312,anonymous,1,0,4,,0.0,10,0,9,0,0,1,1
C:\Users\syuuj\gitProject\webmagic\webmagic-core\src\main\java\us\codecraft\webmagic\selector\RegexSelector.java,us.codecraft.webmagic.selector.RegexSelector,0.0,-1.0,7.0,8.0,0.53333336,-1.0,3.0,17,us.codecraft.webmagic.selector.RegexSelector,class,1,8,3,1.0,0.41666666,67,0,12,0,3,8,16
C:\Users\syuuj\gitProject\webmagic\webmagic-core\src\test\java\us\codecraft\webmagic\downloader\HttpClientDownloaderTest.java,us.codecraft.webmagic.downloader.HttpClientDownloaderTest$245,0.0,-1.0,2.0,0.0,0.0,-1.0,2.0,245,us.codecraft.webmagic.downloader.HttpClientDownloaderTest$245,anonymous,1,0,4,,0.0,9,0,7,0,0,1,1
C:\Users\syuuj\gitProject\webmagic\webmagic-core\src\main\java\us\codecraft\webmagic\model\HttpRequestBody.java,us.codecraft.webmagic.model.HttpRequestBody,0.0,-1.0,9.0,9.0,0.5,-1.0,4.0,17,us.codecraft.webmagic.model.HttpRequestBody,class,1,4,4,0.8333333,0.68750006,68,0,9,1,4,12,16
C:\Users\syuuj\gitProject\webmagic\webmagic-core\src\main\java\us\codecraft\webmagic\processor\example\ZhihuPageProcessor.java,us.codecraft.webmagic.processor.example.ZhihuPageProcessor,0.0,-1.0,7.0,1.0,0.125,-1.0,2.0,12,us.codecraft.webmagic.processor.example.ZhihuPageProcessor,class,1,3,8,0.0,0.6666667,18,0,17,0,1,3,4
C:\Users\syuuj\gitProject\webmagic\webmagic-core\src\main\java\us\codecraft\webmagic\Site.java,us.codecraft.webmagic.Site$331,0.0,-1.0,1.0,0.0,0.0,-1.0,1.0,331,us.codecraft.webmagic.Site$331,anonymous,1,0,1,0.0,0.0,12,0,3,0,0,2,3
C:\Users\syuuj\gitProject\webmagic\webmagic-core\src\main\java\us\codecraft\webmagic\downloader\HttpClientGenerator.java,us.codecraft.webmagic.downloader.HttpClientGenerator$63,0.0,-1.0,0.0,0.0,-1.0,-1.0,0.0,63,us.codecraft.webmagic.downloader.HttpClientGenerator$63,anonymous,1,0,0,0.0,0.0,9,0,0,0,0,3,3
C:\Users\syuuj\gitProject\webmagic\webmagic-core\src\test\java\us\codecraft\webmagic\pipeline\FilePipelineTest.java,us.codecraft.webmagic.pipeline.FilePipelineTest,0.0,-1.0,1.0,4.0,0.8,-1.0,1.0,15,us.codecraft.webmagic.pipeline.FilePipelineTest,class,1,0,6,1.0,0.0,23,0,3,0,2,2,2
C:\Users\syuuj\gitProject\webmagic\webmagic-core\src\main\java\us\codecraft\webmagic\Page.java,us.codecraft.webmagic.Page,0.0,-1.0,4.0,40.0,0.90909094,-1.0,2.0,30,us.codecraft.webmagic.Page,class,1,71,8,0.8689655,0.86944443,130,0,13,0,12,30,42
C:\Users\syuuj\gitProject\webmagic\webmagic-core\src\main\java\us\codecraft\webmagic\downloader\AbstractDownloader.java,us.codecraft.webmagic.downloader.AbstractDownloader,0.0,-1.0,2.0,0.0,0.0,-1.0,2.0,14,us.codecraft.webmagic.downloader.AbstractDownloader,class,1,4,6,0.0,0.0,13,2,6,0,0,4,4
C:\Users\syuuj\gitProject\webmagic\webmagic-core\src\test\java\us\codecraft\webmagic\SpiderTest.java,us.codecraft.webmagic.SpiderTest$22,0.0,-1.0,0.0,0.0,-1.0,-1.0,0.0,22,us.codecraft.webmagic.SpiderTest$22,anonymous,1,0,2,,0.0,5,0,1,0,0,1,1
C:\Users\syuuj\gitProject\webmagic\webmagic-core\src\test\java\us\codecraft\webmagic\downloader\HttpClientDownloaderTest.java,us.codecraft.webmagic.downloader.HttpClientDownloaderTest$178,0.0,-1.0,3.0,0.0,0.0,-1.0,3.0,178,us.codecraft.webmagic.downloader.HttpClientDownloaderTest$178,anonymous,1,0,4,,0.0,10,0,9,0,0,1,1
C:\Users\syuuj\gitProject\webmagic\webmagic-core\src\test\java\us\codecraft\webmagic\downloader\HttpClientDownloaderTest.java,us.codecraft.webmagic.downloader.HttpClientDownloaderTest$261,0.0,-1.0,3.0,0.0,0.0,-1.0,3.0,261,us.codecraft.webmagic.downloader.HttpClientDownloaderTest$261,anonymous,1,0,6,,0.0,10,0,9,0,0,1,1
C:\Users\syuuj\gitProject\webmagic\webmagic-core\src\main\java\us\codecraft\webmagic\selector\ElementSelector.java,us.codecraft.webmagic.selector.ElementSelector,0.0,-1.0,0.0,0.0,-1.0,-1.0,0.0,13,us.codecraft.webmagic.selector.ElementSelector,interface,1,2,1,0.0,0.0,4,0,0,0,0,2,2
C:\Users\syuuj\gitProject\webmagic\webmagic-core\src\test\java\us\codecraft\webmagic\downloader\HttpClientDownloaderTest.java,us.codecraft.webmagic.downloader.HttpClientDownloaderTest$79,0.0,-1.0,10.0,3.0,0.23076923,-1.0,6.0,79,us.codecraft.webmagic.downloader.HttpClientDownloaderTest$79,anonymous,1,0,11,,0.0,32,0,14,0,0,2,4
C:\Users\syuuj\gitProject\webmagic\webmagic-core\src\main\java\us\codecraft\webmagic\model\HttpRequestBody.java,us.codecraft.webmagic.model.HttpRequestBody$ContentType,0.0,-1.0,0.0,0.0,-1.0,-1.0,0.0,21,us.codecraft.webmagic.model.HttpRequestBody$ContentType,innerclass,1,0,0,-1.0,,6,0,0,0,4,0,0
C:\Users\syuuj\gitProject\webmagic\webmagic-core\src\main\java\us\codecraft\webmagic\pipeline\ConsolePipeline.java,us.codecraft.webmagic.pipeline.ConsolePipeline,0.0,-1.0,5.0,0.0,0.0,-1.0,3.0,15,us.codecraft.webmagic.pipeline.ConsolePipeline,class,1,3,4,,0.0,8,0,7,0,0,1,2
C:\Users\syuuj\gitProject\webmagic\webmagic-core\src\main\java\us\codecraft\webmagic\selector\Json.java,us.codecraft.webmagic.selector.Json,4.0,0.25,6.0,0.0,0.0,0.5,2.0,13,us.codecraft.webmagic.selector.Json,class,3,3,7,0.0,0.0,33,0,8,0,0,6,8
C:\Users\syuuj\gitProject\webmagic\webmagic-core\src\test\java\us\codecraft\webmagic\SpiderTest.java,us.codecraft.webmagic.SpiderTest$69,0.0,-1.0,0.0,0.0,-1.0,-1.0,0.0,69,us.codecraft.webmagic.SpiderTest$69,anonymous,1,0,2,0.0,0.5,15,0,2,0,2,2,4
C:\Users\syuuj\gitProject\webmagic\webmagic-core\src\main\java\us\codecraft\webmagic\scheduler\MonitorableScheduler.java,us.codecraft.webmagic.scheduler.MonitorableScheduler,0.0,-1.0,0.0,0.0,-1.0,-1.0,0.0,11,us.codecraft.webmagic.scheduler.MonitorableScheduler,interface,1,5,2,0.0,0.0,4,0,0,0,0,2,2
C:\Users\syuuj\gitProject\webmagic\webmagic-core\src\main\java\us\codecraft\webmagic\pipeline\Pipeline.java,us.codecraft.webmagic.pipeline.Pipeline,0.0,-1.0,0.0,0.0,-1.0,-1.0,0.0,15,us.codecraft.webmagic.pipeline.Pipeline,interface,1,14,2,,0.0,3,0,0,0,0,1,1
C:\Users\syuuj\gitProject\webmagic\webmagic-core\src\main\java\us\codecraft\webmagic\Request.java,us.codecraft.webmagic.Request,0.0,-1.0,3.0,32.0,0.9142857,-1.0,2.0,17,us.codecraft.webmagic.Request,class,1,70,3,0.52,0.8872728,108,0,6,0,11,25,34
C:\Users\syuuj\gitProject\webmagic\webmagic-core\src\test\java\us\codecraft\webmagic\proxy\ProxyTest.java,us.codecraft.webmagic.proxy.ProxyTest,0.0,-1.0,0.0,0.0,-1.0,-1.0,0.0,13,us.codecraft.webmagic.proxy.ProxyTest,class,2,0,1,,0.0,24,0,2,1,1,1,2
C:\Users\syuuj\gitProject\webmagic\webmagic-core\src\test\java\us\codecraft\webmagic\scheduler\DuplicateRemovedSchedulerTest.java,us.codecraft.webmagic.scheduler.DuplicateRemovedSchedulerTest$24,4.0,0.0,0.0,0.0,-1.0,0.0,0.0,24,us.codecraft.webmagic.scheduler.DuplicateRemovedSchedulerTest$24,anonymous,1,0,2,,0.0,5,0,0,0,0,1,1
C:\Users\syuuj\gitProject\webmagic\webmagic-core\src\test\java\us\codecraft\webmagic\selector\SelectorTest.java,us.codecraft.webmagic.selector.SelectorTest,0.0,-1.0,2.0,2.0,0.5,-1.0,2.0,12,us.codecraft.webmagic.selector.SelectorTest,class,1,0,4,1.0,0.0,17,0,10,0,1,2,2
C:\Users\syuuj\gitProject\webmagic\webmagic-core\src\main\java\us\codecraft\webmagic\utils\NumberUtils.java,us.codecraft.webmagic.utils.NumberUtils,0.0,-1.0,0.0,0.0,-1.0,-1.0,0.0,6,us.codecraft.webmagic.utils.NumberUtils,class,1,2,0,,0.0,13,0,0,0,0,1,3
C:\Users\syuuj\gitProject\webmagic\webmagic-core\src\main\java\us\codecraft\webmagic\proxy\ProxyProvider.java,us.codecraft.webmagic.proxy.ProxyProvider,0.0,-1.0,0.0,0.0,-1.0,-1.0,0.0,11,us.codecraft.webmagic.proxy.ProxyProvider,interface,1,3,3,0.0,0.0,4,0,0,0,0,2,2
C:\Users\syuuj\gitProject\webmagic\webmagic-core\src\main\java\us\codecraft\webmagic\proxy\SimpleProxyProvider.java,us.codecraft.webmagic.proxy.SimpleProxyProvider,0.0,-1.0,3.0,2.0,0.4,-1.0,3.0,18,us.codecraft.webmagic.proxy.SimpleProxyProvider,class,1,3,5,0.5,0.4166667,34,0,8,0,2,6,9
C:\Users\syuuj\gitProject\webmagic\webmagic-core\src\main\java\us\codecraft\webmagic\scheduler\Scheduler.java,us.codecraft.webmagic.scheduler.Scheduler,0.0,-1.0,0.0,0.0,-1.0,-1.0,0.0,15,us.codecraft.webmagic.scheduler.Scheduler,interface,1,5,2,0.0,0.0,4,0,0,0,0,2,2
C:\Users\syuuj\gitProject\webmagic\webmagic-core\src\main\java\us\codecraft\webmagic\utils\UrlUtils.java,us.codecraft.webmagic.utils.UrlUtils,0.0,-1.0,2.0,0.0,0.0,-1.0,2.0,21,us.codecraft.webmagic.utils.UrlUtils,class,1,8,2,0.0,0.8,80,0,24,0,2,10,20
C:\Users\syuuj\gitProject\webmagic\webmagic-core\src\test\java\us\codecraft\webmagic\SpiderTest.java,us.codecraft.webmagic.SpiderTest,0.0,-1.0,5.0,0.0,0.0,-1.0,3.0,17,us.codecraft.webmagic.SpiderTest,class,1,1,12,0.0,0.0,57,0,12,0,0,3,4
C:\Users\syuuj\gitProject\webmagic\webmagic-core\src\main\java\us\codecraft\webmagic\utils\WMCollections.java,us.codecraft.webmagic.utils.WMCollections,0.0,-1.0,2.0,0.0,0.0,-1.0,1.0,13,us.codecraft.webmagic.utils.WMCollections,class,1,3,1,0.0,0.0,16,0,2,0,0,2,4
C:\Users\syuuj\gitProject\webmagic\webmagic-core\src\main\java\us\codecraft\webmagic\thread\CountableThreadPool.java,us.codecraft.webmagic.thread.CountableThreadPool,0.0,-1.0,3.0,8.0,0.72727275,-1.0,1.0,19,us.codecraft.webmagic.thread.CountableThreadPool,class,1,1,0,1.0,0.7,66,0,10,0,5,8,11
C:\Users\syuuj\gitProject\webmagic\webmagic-core\src\main\java\us\codecraft\webmagic\downloader\CustomRedirectStrategy.java,us.codecraft.webmagic.downloader.CustomRedirectStrategy,0.0,0.0,6.0,0.0,0.0,-1.0,4.0,23,us.codecraft.webmagic.downloader.CustomRedirectStrategy,class,2,1,9,,0.0,22,0,9,0,1,1,3
C:\Users\syuuj\gitProject\webmagic\webmagic-core\src\main\java\us\codecraft\webmagic\utils\HttpClientUtils.java,us.codecraft.webmagic.utils.HttpClientUtils,0.0,-1.0,4.0,0.0,0.0,-1.0,2.0,14,us.codecraft.webmagic.utils.HttpClientUtils,class,1,1,1,,0.0,14,0,5,0,0,1,3
C:\Users\syuuj\gitProject\webmagic\webmagic-core\src\main\java\us\codecraft\webmagic\proxy\Proxy.java,us.codecraft.webmagic.proxy.Proxy,0.0,-1.0,2.0,26.0,0.9285714,-1.0,1.0,7,us.codecraft.webmagic.proxy.Proxy,class,1,8,1,1.0,0.3888889,47,0,3,0,4,9,19
C:\Users\syuuj\gitProject\webmagic\webmagic-core\src\main\java\us\codecraft\webmagic\Task.java,us.codecraft.webmagic.Task,0.0,-1.0,0.0,0.0,-1.0,-1.0,0.0,11,us.codecraft.webmagic.Task,interface,1,61,1,0.0,0.0,4,0,0,0,0,2,2
C:\Users\syuuj\gitProject\webmagic\webmagic-core\src\test\java\us\codecraft\webmagic\ResultItemsTest.java,us.codecraft.webmagic.ResultItemsTest,0.0,-1.0,1.0,0.0,0.0,-1.0,1.0,11,us.codecraft.webmagic.ResultItemsTest,class,1,0,2,,0.0,9,0,5,0,0,1,1
C:\Users\syuuj\gitProject\webmagic\webmagic-core\src\test\java\us\codecraft\webmagic\downloader\HttpUriRequestConverterTest.java,us.codecraft.webmagic.downloader.HttpUriRequestConverterTest,0.0,-1.0,2.0,0.0,0.0,-1.0,2.0,17,us.codecraft.webmagic.downloader.HttpUriRequestConverterTest,class,1,0,6,,0.0,7,0,7,0,0,1,1
C:\Users\syuuj\gitProject\webmagic\webmagic-core\src\main\java\us\codecraft\webmagic\scheduler\component\HashSetDuplicateRemover.java,us.codecraft.webmagic.scheduler.component.HashSetDuplicateRemover,0.0,-1.0,1.0,1.0,0.5,-1.0,1.0,13,us.codecraft.webmagic.scheduler.component.HashSetDuplicateRemover,class,1,3,4,0.5,0.25,15,0,6,0,1,4,4
C:\Users\syuuj\gitProject\webmagic\webmagic-core\src\main\java\us\codecraft\webmagic\selector\BaseElementSelector.java,us.codecraft.webmagic.selector.BaseElementSelector,0.0,-1.0,0.0,0.0,-1.0,-1.0,0.0,13,us.codecraft.webmagic.selector.BaseElementSelector,class,1,9,4,0.0,0.0,33,3,5,0,0,7,11
C:\Users\syuuj\gitProject\webmagic\webmagic-core\src\main\java\us\codecraft\webmagic\pipeline\CollectorPipeline.java,us.codecraft.webmagic.pipeline.CollectorPipeline,0.0,-1.0,0.0,0.0,-1.0,-1.0,0.0,12,us.codecraft.webmagic.pipeline.CollectorPipeline,interface,1,5,2,,0.0,3,0,0,0,0,1,1
C:\Users\syuuj\gitProject\webmagic\webmagic-core\src\main\java\us\codecraft\webmagic\utils\HttpConstant.java,us.codecraft.webmagic.utils.HttpConstant$Header,0.0,-1.0,0.0,0.0,-1.0,-1.0,0.0,34,us.codecraft.webmagic.utils.HttpConstant$Header,innerclass,1,0,0,-1.0,,4,0,0,0,2,0,0
C:\Users\syuuj\gitProject\webmagic\webmagic-core\src\main\java\us\codecraft\webmagic\Spider.java,us.codecraft.webmagic.Spider,0.0,-1.0,42.0,77.0,0.64705884,-1.0,14.0,61,us.codecraft.webmagic.Spider,class,1,59,22,0.5245143,0.93526787,450,1,87,1,24,56,114
C:\Users\syuuj\gitProject\webmagic\webmagic-core\src\test\java\us\codecraft\webmagic\selector\JsonPathSelectorTest.java,us.codecraft.webmagic.selector.JsonPathSelectorTest,0.0,-1.0,0.0,5.0,1.0,-1.0,0.0,14,us.codecraft.webmagic.selector.JsonPathSelectorTest,class,1,0,3,,0.0,20,0,6,0,1,1,1
C:\Users\syuuj\gitProject\webmagic\webmagic-core\src\main\java\us\codecraft\webmagic\selector\HtmlNode.java,us.codecraft.webmagic.selector.HtmlNode,3.0,0.25,1.0,9.0,0.9,0.6666667,1.0,13,us.codecraft.webmagic.selector.HtmlNode,class,2,34,13,0.03846154,0.78571427,88,1,29,0,1,14,21
C:\Users\syuuj\gitProject\webmagic\webmagic-core\src\main\java\us\codecraft\webmagic\Spider.java,us.codecraft.webmagic.Spider$Status,0.0,0.0,0.0,4.0,1.0,-1.0,0.0,663,us.codecraft.webmagic.Spider$Status,enum,1,0,1,1.0,0.0,16,0,2,0,1,3,5
C:\Users\syuuj\gitProject\webmagic\webmagic-core\src\main\java\us\codecraft\webmagic\processor\example\BaiduBaikePageProcessor.java,us.codecraft.webmagic.processor.example.BaiduBaikePageProcessor,0.0,-1.0,5.0,1.0,0.16666667,-1.0,3.0,16,us.codecraft.webmagic.processor.example.BaiduBaikePageProcessor,class,1,1,9,0.0,0.6666667,26,0,18,0,1,3,4
C:\Users\syuuj\gitProject\webmagic\webmagic-core\src\test\java\us\codecraft\webmagic\selector\ExtractorsTest.java,us.codecraft.webmagic.selector.ExtractorsTest,0.0,-1.0,0.0,9.0,1.0,-1.0,0.0,11,us.codecraft.webmagic.selector.ExtractorsTest,class,1,0,6,1.0,0.25,18,0,13,0,2,2,2
C:\Users\syuuj\gitProject\webmagic\webmagic-core\src\test\java\us\codecraft\webmagic\example\GithubRepoPageProcessorTest.java,us.codecraft.webmagic.example.GithubRepoPageProcessorTest$22,0.0,-1.0,2.0,0.0,0.0,-1.0,1.0,22,us.codecraft.webmagic.example.GithubRepoPageProcessorTest$22,anonymous,1,0,2,,0.0,6,0,4,0,0,1,1
C:\Users\syuuj\gitProject\webmagic\webmagic-core\src\test\java\us\codecraft\webmagic\downloader\HttpClientDownloaderTest.java,us.codecraft.webmagic.downloader.HttpClientDownloaderTest$161,0.0,-1.0,2.0,0.0,0.0,-1.0,2.0,161,us.codecraft.webmagic.downloader.HttpClientDownloaderTest$161,anonymous,1,0,4,,0.0,10,0,8,0,0,1,1
C:\Users\syuuj\gitProject\webmagic\webmagic-core\src\main\java\us\codecraft\webmagic\downloader\HttpClientRequestContext.java,us.codecraft.webmagic.downloader.HttpClientRequestContext,0.0,-1.0,0.0,4.0,1.0,-1.0,0.0,12,us.codecraft.webmagic.downloader.HttpClientRequestContext,class,1,5,2,0.33333334,0.5,16,0,0,0,2,4,4
C:\Users\syuuj\gitProject\webmagic\webmagic-core\src\main\java\us\codecraft\webmagic\Site.java,us.codecraft.webmagic.Site,0.0,-1.0,4.0,66.0,0.94285715,-1.0,3.0,14,us.codecraft.webmagic.Site,class,1,90,3,0.54010695,0.8808081,171,0,12,0,15,33,54
C:\Users\syuuj\gitProject\webmagic\webmagic-core\src\test\java\us\codecraft\webmagic\scheduler\DuplicateRemovedSchedulerTest.java,us.codecraft.webmagic.scheduler.DuplicateRemovedSchedulerTest,0.0,-1.0,12.0,0.0,0.0,-1.0,5.0,22,us.codecraft.webmagic.scheduler.DuplicateRemovedSchedulerTest,class,1,0,7,1.0,0.0,24,0,8,0,1,2,2
C:\Users\syuuj\gitProject\webmagic\webmagic-core\src\main\java\us\codecraft\webmagic\selector\XpathSelector.java,us.codecraft.webmagic.selector.XpathSelector,0.0,0.6,5.0,1.0,0.16666667,-1.0,3.0,16,us.codecraft.webmagic.selector.XpathSelector,class,2,7,4,0.6666667,0.16666667,25,0,8,0,1,6,7
C:\Users\syuuj\gitProject\webmagic\webmagic-core\src\test\java\us\codecraft\webmagic\RequestTest.java,us.codecraft.webmagic.RequestTest,0.0,-1.0,4.0,0.0,0.0,-1.0,2.0,12,us.codecraft.webmagic.RequestTest,class,1,0,2,,0.0,12,0,5,0,0,1,1
C:\Users\syuuj\gitProject\webmagic\webmagic-core\src\test\java\us\codecraft\webmagic\HtmlTest.java,us.codecraft.webmagic.HtmlTest,0.0,-1.0,8.0,0.0,0.0,-1.0,3.0,15,us.codecraft.webmagic.HtmlTest,class,1,0,6,0.0,0.0,33,0,13,0,0,6,6
C:\Users\syuuj\gitProject\webmagic\webmagic-core\src\main\java\us\codecraft\webmagic\ResultItems.java,us.codecraft.webmagic.ResultItems,0.0,-1.0,2.0,8.0,0.8,-1.0,1.0,16,us.codecraft.webmagic.ResultItems,class,1,35,3,1.0,0.5833333,36,0,2,0,3,8,9
C:\Users\syuuj\gitProject\webmagic\webmagic-core\src\main\java\us\codecraft\webmagic\scheduler\PriorityScheduler.java,us.codecraft.webmagic.scheduler.PriorityScheduler$33,0.0,-1.0,2.0,0.0,0.0,-1.0,1.0,33,us.codecraft.webmagic.scheduler.PriorityScheduler$33,anonymous,1,0,2,,0.0,5,0,2,0,0,1,1
C:\Users\syuuj\gitProject\webmagic\webmagic-core\src\main\java\us\codecraft\webmagic\SpiderListener.java,us.codecraft.webmagic.SpiderListener,0.0,-1.0,0.0,0.0,-1.0,-1.0,0.0,9,us.codecraft.webmagic.SpiderListener,interface,1,3,1,0.0,0.0,4,0,0,0,0,2,2
C:\Users\syuuj\gitProject\webmagic\webmagic-core\src\test\java\us\codecraft\webmagic\downloader\HttpClientDownloaderTest.java,us.codecraft.webmagic.downloader.HttpClientDownloaderTest$278,0.0,-1.0,5.0,0.0,0.0,-1.0,3.0,278,us.codecraft.webmagic.downloader.HttpClientDownloaderTest$278,anonymous,1,0,4,,0.0,11,0,11,0,0,1,1
C:\Users\syuuj\gitProject\webmagic\webmagic-core\src\test\java\us\codecraft\webmagic\proxy\SimpleProxyProviderTest.java,us.codecraft.webmagic.proxy.SimpleProxyProviderTest,0.0,-1.0,3.0,3.0,0.5,-1.0,1.0,14,us.codecraft.webmagic.proxy.SimpleProxyProviderTest,class,1,0,5,,0.0,14,0,6,0,1,1,1
C:\Users\syuuj\gitProject\webmagic\webmagic-core\src\main\java\us\codecraft\webmagic\selector\JsonPathSelector.java,us.codecraft.webmagic.selector.JsonPathSelector,0.0,-1.0,0.0,3.0,1.0,-1.0,0.0,17,us.codecraft.webmagic.selector.JsonPathSelector,class,1,6,3,1.0,0.5,46,0,10,0,2,4,12
C:\Users\syuuj\gitProject\webmagic\webmagic-core\src\test\java\us\codecraft\webmagic\selector\JsonTest.java,us.codecraft.webmagic.selector.JsonTest,0.0,-1.0,2.0,2.0,0.5,-1.0,1.0,11,us.codecraft.webmagic.selector.JsonTest,class,1,0,3,0.0,0.5,12,0,5,0,2,2,2
C:\Users\syuuj\gitProject\webmagic\webmagic-core\src\test\java\us\codecraft\webmagic\proxy\ProxyTest.java,us.codecraft.webmagic.proxy.ProxyTest$Fetch,0.0,0.0,2.0,1.0,0.33333334,-1.0,1.0,27,us.codecraft.webmagic.proxy.ProxyTest$Fetch,innerclass,2,0,1,1.0,0.0,15,0,5,0,1,2,3
C:\Users\syuuj\gitProject\webmagic\webmagic-core\src\test\java\us\codecraft\webmagic\downloader\MockGithubDownloader.java,us.codecraft.webmagic.downloader.MockGithubDownloader,0.0,-1.0,5.0,0.0,0.0,-1.0,3.0,15,us.codecraft.webmagic.downloader.MockGithubDownloader,class,1,4,7,0.0,0.0,17,0,7,0,0,2,3
C:\Users\syuuj\gitProject\webmagic\webmagic-core\src\test\java\us\codecraft\webmagic\example\GithubRepoPageProcessorTest.java,us.codecraft.webmagic.example.GithubRepoPageProcessorTest,0.0,-1.0,3.0,0.0,0.0,-1.0,2.0,18,us.codecraft.webmagic.example.GithubRepoPageProcessorTest,class,1,0,5,,0.0,11,0,4,0,0,1,1
C:\Users\syuuj\gitProject\webmagic\webmagic-core\src\main\java\us\codecraft\webmagic\utils\CharsetUtils.java,us.codecraft.webmagic.utils.CharsetUtils,0.0,-1.0,1.0,0.0,0.0,-1.0,1.0,20,us.codecraft.webmagic.utils.CharsetUtils,class,1,3,6,,0.0,32,0,13,0,1,1,7
C:\Users\syuuj\gitProject\webmagic\webmagic-core\src\main\java\us\codecraft\webmagic\pipeline\FilePipeline.java,us.codecraft.webmagic.pipeline.FilePipeline,1.0,0.0,14.0,3.0,0.1764706,1.0,5.0,25,us.codecraft.webmagic.pipeline.FilePipeline,class,2,5,7,0.0,0.6666667,32,0,16,0,1,3,7
C:\Users\syuuj\gitProject\webmagic\webmagic-core\src\main\java\us\codecraft\webmagic\Spider.java,us.codecraft.webmagic.Spider$316,0.0,-1.0,0.0,0.0,-1.0,-1.0,0.0,316,us.codecraft.webmagic.Spider$316,anonymous,1,0,1,,0.0,16,0,6,0,0,1,2
C:\Users\syuuj\gitProject\webmagic\webmagic-core\src\main\java\us\codecraft\webmagic\selector\AndSelector.java,us.codecraft.webmagic.selector.AndSelector,0.0,-1.0,0.0,3.0,1.0,-1.0,0.0,12,us.codecraft.webmagic.selector.AndSelector,class,1,3,1,1.0,0.0,41,0,5,0,1,4,12
C:\Users\syuuj\gitProject\webmagic\webmagic-core\src\main\java\us\codecraft\webmagic\selector\ReplaceSelector.java,us.codecraft.webmagic.selector.ReplaceSelector,0.0,-1.0,0.0,6.0,1.0,-1.0,0.0,14,us.codecraft.webmagic.selector.ReplaceSelector,class,1,1,1,0.5,0.41666666,25,0,3,0,3,4,5
C:\Users\syuuj\gitProject\webmagic\webmagic-core\src\test\java\us\codecraft\webmagic\selector\LinksSelectorTest.java,us.codecraft.webmagic.selector.LinksSelectorTest,0.0,-1.0,0.0,3.0,1.0,-1.0,0.0,13,us.codecraft.webmagic.selector.LinksSelectorTest,class,1,0,3,,0.0,11,0,4,0,1,1,1
C:\Users\syuuj\gitProject\webmagic\webmagic-core\src\test\java\us\codecraft\webmagic\downloader\HttpClientDownloaderTest.java,us.codecraft.webmagic.downloader.HttpClientDownloaderTest$228,0.0,-1.0,3.0,0.0,0.0,-1.0,3.0,228,us.codecraft.webmagic.downloader.HttpClientDownloaderTest$228,anonymous,1,0,4,,0.0,10,0,9,0,0,1,1
C:\Users\syuuj\gitProject\webmagic\webmagic-core\src\main\java\us\codecraft\webmagic\downloader\HttpClientGenerator.java,us.codecraft.webmagic.downloader.HttpClientGenerator$104,0.0,0.0,0.0,0.0,-1.0,-1.0,0.0,104,us.codecraft.webmagic.downloader.HttpClientGenerator$104,anonymous,1,0,2,,0.0,7,0,2,0,0,1,2
C:\Users\syuuj\gitProject\webmagic\webmagic-core\src\main\java\us\codecraft\webmagic\selector\Selector.java,us.codecraft.webmagic.selector.Selector,0.0,-1.0,0.0,0.0,-1.0,-1.0,0.0,11,us.codecraft.webmagic.selector.Selector,interface,1,19,0,0.0,0.0,4,0,0,0,0,2,2
C:\Users\syuuj\gitProject\webmagic\webmagic-extension\src\main\java\us\codecraft\webmagic\scheduler\FileCacheQueueScheduler.java,us.codecraft.webmagic.scheduler.FileCacheQueueScheduler,0.0,0.0,15.0,20.0,0.5714286,-1.0,8.0,27,us.codecraft.webmagic.scheduler.FileCacheQueueScheduler,class,2,6,6,0.6666667,0.7757576,148,0,38,0,11,15,28
C:\Users\syuuj\gitProject\webmagic\webmagic-extension\src\main\java\us\codecraft\webmagic\model\ConsolePageModelPipeline.java,us.codecraft.webmagic.model.ConsolePageModelPipeline,0.0,-1.0,0.0,0.0,-1.0,-1.0,0.0,13,us.codecraft.webmagic.model.ConsolePageModelPipeline,class,1,5,2,,0.0,5,0,2,0,0,1,1
C:\Users\syuuj\gitProject\webmagic\webmagic-extension\src\main\java\us\codecraft\webmagic\model\formatter\ObjectFormatter.java,us.codecraft.webmagic.model.formatter.ObjectFormatter,0.0,-1.0,0.0,0.0,-1.0,-1.0,0.0,6,us.codecraft.webmagic.model.formatter.ObjectFormatter,interface,1,7,1,0.0,0.0,5,0,0,0,0,3,3
C:\Users\syuuj\gitProject\webmagic\webmagic-extension\src\test\java\us\codecraft\webmagic\model\PageModelExtractorTest.java,us.codecraft.webmagic.model.PageModelExtractorTest$ModelJsonStr,0.0,-1.0,0.0,0.0,-1.0,-1.0,0.0,78,us.codecraft.webmagic.model.PageModelExtractorTest$ModelJsonStr,innerclass,1,0,1,-1.0,,3,0,0,0,1,0,0
C:\Users\syuuj\gitProject\webmagic\webmagic-extension\src\main\java\us\codecraft\webmagic\model\formatter\DateFormatter.java,us.codecraft.webmagic.model.formatter.DateFormatter,0.0,-1.0,2.0,2.0,0.5,-1.0,2.0,11,us.codecraft.webmagic.model.formatter.DateFormatter,class,1,4,1,0.33333334,0.6666667,15,0,2,0,2,3,6
C:\Users\syuuj\gitProject\webmagic\webmagic-extension\src\test\java\us\codecraft\webmagic\configurable\ConfigurablePageProcessorTest.java,us.codecraft.webmagic.configurable.ConfigurablePageProcessorTest,0.0,-1.0,14.0,0.0,0.0,-1.0,5.0,18,us.codecraft.webmagic.configurable.ConfigurablePageProcessorTest,class,1,0,7,,0.0,18,0,11,0,0,1,1
C:\Users\syuuj\gitProject\webmagic\webmagic-extension\src\test\java\us\codecraft\webmagic\model\PageMocker.java,us.codecraft.webmagic.model.PageMocker,0.0,-1.0,10.0,0.0,0.0,-1.0,3.0,15,us.codecraft.webmagic.model.PageMocker,class,1,4,4,0.0,0.0,16,0,6,0,0,2,2
C:\Users\syuuj\gitProject\webmagic\webmagic-extension\src\test\java\us\codecraft\webmagic\utils\RequestUtilsTest.java,us.codecraft.webmagic.utils.RequestUtilsTest,0.0,-1.0,0.0,0.0,-1.0,-1.0,0.0,15,us.codecraft.webmagic.utils.RequestUtilsTest,class,1,0,3,0.0,0.0,10,0,4,0,0,2,2
C:\Users\syuuj\gitProject\webmagic\webmagic-extension\src\main\java\us\codecraft\webmagic\example\PatternProcessorExample.java,us.codecraft.webmagic.example.PatternProcessorExample,0.0,-1.0,18.0,0.0,0.0,-1.0,7.0,16,us.codecraft.webmagic.example.PatternProcessorExample,class,1,1,7,,1.0,36,0,11,0,1,1,1
C:\Users\syuuj\gitProject\webmagic\webmagic-extension\src\main\java\us\codecraft\webmagic\handler\SubPageProcessor.java,us.codecraft.webmagic.handler.SubPageProcessor,0.0,-1.0,0.0,0.0,-1.0,-1.0,0.0,8,us.codecraft.webmagic.handler.SubPageProcessor,interface,1,2,3,,0.0,3,0,0,0,0,1,1
C:\Users\syuuj\gitProject\webmagic\webmagic-extension\src\main\java\us\codecraft\webmagic\model\formatter\BasicTypeFormatter.java,us.codecraft.webmagic.model.formatter.BasicTypeFormatter$ByteFormatter,1.0,0.5,1.0,0.0,0.0,0.0,1.0,125,us.codecraft.webmagic.model.formatter.BasicTypeFormatter$ByteFormatter,innerclass,2,0,1,0.0,0.0,8,0,1,0,0,2,2
C:\Users\syuuj\gitProject\webmagic\webmagic-extension\src\main\java\us\codecraft\webmagic\scheduler\RedisPriorityScheduler.java,us.codecraft.webmagic.scheduler.RedisPriorityScheduler,5.0,0.33333334,21.0,17.0,0.4473684,0.4,5.0,18,us.codecraft.webmagic.scheduler.RedisPriorityScheduler,class,3,2,7,0.0,0.8909091,87,0,29,0,5,11,19
C:\Users\syuuj\gitProject\webmagic\webmagic-extension\src\test\java\us\codecraft\webmagic\scheduler\BloomFilterDuplicateRemoverTest.java,us.codecraft.webmagic.scheduler.BloomFilterDuplicateRemoverTest,0.0,-1.0,4.0,0.0,0.0,-1.0,1.0,14,us.codecraft.webmagic.scheduler.BloomFilterDuplicateRemoverTest,class,1,0,6,0.0,0.0,54,0,11,0,0,3,8
C:\Users\syuuj\gitProject\webmagic\webmagic-extension\src\main\java\us\codecraft\webmagic\model\formatter\ObjectFormatters.java,us.codecraft.webmagic.model.formatter.ObjectFormatters,0.0,-1.0,3.0,0.0,0.0,-1.0,3.0,10,us.codecraft.webmagic.model.formatter.ObjectFormatters,class,1,2,3,0.33333334,0.0,23,0,5,0,1,2,6
C:\Users\syuuj\gitProject\webmagic\webmagic-extension\src\main\java\us\codecraft\webmagic\model\FieldExtractor.java,us.codecraft.webmagic.model.FieldExtractor,4.0,0.375,0.0,9.0,1.0,0.75,0.0,14,us.codecraft.webmagic.model.FieldExtractor,class,2,1,4,0.083333336,0.77777785,33,0,0,0,3,9,9
C:\Users\syuuj\gitProject\webmagic\webmagic-extension\src\main\java\us\codecraft\webmagic\model\formatter\BasicTypeFormatter.java,us.codecraft.webmagic.model.formatter.BasicTypeFormatter$IntegerFormatter,1.0,0.5,1.0,0.0,0.0,0.0,1.0,53,us.codecraft.webmagic.model.formatter.BasicTypeFormatter$IntegerFormatter,innerclass,2,0,1,0.0,0.0,8,0,1,0,0,2,2
C:\Users\syuuj\gitProject\webmagic\webmagic-extension\src\test\java\us\codecraft\webmagic\monitor\SpiderMonitorTest.java,us.codecraft.webmagic.monitor.SpiderMonitorTest$16,2.0,1.0,0.0,0.0,-1.0,0.0,0.0,16,us.codecraft.webmagic.monitor.SpiderMonitorTest$16,anonymous,1,0,4,,0.0,5,0,0,0,0,1,1
C:\Users\syuuj\gitProject\webmagic\webmagic-extension\src\main\java\us\codecraft\webmagic\model\Extractor.java,us.codecraft.webmagic.model.Extractor$Source,0.0,0.0,0.0,0.0,-1.0,-1.0,0.0,20,us.codecraft.webmagic.model.Extractor$Source,enum,1,0,0,-1.0,0.0,1,0,0,0,0,0,0
C:\Users\syuuj\gitProject\webmagic\webmagic-extension\src\main\java\us\codecraft\webmagic\model\OOSpider.java,us.codecraft.webmagic.model.OOSpider,0.0,0.0,2.0,3.0,0.6,-1.0,2.0,41,us.codecraft.webmagic.model.OOSpider,class,2,19,10,0.53571427,0.6875,44,0,7,0,4,8,11
C:\Users\syuuj\gitProject\webmagic\webmagic-extension\src\test\java\us\codecraft\webmagic\model\GithubRepoTest.java,us.codecraft.webmagic.model.GithubRepoTest,0.0,-1.0,7.0,0.0,0.0,-1.0,3.0,15,us.codecraft.webmagic.model.GithubRepoTest,class,1,0,7,,0.0,11,0,6,0,0,1,1
C:\Users\syuuj\gitProject\webmagic\webmagic-extension\src\test\java\us\codecraft\webmagic\processor\GithubRepoProcessor.java,us.codecraft.webmagic.processor.GithubRepoProcessor,0.0,-1.0,6.0,0.0,0.0,-1.0,3.0,13,us.codecraft.webmagic.processor.GithubRepoProcessor,class,1,1,10,0.0,0.0,18,0,9,0,0,3,3
C:\Users\syuuj\gitProject\webmagic\webmagic-extension\src\test\java\us\codecraft\webmagic\scheduler\RedisPrioritySchedulerTest.java,us.codecraft.webmagic.scheduler.RedisPrioritySchedulerTest,0.0,-1.0,15.0,1.0,0.0625,-1.0,1.0,15,us.codecraft.webmagic.scheduler.RedisPrioritySchedulerTest,class,1,0,7,1.0,0.0,36,0,8,0,1,2,2
C:\Users\syuuj\gitProject\webmagic\webmagic-extension\src\main\java\us\codecraft\webmagic\example\PatternProcessorExample.java,us.codecraft.webmagic.example.PatternProcessorExample$23,1.0,0.0,5.0,0.0,0.0,0.0,3.0,23,us.codecraft.webmagic.example.PatternProcessorExample$23,anonymous,1,0,6,0.0,0.0,11,0,8,0,0,2,2
C:\Users\syuuj\gitProject\webmagic\webmagic-extension\src\main\java\us\codecraft\webmagic\configurable\ExtractRule.java,us.codecraft.webmagic.configurable.ExtractRule,0.0,-1.0,6.0,27.0,0.8181818,-1.0,2.0,11,us.codecraft.webmagic.configurable.ExtractRule,class,1,3,8,0.07692308,0.83809525,82,0,7,0,7,15,23
C:\Users\syuuj\gitProject\webmagic\webmagic-extension\src\main\java\us\codecraft\webmagic\model\HasKey.java,us.codecraft.webmagic.model.HasKey,0.0,-1.0,0.0,0.0,-1.0,-1.0,0.0,12,us.codecraft.webmagic.model.HasKey,interface,1,5,1,,0.0,3,0,0,0,0,1,1
C:\Users\syuuj\gitProject\webmagic\webmagic-extension\src\test\java\us\codecraft\webmagic\model\ModelPageProcessorTest.java,us.codecraft.webmagic.model.ModelPageProcessorTest,0.0,-1.0,13.0,0.0,0.0,-1.0,6.0,17,us.codecraft.webmagic.model.ModelPageProcessorTest,class,1,0,10,0.33333334,0.33333334,33,0,15,3,1,3,3
C:\Users\syuuj\gitProject\webmagic\webmagic-extension\src\test\java\us\codecraft\webmagic\model\PageModelExtractorTest.java,us.codecraft.webmagic.model.PageModelExtractorTest$ModelIntList,0.0,-1.0,0.0,0.0,-1.0,-1.0,0.0,54,us.codecraft.webmagic.model.PageModelExtractorTest$ModelIntList,innerclass,1,0,2,-1.0,,3,0,0,0,1,0,0
C:\Users\syuuj\gitProject\webmagic\webmagic-extension\src\test\java\us\codecraft\webmagic\monitor\SeedUrlWithPortTest.java,us.codecraft.webmagic.monitor.TempProcessor,0.0,-1.0,0.0,0.0,-1.0,-1.0,0.0,24,us.codecraft.webmagic.monitor.TempProcessor,class,1,1,3,0.0,0.0,7,0,1,0,0,2,2
C:\Users\syuuj\gitProject\webmagic\webmagic-extension\src\test\java\us\codecraft\webmagic\model\PageModelExtractorTest.java,us.codecraft.webmagic.model.PageModelExtractorTest,0.0,-1.0,27.0,0.0,0.0,-1.0,10.0,21,us.codecraft.webmagic.model.PageModelExtractorTest,class,1,0,12,1.0,0.0,66,0,9,9,1,9,9
C:\Users\syuuj\gitProject\webmagic\webmagic-extension\src\test\java\us\codecraft\webmagic\model\PageModelExtractorTest.java,us.codecraft.webmagic.model.PageModelExtractorTest$ModelInt,0.0,-1.0,0.0,0.0,-1.0,-1.0,0.0,40,us.codecraft.webmagic.model.PageModelExtractorTest$ModelInt,innerclass,1,0,1,-1.0,,3,0,0,0,1,0,0
C:\Users\syuuj\gitProject\webmagic\webmagic-extension\src\main\java\us\codecraft\webmagic\monitor\SpiderStatus.java,us.codecraft.webmagic.monitor.SpiderStatus,0.0,-1.0,16.0,6.0,0.27272728,-1.0,5.0,15,us.codecraft.webmagic.monitor.SpiderStatus,class,1,3,7,0.84615386,0.61538464,54,1,21,0,3,13,15
C:\Users\syuuj\gitProject\webmagic\webmagic-extension\src\test\java\us\codecraft\webmagic\model\GithubRepo.java,us.codecraft.webmagic.model.GithubRepo,1.0,0.0,2.0,3.0,0.6,1.0,1.0,14,us.codecraft.webmagic.model.GithubRepo,class,2,1,9,0.0,0.6666667,12,0,6,0,1,3,3
C:\Users\syuuj\gitProject\webmagic\webmagic-extension\src\main\java\us\codecraft\webmagic\configurable\ExpressionType.java,us.codecraft.webmagic.configurable.ExpressionType,0.0,0.0,0.0,0.0,-1.0,-1.0,0.0,6,us.codecraft.webmagic.configurable.ExpressionType,enum,1,1,0,-1.0,0.0,1,0,0,0,0,0,0
C:\Users\syuuj\gitProject\webmagic\webmagic-extension\src\main\java\us\codecraft\webmagic\scheduler\RedisScheduler.java,us.codecraft.webmagic.scheduler.RedisScheduler,0.0,0.0,20.0,12.0,0.375,-1.0,5.0,18,us.codecraft.webmagic.scheduler.RedisScheduler,class,2,6,10,0.5090909,0.72727275,95,1,21,0,4,11,15
C:\Users\syuuj\gitProject\webmagic\webmagic-extension\src\main\java\us\codecraft\webmagic\configurable\ConfigurablePageProcessor.java,us.codecraft.webmagic.configurable.ConfigurablePageProcessor,0.0,-1.0,10.0,4.0,0.2857143,-1.0,2.0,14,us.codecraft.webmagic.configurable.ConfigurablePageProcessor,class,1,1,7,1.0,0.33333334,33,0,12,0,2,3,9
C:\Users\syuuj\gitProject\webmagic\webmagic-extension\src\main\java\us\codecraft\webmagic\pipeline\MultiPagePipeline.java,us.codecraft.webmagic.pipeline.MultiPagePipeline$72,0.0,-1.0,4.0,0.0,0.0,-1.0,1.0,72,us.codecraft.webmagic.pipeline.MultiPagePipeline$72,anonymous,1,0,1,,0.0,12,0,3,0,0,1,2
C:\Users\syuuj\gitProject\webmagic\webmagic-extension\src\main\java\us\codecraft\webmagic\model\formatter\BasicTypeFormatter.java,us.codecraft.webmagic.model.formatter.BasicTypeFormatter$BooleanFormatter,1.0,0.5,1.0,0.0,0.0,0.0,1.0,137,us.codecraft.webmagic.model.formatter.BasicTypeFormatter$BooleanFormatter,innerclass,2,0,1,0.0,0.0,8,0,1,0,0,2,2
C:\Users\syuuj\gitProject\webmagic\webmagic-extension\src\main\java\us\codecraft\webmagic\model\PageMapper.java,us.codecraft.webmagic.model.PageMapper,0.0,-1.0,0.0,2.0,1.0,-1.0,0.0,11,us.codecraft.webmagic.model.PageMapper,class,1,3,3,1.0,0.33333334,14,0,2,0,2,3,3
C:\Users\syuuj\gitProject\webmagic\webmagic-extension\src\main\java\us\codecraft\webmagic\scheduler\FileCacheQueueScheduler.java,us.codecraft.webmagic.scheduler.FileCacheQueueScheduler$102,0.0,-1.0,0.0,0.0,-1.0,-1.0,0.0,102,us.codecraft.webmagic.scheduler.FileCacheQueueScheduler$102,anonymous,1,0,1,,0.0,5,0,1,0,0,1,1
C:\Users\syuuj\gitProject\webmagic\webmagic-extension\src\main\java\us\codecraft\webmagic\utils\ExtractorUtils.java,us.codecraft.webmagic.utils.ExtractorUtils,0.0,-1.0,4.0,1.0,0.2,-1.0,1.0,15,us.codecraft.webmagic.utils.ExtractorUtils,class,1,2,7,0.0,0.0,33,0,4,0,0,2,8
C:\Users\syuuj\gitProject\webmagic\webmagic-extension\src\test\java\us\codecraft\webmagic\model\PageModelExtractorTest.java,us.codecraft.webmagic.model.PageModelExtractorTest$ModelDateList,0.0,-1.0,0.0,0.0,-1.0,-1.0,0.0,62,us.codecraft.webmagic.model.PageModelExtractorTest$ModelDateList,innerclass,1,0,2,-1.0,,3,0,0,0,1,0,0
C:\Users\syuuj\gitProject\webmagic\webmagic-extension\src\main\java\us\codecraft\webmagic\model\PageModelExtractor.java,us.codecraft.webmagic.model.PageModelExtractor,0.0,-1.0,90.0,24.0,0.21052632,-1.0,19.0,30,us.codecraft.webmagic.model.PageModelExtractor,class,1,4,24,0.14285715,0.8161764,322,0,82,0,8,17,85
C:\Users\syuuj\gitProject\webmagic\webmagic-extension\src\test\java\us\codecraft\webmagic\SimpleHttpClientTest.java,us.codecraft.webmagic.SimpleHttpClientTest$Weather,0.0,-1.0,0.0,18.0,1.0,-1.0,0.0,17,us.codecraft.webmagic.SimpleHttpClientTest$Weather,innerclass,1,0,3,1.0,0.65,40,0,0,0,4,10,11
C:\Users\syuuj\gitProject\webmagic\webmagic-extension\src\main\java\us\codecraft\webmagic\SimpleHttpClient.java,us.codecraft.webmagic.SimpleHttpClient,0.0,-1.0,2.0,3.0,0.6,-1.0,2.0,12,us.codecraft.webmagic.SimpleHttpClient,class,1,2,8,0.47619048,0.35714287,30,0,7,0,2,7,8
C:\Users\syuuj\gitProject\webmagic\webmagic-extension\src\main\java\us\codecraft\webmagic\utils\DoubleKeyMap.java,us.codecraft.webmagic.utils.DoubleKeyMap,2.0,0.0,3.0,10.0,0.7692308,1.0,1.0,8,us.codecraft.webmagic.utils.DoubleKeyMap,class,2,2,5,0.22222222,0.45454547,55,0,12,0,1,11,16
C:\Users\syuuj\gitProject\webmagic\webmagic-extension\src\test\java\us\codecraft\webmagic\monitor\SeedUrlWithPortTest.java,us.codecraft.webmagic.monitor.SeedUrlWithPortTest,0.0,-1.0,0.0,0.0,-1.0,-1.0,0.0,14,us.codecraft.webmagic.monitor.SeedUrlWithPortTest,class,1,0,4,,0.0,7,0,5,0,0,1,1
C:\Users\syuuj\gitProject\webmagic\webmagic-extension\src\main\java\us\codecraft\webmagic\model\annotation\ComboExtract.java,us.codecraft.webmagic.model.annotation.ComboExtract$Op,0.0,0.0,0.0,0.0,-1.0,-1.0,0.0,24,us.codecraft.webmagic.model.annotation.ComboExtract$Op,enum,1,0,0,-1.0,0.0,3,0,0,0,0,0,0
C:\Users\syuuj\gitProject\webmagic\webmagic-extension\src\test\java\us\codecraft\webmagic\scheduler\RedisPrioritySchedulerTest.java,us.codecraft.webmagic.scheduler.RedisPrioritySchedulerTest$30,0.0,0.0,0.0,0.0,-1.0,-1.0,0.0,30,us.codecraft.webmagic.scheduler.RedisPrioritySchedulerTest$30,anonymous,1,0,1,0.0,0.0,8,0,0,0,0,2,2
C:\Users\syuuj\gitProject\webmagic\webmagic-extension\src\main\java\us\codecraft\webmagic\model\formatter\BasicTypeFormatter.java,us.codecraft.webmagic.model.formatter.BasicTypeFormatter$LongFormatter,1.0,0.5,1.0,0.0,0.0,0.0,1.0,65,us.codecraft.webmagic.model.formatter.BasicTypeFormatter$LongFormatter,innerclass,2,0,1,0.0,0.0,8,0,1,0,0,2,2
C:\Users\syuuj\gitProject\webmagic\webmagic-extension\src\test\java\us\codecraft\webmagic\MockPipeline.java,us.codecraft.webmagic.MockPipeline,0.0,-1.0,0.0,0.0,-1.0,-1.0,0.0,8,us.codecraft.webmagic.MockPipeline,class,1,0,3,,0.0,4,0,0,0,0,1,1
C:\Users\syuuj\gitProject\webmagic\webmagic-extension\src\main\java\us\codecraft\webmagic\model\formatter\BasicTypeFormatter.java,us.codecraft.webmagic.model.formatter.BasicTypeFormatter$FloatFormatter,1.0,0.5,1.0,0.0,0.0,0.0,1.0,89,us.codecraft.webmagic.model.formatter.BasicTypeFormatter$FloatFormatter,innerclass,2,0,1,0.0,0.0,8,0,1,0,0,2,2
C:\Users\syuuj\gitProject\webmagic\webmagic-extension\src\test\java\us\codecraft\webmagic\downloader\MockGithubDownloader.java,us.codecraft.webmagic.downloader.MockGithubDownloader,0.0,-1.0,4.0,1.0,0.2,-1.0,1.0,11,us.codecraft.webmagic.downloader.MockGithubDownloader,class,1,4,7,0.0,0.5,13,0,4,0,1,2,2
C:\Users\syuuj\gitProject\webmagic\webmagic-extension\src\test\java\us\codecraft\webmagic\model\PageModelExtractorTest.java,us.codecraft.webmagic.model.PageModelExtractorTest$ModelDate,0.0,-1.0,0.0,0.0,-1.0,-1.0,0.0,32,us.codecraft.webmagic.model.PageModelExtractorTest$ModelDate,innerclass,1,0,3,-1.0,,3,0,0,0,1,0,0
C:\Users\syuuj\gitProject\webmagic\webmagic-extension\src\main\java\us\codecraft\webmagic\downloader\PhantomJSDownloader.java,us.codecraft.webmagic.downloader.PhantomJSDownloader,0.0,0.0,15.0,12.0,0.44444445,-1.0,9.0,20,us.codecraft.webmagic.downloader.PhantomJSDownloader,class,2,2,8,0.14285715,0.7777778,75,0,24,0,5,9,16
C:\Users\syuuj\gitProject\webmagic\webmagic-extension\src\main\java\us\codecraft\webmagic\model\Extractor.java,us.codecraft.webmagic.model.Extractor,0.0,-1.0,0.0,9.0,1.0,-1.0,0.0,10,us.codecraft.webmagic.model.Extractor,class,1,2,2,1.0,0.62500006,28,1,0,1,4,6,6
C:\Users\syuuj\gitProject\webmagic\webmagic-extension\src\main\java\us\codecraft\webmagic\model\ModelPageProcessor.java,us.codecraft.webmagic.model.ModelPageProcessor,0.0,-1.0,15.0,6.0,0.2857143,-1.0,5.0,20,us.codecraft.webmagic.model.ModelPageProcessor,class,1,4,10,0.33333334,0.6666667,65,0,27,0,3,9,20
C:\Users\syuuj\gitProject\webmagic\webmagic-extension\src\main\java\us\codecraft\webmagic\model\annotation\ExtractBy.java,us.codecraft.webmagic.model.annotation.ExtractBy$Source,0.0,0.0,0.0,0.0,-1.0,-1.0,0.0,47,us.codecraft.webmagic.model.annotation.ExtractBy$Source,enum,1,0,0,-1.0,0.0,3,0,0,0,0,0,0
C:\Users\syuuj\gitProject\webmagic\webmagic-extension\src\main\java\us\codecraft\webmagic\example\MonitorExample.java,us.codecraft.webmagic.example.MonitorExample,0.0,-1.0,0.0,0.0,-1.0,-1.0,0.0,12,us.codecraft.webmagic.example.MonitorExample,class,1,0,4,,0.0,10,0,5,0,0,1,1
C:\Users\syuuj\gitProject\webmagic\webmagic-extension\src\test\java\us\codecraft\webmagic\model\PageModelExtractorTest.java,us.codecraft.webmagic.model.PageModelExtractorTest$ModelUrl,0.0,-1.0,0.0,0.0,-1.0,-1.0,0.0,85,us.codecraft.webmagic.model.PageModelExtractorTest$ModelUrl,innerclass,1,0,1,-1.0,,3,0,0,0,1,0,0
C:\Users\syuuj\gitProject\webmagic\webmagic-extension\src\main\java\us\codecraft\webmagic\monitor\SpiderStatusMXBean.java,us.codecraft.webmagic.monitor.SpiderStatusMXBean,0.0,-1.0,0.0,0.0,-1.0,-1.0,0.0,10,us.codecraft.webmagic.monitor.SpiderStatusMXBean,interface,1,4,0,0.0,0.0,14,0,0,0,0,12,12
C:\Users\syuuj\gitProject\webmagic\webmagic-extension\src\main\java\us\codecraft\webmagic\pipeline\FilePageModelPipeline.java,us.codecraft.webmagic.pipeline.FilePageModelPipeline,0.0,0.0,9.0,1.0,0.1,-1.0,4.0,23,us.codecraft.webmagic.pipeline.FilePageModelPipeline,class,2,0,5,0.0,0.6666667,27,0,11,0,1,3,5
C:\Users\syuuj\gitProject\webmagic\webmagic-extension\src\test\java\us\codecraft\webmagic\model\PageModelExtractorTest.java,us.codecraft.webmagic.model.PageModelExtractorTest$ModelStringList,0.0,-1.0,0.0,0.0,-1.0,-1.0,0.0,47,us.codecraft.webmagic.model.PageModelExtractorTest$ModelStringList,innerclass,1,0,1,-1.0,,3,0,0,0,1,0,0
C:\Users\syuuj\gitProject\webmagic\webmagic-extension\src\main\java\us\codecraft\webmagic\example\AppStore.java,us.codecraft.webmagic.example.AppStore,0.0,-1.0,2.0,6.0,0.75,-1.0,1.0,15,us.codecraft.webmagic.example.AppStore,class,1,1,6,,0.0,15,0,6,0,5,1,1
C:\Users\syuuj\gitProject\webmagic\webmagic-extension\src\main\java\us\codecraft\webmagic\scheduler\BloomFilterDuplicateRemover.java,us.codecraft.webmagic.scheduler.BloomFilterDuplicateRemover,0.0,-1.0,2.0,8.0,0.8,-1.0,2.0,24,us.codecraft.webmagic.scheduler.BloomFilterDuplicateRemover,class,1,2,5,0.47619048,0.64285713,35,0,10,0,4,7,8
C:\Users\syuuj\gitProject\webmagic\webmagic-extension\src\main\java\us\codecraft\webmagic\handler\RequestMatcher.java,us.codecraft.webmagic.handler.RequestMatcher,0.0,-1.0,0.0,0.0,-1.0,-1.0,0.0,9,us.codecraft.webmagic.handler.RequestMatcher,interface,1,5,1,,0.0,4,0,0,1,0,1,1
C:\Users\syuuj\gitProject\webmagic\webmagic-extension\src\main\java\us\codecraft\webmagic\example\GithubRepoApi.java,us.codecraft.webmagic.example.GithubRepoApi,0.0,-1.0,2.0,9.0,0.8181818,-1.0,1.0,16,us.codecraft.webmagic.example.GithubRepoApi,class,1,1,8,0.10714286,0.8333333,32,0,5,0,6,8,8
C:\Users\syuuj\gitProject\webmagic\webmagic-extension\src\main\java\us\codecraft\webmagic\example\OschinaBlog.java,us.codecraft.webmagic.example.OschinaBlog,0.0,-1.0,0.0,5.0,1.0,-1.0,0.0,18,us.codecraft.webmagic.example.OschinaBlog,class,1,1,7,0.0,0.8,21,0,4,0,4,5,5
C:\Users\syuuj\gitProject\webmagic\webmagic-extension\src\main\java\us\codecraft\webmagic\example\PatternProcessorExample.java,us.codecraft.webmagic.example.PatternProcessorExample$39,1.0,0.0,7.0,0.0,0.0,0.0,3.0,39,us.codecraft.webmagic.example.PatternProcessorExample$39,anonymous,1,0,6,0.0,0.0,13,0,12,0,0,2,2
C:\Users\syuuj\gitProject\webmagic\webmagic-extension\src\main\java\us\codecraft\webmagic\handler\CompositePipeline.java,us.codecraft.webmagic.handler.CompositePipeline,0.0,-1.0,2.0,2.0,0.5,-1.0,2.0,13,us.codecraft.webmagic.handler.CompositePipeline,class,1,2,7,1.0,0.0,24,0,4,0,1,3,8
C:\Users\syuuj\gitProject\webmagic\webmagic-extension\src\main\java\us\codecraft\webmagic\handler\SubPipeline.java,us.codecraft.webmagic.handler.SubPipeline,0.0,-1.0,0.0,0.0,-1.0,-1.0,0.0,10,us.codecraft.webmagic.handler.SubPipeline,interface,1,2,4,,0.0,3,0,0,0,0,1,1
C:\Users\syuuj\gitProject\webmagic\webmagic-extension\src\main\java\us\codecraft\webmagic\model\formatter\BasicTypeFormatter.java,us.codecraft.webmagic.model.formatter.BasicTypeFormatter,0.0,-1.0,24.0,0.0,0.0,-1.0,8.0,10,us.codecraft.webmagic.model.formatter.BasicTypeFormatter,class,9,10,11,0.0,0.75,104,0,4,8,1,4,21
C:\Users\syuuj\gitProject\webmagic\webmagic-extension\src\main\java\us\codecraft\webmagic\pipeline\CollectorPageModelPipeline.java,us.codecraft.webmagic.pipeline.CollectorPageModelPipeline,0.0,-1.0,0.0,1.0,1.0,-1.0,0.0,11,us.codecraft.webmagic.pipeline.CollectorPageModelPipeline,class,1,1,3,1.0,0.0,9,0,1,0,1,2,2
C:\Users\syuuj\gitProject\webmagic\webmagic-extension\src\main\java\us\codecraft\webmagic\model\annotation\ExtractBy.java,us.codecraft.webmagic.model.annotation.ExtractBy$Type,0.0,0.0,0.0,0.0,-1.0,-1.0,0.0,27,us.codecraft.webmagic.model.annotation.ExtractBy$Type,enum,1,0,0,-1.0,0.0,1,0,0,0,0,0,0
C:\Users\syuuj\gitProject\webmagic\webmagic-extension\src\main\java\us\codecraft\webmagic\model\formatter\BasicTypeFormatter.java,us.codecraft.webmagic.model.formatter.BasicTypeFormatter$CharactorFormatter,1.0,0.5,1.0,0.0,0.0,0.0,1.0,113,us.codecraft.webmagic.model.formatter.BasicTypeFormatter$CharactorFormatter,innerclass,2,0,1,0.0,0.0,8,0,1,0,0,2,2
C:\Users\syuuj\gitProject\webmagic\webmagic-extension\src\main\java\us\codecraft\webmagic\pipeline\JsonFilePageModelPipeline.java,us.codecraft.webmagic.pipeline.JsonFilePageModelPipeline,0.0,0.0,9.0,1.0,0.1,-1.0,4.0,24,us.codecraft.webmagic.pipeline.JsonFilePageModelPipeline,class,2,2,5,0.0,0.6666667,27,0,12,0,1,3,5
C:\Users\syuuj\gitProject\webmagic\webmagic-extension\src\main\java\us\codecraft\webmagic\pipeline\JsonFilePipeline.java,us.codecraft.webmagic.pipeline.JsonFilePipeline,0.0,0.0,13.0,1.0,0.071428575,-1.0,6.0,21,us.codecraft.webmagic.pipeline.JsonFilePipeline,class,2,1,6,0.0,0.6666667,20,0,13,0,1,3,4
C:\Users\syuuj\gitProject\webmagic\webmagic-extension\src\main\java\us\codecraft\webmagic\handler\CompositePageProcessor.java,us.codecraft.webmagic.handler.CompositePageProcessor,0.0,-1.0,2.0,5.0,0.71428573,-1.0,2.0,13,us.codecraft.webmagic.handler.CompositePageProcessor,class,1,2,7,0.4,0.5,35,0,4,0,2,6,11
C:\Users\syuuj\gitProject\webmagic\webmagic-extension\src\main\java\us\codecraft\webmagic\utils\RequestUtils.java,us.codecraft.webmagic.utils.RequestUtils,0.0,-1.0,0.0,0.0,-1.0,-1.0,0.0,16,us.codecraft.webmagic.utils.RequestUtils,class,1,1,1,,0.0,19,0,10,0,1,1,4
C:\Users\syuuj\gitProject\webmagic\webmagic-extension\src\main\java\us\codecraft\webmagic\pipeline\PageModelPipeline.java,us.codecraft.webmagic.pipeline.PageModelPipeline,0.0,-1.0,0.0,0.0,-1.0,-1.0,0.0,11,us.codecraft.webmagic.pipeline.PageModelPipeline,interface,1,10,2,,0.0,3,0,0,0,0,1,1
C:\Users\syuuj\gitProject\webmagic\webmagic-extension\src\test\java\us\codecraft\webmagic\model\BaseRepo.java,us.codecraft.webmagic.model.BaseRepo,0.0,-1.0,0.0,0.0,-1.0,-1.0,0.0,8,us.codecraft.webmagic.model.BaseRepo,class,1,1,1,-1.0,,3,1,0,0,1,0,0
C:\Users\syuuj\gitProject\webmagic\webmagic-extension\src\main\java\us\codecraft\webmagic\MultiPageModel.java,us.codecraft.webmagic.MultiPageModel,0.0,-1.0,0.0,0.0,-1.0,-1.0,0.0,14,us.codecraft.webmagic.MultiPageModel,interface,1,4,2,0.0,0.0,6,0,0,0,0,4,4
C:\Users\syuuj\gitProject\webmagic\webmagic-extension\src\main\java\us\codecraft\webmagic\model\annotation\ComboExtract.java,us.codecraft.webmagic.model.annotation.ComboExtract$Source,0.0,0.0,0.0,0.0,-1.0,-1.0,0.0,55,us.codecraft.webmagic.model.annotation.ComboExtract$Source,enum,1,0,0,-1.0,0.0,3,0,0,0,0,0,0
C:\Users\syuuj\gitProject\webmagic\webmagic-extension\src\test\java\us\codecraft\webmagic\SimpleHttpClientTest.java,us.codecraft.webmagic.SimpleHttpClientTest,0.0,-1.0,2.0,0.0,0.0,-1.0,2.0,15,us.codecraft.webmagic.SimpleHttpClientTest,class,1,0,6,,0.0,46,0,4,1,0,1,1
C:\Users\syuuj\gitProject\webmagic\webmagic-extension\src\test\java\us\codecraft\webmagic\processor\GithubRepoProcessor.java,us.codecraft.webmagic.processor.GithubRepoProcessor$27,0.0,0.0,2.0,0.0,0.0,-1.0,1.0,27,us.codecraft.webmagic.processor.GithubRepoProcessor$27,anonymous,1,0,2,,0.0,6,0,3,0,0,1,1
C:\Users\syuuj\gitProject\webmagic\webmagic-extension\src\test\java\us\codecraft\webmagic\model\GithubRepoApi.java,us.codecraft.webmagic.model.GithubRepoApi,0.0,-1.0,0.0,1.0,1.0,-1.0,0.0,10,us.codecraft.webmagic.model.GithubRepoApi,class,1,1,1,,0.0,6,0,0,0,1,1,1
C:\Users\syuuj\gitProject\webmagic\webmagic-extension\src\main\java\us\codecraft\webmagic\model\formatter\BasicTypeFormatter.java,us.codecraft.webmagic.model.formatter.BasicTypeFormatter$DoubleFormatter,1.0,0.5,1.0,0.0,0.0,0.0,1.0,77,us.codecraft.webmagic.model.formatter.BasicTypeFormatter$DoubleFormatter,innerclass,2,0,1,0.0,0.0,8,0,1,0,0,2,2
C:\Users\syuuj\gitProject\webmagic\webmagic-extension\src\test\java\us\codecraft\webmagic\utils\IPUtilsTest.java,us.codecraft.webmagic.utils.IPUtilsTest,0.0,-1.0,1.0,0.0,0.0,-1.0,1.0,8,us.codecraft.webmagic.utils.IPUtilsTest,class,1,0,2,,0.0,5,0,2,0,0,1,1
C:\Users\syuuj\gitProject\webmagic\webmagic-extension\src\main\java\us\codecraft\webmagic\handler\PatternProcessor.java,us.codecraft.webmagic.handler.PatternProcessor,1.0,0.0,0.0,0.0,-1.0,0.0,0.0,6,us.codecraft.webmagic.handler.PatternProcessor,class,2,1,3,,0.0,5,0,0,0,0,1,1
C:\Users\syuuj\gitProject\webmagic\webmagic-extension\src\main\java\us\codecraft\webmagic\handler\PatternRequestMatcher.java,us.codecraft.webmagic.handler.PatternRequestMatcher,0.0,-1.0,1.0,2.0,0.6666667,-1.0,1.0,16,us.codecraft.webmagic.handler.PatternRequestMatcher,class,1,1,2,1.0,0.25,11,1,4,0,2,2,2
C:\Users\syuuj\gitProject\webmagic\webmagic-extension\src\test\java\us\codecraft\webmagic\monitor\CustomSpiderStatus.java,us.codecraft.webmagic.monitor.CustomSpiderStatus,3.0,0.0,5.0,0.0,0.0,0.0,3.0,8,us.codecraft.webmagic.monitor.CustomSpiderStatus,class,2,1,4,0.0,0.0,8,0,3,0,0,2,2
C:\Users\syuuj\gitProject\webmagic\webmagic-extension\src\main\java\us\codecraft\webmagic\example\GithubRepoPageMapper.java,us.codecraft.webmagic.example.GithubRepoPageMapper,0.0,-1.0,4.0,1.0,0.2,-1.0,2.0,13,us.codecraft.webmagic.example.GithubRepoPageMapper,class,1,1,9,0.0,0.6666667,21,0,15,0,2,3,4
C:\Users\syuuj\gitProject\webmagic\webmagic-extension\src\main\java\us\codecraft\webmagic\model\formatter\BasicTypeFormatter.java,us.codecraft.webmagic.model.formatter.BasicTypeFormatter$ShortFormatter,1.0,0.5,1.0,0.0,0.0,0.0,1.0,101,us.codecraft.webmagic.model.formatter.BasicTypeFormatter$ShortFormatter,innerclass,2,0,1,0.0,0.0,8,0,1,0,0,2,2
C:\Users\syuuj\gitProject\webmagic\webmagic-extension\src\main\java\us\codecraft\webmagic\model\ModelPipeline.java,us.codecraft.webmagic.model.ModelPipeline,0.0,-1.0,8.0,0.0,0.0,-1.0,4.0,20,us.codecraft.webmagic.model.ModelPipeline,class,1,2,6,0.33333334,0.33333334,26,0,9,0,1,3,8
C:\Users\syuuj\gitProject\webmagic\webmagic-extension\src\test\java\us\codecraft\webmagic\monitor\CustomSpiderStatusMXBean.java,us.codecraft.webmagic.monitor.CustomSpiderStatusMXBean,0.0,-1.0,0.0,0.0,-1.0,-1.0,0.0,6,us.codecraft.webmagic.monitor.CustomSpiderStatusMXBean,interface,1,1,1,,0.0,3,0,0,0,0,1,1
C:\Users\syuuj\gitProject\webmagic\webmagic-extension\src\main\java\us\codecraft\webmagic\pipeline\MultiPagePipeline.java,us.codecraft.webmagic.pipeline.MultiPagePipeline,0.0,-1.0,32.0,0.0,0.0,-1.0,6.0,21,us.codecraft.webmagic.pipeline.MultiPagePipeline,class,1,3,7,,0.5,63,0,26,0,2,2,12
C:\Users\syuuj\gitProject\webmagic\webmagic-extension\src\main\java\us\codecraft\webmagic\utils\MultiKeyMapBase.java,us.codecraft.webmagic.utils.MultiKeyMapBase,0.0,-1.0,0.0,3.0,1.0,-1.0,0.0,15,us.codecraft.webmagic.utils.MultiKeyMapBase,class,1,1,2,0.33333334,0.6666667,20,1,1,0,2,3,5
C:\Users\syuuj\gitProject\webmagic\webmagic-extension\src\main\java\us\codecraft\webmagic\handler\RequestMatcher.java,us.codecraft.webmagic.handler.RequestMatcher$MatchOther,0.0,0.0,0.0,0.0,-1.0,-1.0,0.0,21,us.codecraft.webmagic.handler.RequestMatcher$MatchOther,enum,1,0,0,-1.0,0.0,1,0,0,0,0,0,0
C:\Users\syuuj\gitProject\webmagic\webmagic-extension\src\test\java\us\codecraft\webmagic\model\ModelPageProcessorTest.java,us.codecraft.webmagic.model.ModelPageProcessorTest$ModelFoo,0.0,-1.0,0.0,0.0,-1.0,-1.0,0.0,22,us.codecraft.webmagic.model.ModelPageProcessorTest$ModelFoo,innerclass,1,0,2,-1.0,,3,0,0,0,1,0,0
C:\Users\syuuj\gitProject\webmagic\webmagic-extension\src\test\java\us\codecraft\webmagic\model\PageMapperTest.java,us.codecraft.webmagic.model.PageMapperTest,0.0,-1.0,4.0,0.0,0.0,-1.0,3.0,12,us.codecraft.webmagic.model.PageMapperTest,class,1,0,4,,0.0,8,0,5,0,1,1,1
C:\Users\syuuj\gitProject\webmagic\webmagic-extension\src\main\java\us\codecraft\webmagic\utils\IPUtils.java,us.codecraft.webmagic.utils.IPUtils,0.0,-1.0,4.0,0.0,0.0,-1.0,2.0,13,us.codecraft.webmagic.utils.IPUtils,class,1,1,0,,0.0,20,0,9,0,0,1,6
C:\Users\syuuj\gitProject\webmagic\webmagic-extension\src\main\java\us\codecraft\webmagic\example\GithubRepo.java,us.codecraft.webmagic.example.GithubRepo,0.0,-1.0,2.0,17.0,0.8947368,-1.0,1.0,20,us.codecraft.webmagic.example.GithubRepo,class,1,4,10,0.8,0.7714286,39,0,6,0,7,10,10
C:\Users\syuuj\gitProject\webmagic\webmagic-extension\src\main\java\us\codecraft\webmagic\utils\ClassUtils.java,us.codecraft.webmagic.utils.ClassUtils,0.0,-1.0,2.0,0.0,0.0,-1.0,1.0,11,us.codecraft.webmagic.utils.ClassUtils,class,1,1,0,,0.0,14,0,3,0,0,1,3
C:\Users\syuuj\gitProject\webmagic\webmagic-extension\src\test\java\us\codecraft\webmagic\model\GithubRepoTest.java,us.codecraft.webmagic.model.GithubRepoTest$20,0.0,-1.0,2.0,0.0,0.0,-1.0,1.0,20,us.codecraft.webmagic.model.GithubRepoTest$20,anonymous,1,0,2,,0.0,6,0,4,0,0,1,1
C:\Users\syuuj\gitProject\webmagic\webmagic-extension\src\test\java\us\codecraft\webmagic\model\PageModelExtractorTest.java,us.codecraft.webmagic.model.PageModelExtractorTest$ModelCustomList,0.0,-1.0,0.0,0.0,-1.0,-1.0,0.0,70,us.codecraft.webmagic.model.PageModelExtractorTest$ModelCustomList,innerclass,1,0,3,-1.0,,3,0,0,0,1,0,0
C:\Users\syuuj\gitProject\webmagic\webmagic-extension\src\test\java\us\codecraft\webmagic\scheduler\RedisSchedulerTest.java,us.codecraft.webmagic.scheduler.RedisSchedulerTest,0.0,-1.0,0.0,1.0,1.0,-1.0,0.0,15,us.codecraft.webmagic.scheduler.RedisSchedulerTest,class,1,0,7,1.0,0.0,22,0,5,0,1,2,2
C:\Users\syuuj\gitProject\webmagic\webmagic-extension\src\test\java\us\codecraft\webmagic\model\PageModelExtractorTest.java,us.codecraft.webmagic.model.PageModelExtractorTest$ModelDateStr,0.0,-1.0,0.0,0.0,-1.0,-1.0,0.0,25,us.codecraft.webmagic.model.PageModelExtractorTest$ModelDateStr,innerclass,1,0,1,-1.0,,3,0,0,0,1,0,0
C:\Users\syuuj\gitProject\webmagic\webmagic-extension\src\test\java\us\codecraft\webmagic\formatter\DateFormatterTest.java,us.codecraft.webmagic.formatter.DateFormatterTest,0.0,-1.0,0.0,0.0,-1.0,-1.0,0.0,15,us.codecraft.webmagic.formatter.DateFormatterTest,class,1,0,2,,0.0,10,0,6,0,0,1,1
C:\Users\syuuj\gitProject\webmagic\webmagic-extension\src\main\java\us\codecraft\webmagic\example\BaiduBaike.java,us.codecraft.webmagic.example.BaiduBaike,0.0,-1.0,4.0,5.0,0.5555556,-1.0,2.0,14,us.codecraft.webmagic.example.BaiduBaike,class,1,1,5,0.5,0.5,29,0,9,0,2,4,5
C:\Users\syuuj\gitProject\webmagic\webmagic-extension\src\test\java\us\codecraft\webmagic\model\ModelPageProcessorTest.java,us.codecraft.webmagic.model.ModelPageProcessorTest$ModelBar,0.0,-1.0,0.0,0.0,-1.0,-1.0,0.0,30,us.codecraft.webmagic.model.ModelPageProcessorTest$ModelBar,innerclass,1,0,2,-1.0,,3,0,0,0,1,0,0
C:\Users\syuuj\gitProject\webmagic\webmagic-extension\src\main\java\us\codecraft\webmagic\monitor\SpiderMonitor.java,us.codecraft.webmagic.monitor.SpiderMonitor$MonitorSpiderListener,0.0,-1.0,1.0,3.0,0.75,-1.0,1.0,75,us.codecraft.webmagic.monitor.SpiderMonitor$MonitorSpiderListener,innerclass,1,0,2,0.4,0.6,21,0,4,0,3,5,5
C:\Users\syuuj\gitProject\webmagic\webmagic-extension\src\test\java\us\codecraft\webmagic\MockPageModelPipeline.java,us.codecraft.webmagic.MockPageModelPipeline,0.0,-1.0,0.0,0.0,-1.0,-1.0,0.0,9,us.codecraft.webmagic.MockPageModelPipeline,class,1,0,2,,0.0,5,0,1,0,0,1,1
C:\Users\syuuj\gitProject\webmagic\webmagic-extension\src\main\java\us\codecraft\webmagic\model\PageModelCollectorPipeline.java,us.codecraft.webmagic.model.PageModelCollectorPipeline,0.0,-1.0,5.0,1.0,0.16666667,-1.0,4.0,16,us.codecraft.webmagic.model.PageModelCollectorPipeline,class,1,1,6,1.0,0.33333334,25,0,6,0,2,3,7
C:\Users\syuuj\gitProject\webmagic\webmagic-extension\src\main\java\us\codecraft\webmagic\model\AfterExtractor.java,us.codecraft.webmagic.model.AfterExtractor,0.0,-1.0,0.0,0.0,-1.0,-1.0,0.0,11,us.codecraft.webmagic.model.AfterExtractor,interface,1,5,1,,0.0,3,0,0,0,0,1,1
C:\Users\syuuj\gitProject\webmagic\webmagic-extension\src\test\java\us\codecraft\webmagic\model\ModelPageProcessorTest.java,us.codecraft.webmagic.model.ModelPageProcessorTest$MockModel,0.0,-1.0,0.0,0.0,-1.0,-1.0,0.0,39,us.codecraft.webmagic.model.ModelPageProcessorTest$MockModel,innerclass,1,0,2,-1.0,0.0,2,0,0,0,0,0,0
C:\Users\syuuj\gitProject\webmagic\webmagic-extension\src\main\java\us\codecraft\webmagic\model\formatter\ObjectFormatterBuilder.java,us.codecraft.webmagic.model.formatter.ObjectFormatterBuilder,0.0,-1.0,8.0,1.0,0.11111111,-1.0,5.0,13,us.codecraft.webmagic.model.formatter.ObjectFormatterBuilder,class,1,2,5,1.0,0.25,42,0,14,0,1,4,14
C:\Users\syuuj\gitProject\webmagic\webmagic-extension\src\test\java\us\codecraft\webmagic\scheduler\RedisSchedulerTest.java,us.codecraft.webmagic.scheduler.RedisSchedulerTest$27,0.0,0.0,0.0,0.0,-1.0,-1.0,0.0,27,us.codecraft.webmagic.scheduler.RedisSchedulerTest$27,anonymous,1,0,1,0.0,0.0,8,0,0,0,0,2,2
C:\Users\syuuj\gitProject\webmagic\webmagic-extension\src\main\java\us\codecraft\webmagic\scheduler\FileCacheQueueScheduler.java,us.codecraft.webmagic.scheduler.FileCacheQueueScheduler$79,0.0,0.0,2.0,0.0,0.0,-1.0,2.0,79,us.codecraft.webmagic.scheduler.FileCacheQueueScheduler$79,anonymous,1,0,3,0.0,0.0,14,0,6,0,0,3,4
C:\Users\syuuj\gitProject\webmagic\webmagic-extension\src\main\java\us\codecraft\webmagic\monitor\SpiderMonitor.java,us.codecraft.webmagic.monitor.SpiderMonitor,0.0,-1.0,5.0,5.0,0.5,-1.0,3.0,24,us.codecraft.webmagic.monitor.SpiderMonitor,class,1,5,9,0.1,0.8,60,0,12,1,6,5,7
C:\Users\syuuj\gitProject\webmagic\webmagic-extension\src\test\java\us\codecraft\webmagic\monitor\SpiderMonitorTest.java,us.codecraft.webmagic.monitor.SpiderMonitorTest,0.0,-1.0,0.0,0.0,-1.0,-1.0,0.0,12,us.codecraft.webmagic.monitor.SpiderMonitorTest,class,1,0,5,,0.0,13,0,4,0,0,1,1
C:\Users\syuuj\gitProject\webmagic\webmagic-samples\src\main\java\us\codecraft\webmagic\samples\TianyaPageProcesser.java,us.codecraft.webmagic.samples.TianyaPageProcesser,0.0,-1.0,5.0,0.0,0.0,-1.0,2.0,12,us.codecraft.webmagic.samples.TianyaPageProcesser,class,1,0,6,0.0,0.0,11,0,9,0,0,2,2
C:\Users\syuuj\gitProject\webmagic\webmagic-samples\src\main\java\us\codecraft\webmagic\samples\NjuBBSProcessor.java,us.codecraft.webmagic.samples.NjuBBSProcessor,0.0,-1.0,5.0,0.0,0.0,-1.0,2.0,15,us.codecraft.webmagic.samples.NjuBBSProcessor,class,1,1,8,0.0,0.0,14,0,12,0,0,3,3
C:\Users\syuuj\gitProject\webmagic\webmagic-samples\src\main\java\us\codecraft\webmagic\model\samples\OschinaBlog.java,us.codecraft.webmagic.model.samples.OschinaBlog$32,0.0,0.0,0.0,0.0,-1.0,-1.0,0.0,32,us.codecraft.webmagic.model.samples.OschinaBlog$32,anonymous,1,0,1,,0.0,4,0,0,0,0,1,1
C:\Users\syuuj\gitProject\webmagic\webmagic-samples\src\main\java\us\codecraft\webmagic\samples\MamacnPageProcessor.java,us.codecraft.webmagic.samples.MamacnPageProcessor,0.0,-1.0,9.0,1.0,0.1,-1.0,3.0,18,us.codecraft.webmagic.samples.MamacnPageProcessor,class,1,1,9,0.0,0.6666667,22,0,23,0,1,3,5
C:\Users\syuuj\gitProject\webmagic\webmagic-samples\src\main\java\us\codecraft\webmagic\samples\pipeline\ReplacePipeline.java,us.codecraft.webmagic.samples.pipeline.ReplacePipeline,0.0,-1.0,0.0,0.0,-1.0,-1.0,0.0,6,us.codecraft.webmagic.samples.pipeline.ReplacePipeline,class,1,0,0,-1.0,0.0,2,0,0,0,0,0,0
C:\Users\syuuj\gitProject\webmagic\webmagic-samples\src\main\java\us\codecraft\webmagic\samples\AmanzonPageProcessor.java,us.codecraft.webmagic.samples.AmanzonPageProcessor,0.0,-1.0,3.0,0.0,0.0,-1.0,2.0,14,us.codecraft.webmagic.samples.AmanzonPageProcessor,class,1,1,8,0.0,0.0,24,0,11,0,0,3,6
C:\Users\syuuj\gitProject\webmagic\webmagic-samples\src\main\java\us\codecraft\webmagic\samples\IteyeBlogProcessor.java,us.codecraft.webmagic.samples.IteyeBlogProcessor,0.0,-1.0,5.0,3.0,0.375,-1.0,2.0,11,us.codecraft.webmagic.samples.IteyeBlogProcessor,class,1,1,7,0.0,0.6666667,17,0,15,0,1,3,4
C:\Users\syuuj\gitProject\webmagic\webmagic-samples\src\test\java\us\codecraft\webmagic\SpiderTest.java,us.codecraft.webmagic.SpiderTest,0.0,-1.0,7.0,0.0,0.0,-1.0,4.0,15,us.codecraft.webmagic.SpiderTest,class,1,1,12,0.0,0.0,17,0,10,0,0,4,4
C:\Users\syuuj\gitProject\webmagic\webmagic-samples\src\main\java\us\codecraft\webmagic\samples\scheduler\ZipCodePageProcessor.java,us.codecraft.webmagic.samples.scheduler.ZipCodePageProcessor,0.0,-1.0,19.0,1.0,0.05,-1.0,4.0,20,us.codecraft.webmagic.samples.scheduler.ZipCodePageProcessor,class,1,1,12,0.0,0.8333333,53,0,33,0,1,6,12
C:\Users\syuuj\gitProject\webmagic\webmagic-samples\src\main\java\us\codecraft\webmagic\model\samples\QQMeishi.java,us.codecraft.webmagic.model.samples.QQMeishi,0.0,-1.0,0.0,1.0,1.0,-1.0,0.0,14,us.codecraft.webmagic.model.samples.QQMeishi,class,1,1,7,,1.0,7,0,5,0,2,1,1
C:\Users\syuuj\gitProject\webmagic\webmagic-samples\src\main\java\us\codecraft\webmagic\samples\PhantomJSPageProcessor.java,us.codecraft.webmagic.samples.PhantomJSPageProcessor,0.0,-1.0,10.0,1.0,0.09090909,-1.0,7.0,19,us.codecraft.webmagic.samples.PhantomJSPageProcessor,class,1,1,9,0.0,0.6666667,16,0,22,0,1,3,4
C:\Users\syuuj\gitProject\webmagic\webmagic-samples\src\main\java\us\codecraft\webmagic\samples\scheduler\DelayQueueScheduler.java,us.codecraft.webmagic.samples.scheduler.DelayQueueScheduler,0.0,0.0,3.0,2.0,0.4,-1.0,2.0,16,us.codecraft.webmagic.samples.scheduler.DelayQueueScheduler,class,3,1,4,0.33333334,0.5833334,48,0,6,1,4,3,6
C:\Users\syuuj\gitProject\webmagic\webmagic-samples\src\main\java\us\codecraft\webmagic\samples\SinaBlogProcessor.java,us.codecraft.webmagic.samples.SinaBlogProcessor,0.0,-1.0,6.0,4.0,0.4,-1.0,1.0,11,us.codecraft.webmagic.samples.SinaBlogProcessor,class,1,2,7,0.0,0.6666667,22,0,17,0,3,3,4
C:\Users\syuuj\gitProject\webmagic\webmagic-samples\src\main\java\us\codecraft\webmagic\samples\F58PageProcesser.java,us.codecraft.webmagic.samples.F58PageProcesser,0.0,-1.0,9.0,0.0,0.0,-1.0,4.0,16,us.codecraft.webmagic.samples.F58PageProcesser,class,1,1,9,0.0,0.0,14,0,15,0,0,3,3
C:\Users\syuuj\gitProject\webmagic\webmagic-samples\src\main\java\us\codecraft\webmagic\model\samples\JokejiModel.java,us.codecraft.webmagic.model.samples.JokejiModel,0.0,-1.0,10.0,1.0,0.09090909,-1.0,5.0,16,us.codecraft.webmagic.model.samples.JokejiModel,class,1,1,9,,1.0,7,0,11,0,2,1,1
C:\Users\syuuj\gitProject\webmagic\webmagic-samples\src\main\java\us\codecraft\webmagic\samples\scheduler\LevelLimitScheduler.java,us.codecraft.webmagic.samples.scheduler.LevelLimitScheduler,0.0,0.0,1.0,2.0,0.6666667,-1.0,1.0,10,us.codecraft.webmagic.samples.scheduler.LevelLimitScheduler,class,3,0,3,1.0,0.0,11,0,2,0,1,2,3
C:\Users\syuuj\gitProject\webmagic\webmagic-samples\src\main\java\us\codecraft\webmagic\model\samples\Kr36NewsModel.java,us.codecraft.webmagic.model.samples.Kr36NewsModel,0.0,-1.0,2.0,4.0,0.6666667,-1.0,1.0,22,us.codecraft.webmagic.model.samples.Kr36NewsModel,class,1,1,10,0.0,0.75,24,0,8,0,3,4,4
C:\Users\syuuj\gitProject\webmagic\webmagic-samples\src\main\java\us\codecraft\webmagic\model\samples\News163.java,us.codecraft.webmagic.model.samples.News163,0.0,-1.0,0.0,13.0,1.0,-1.0,0.0,20,us.codecraft.webmagic.model.samples.News163,class,1,2,11,0.2,0.73333335,32,0,6,0,5,6,7
C:\Users\syuuj\gitProject\webmagic\webmagic-samples\src\main\java\us\codecraft\webmagic\samples\GithubRepoPageProcessor.java,us.codecraft.webmagic.samples.GithubRepoPageProcessor,0.0,-1.0,10.0,1.0,0.09090909,-1.0,2.0,12,us.codecraft.webmagic.samples.GithubRepoPageProcessor,class,1,1,8,0.0,0.6666667,23,0,21,0,1,3,4
C:\Users\syuuj\gitProject\webmagic\webmagic-samples\src\main\java\us\codecraft\webmagic\samples\DiandianBlogProcessor.java,us.codecraft.webmagic.samples.DiandianBlogProcessor,0.0,-1.0,9.0,3.0,0.25,-1.0,3.0,12,us.codecraft.webmagic.samples.DiandianBlogProcessor,class,1,0,5,0.0,0.5,17,0,13,0,1,2,3
C:\Users\syuuj\gitProject\webmagic\webmagic-samples\src\main\java\us\codecraft\webmagic\model\samples\IteyeBlog.java,us.codecraft.webmagic.model.samples.IteyeBlog,0.0,-1.0,0.0,5.0,1.0,-1.0,0.0,14,us.codecraft.webmagic.model.samples.IteyeBlog,class,1,2,7,0.5,0.5,16,0,4,0,2,4,4
C:\Users\syuuj\gitProject\webmagic\webmagic-samples\src\main\java\us\codecraft\webmagic\samples\AlexanderMcqueenGoodsProcessor.java,us.codecraft.webmagic.samples.AlexanderMcqueenGoodsProcessor,0.0,-1.0,17.0,4.0,0.1904762,-1.0,3.0,12,us.codecraft.webmagic.samples.AlexanderMcqueenGoodsProcessor,class,1,1,9,0.0,0.6666667,30,0,20,0,3,3,5
C:\Users\syuuj\gitProject\webmagic\webmagic-samples\src\main\java\us\codecraft\webmagic\samples\ZhihuPageProcessor.java,us.codecraft.webmagic.samples.ZhihuPageProcessor,0.0,-1.0,4.0,2.0,0.33333334,-1.0,1.0,16,us.codecraft.webmagic.samples.ZhihuPageProcessor,class,1,1,9,0.0,0.6666667,30,0,21,0,2,3,6
C:\Users\syuuj\gitProject\webmagic\webmagic-samples\src\main\java\us\codecraft\webmagic\samples\MeicanProcessor.java,us.codecraft.webmagic.samples.MeicanProcessor,0.0,-1.0,10.0,0.0,0.0,-1.0,4.0,15,us.codecraft.webmagic.samples.MeicanProcessor,class,1,1,7,0.0,0.0,18,0,16,0,0,3,4
C:\Users\syuuj\gitProject\webmagic\webmagic-samples\src\main\java\us\codecraft\webmagic\samples\pipeline\OneFilePipeline.java,us.codecraft.webmagic.samples.pipeline.OneFilePipeline,0.0,0.0,13.0,1.0,0.071428575,-1.0,5.0,16,us.codecraft.webmagic.samples.pipeline.OneFilePipeline,class,2,1,6,0.33333334,0.6666667,27,0,13,0,2,3,6
C:\Users\syuuj\gitProject\webmagic\webmagic-samples\src\main\java\us\codecraft\webmagic\samples\DiaoyuwengProcessor.java,us.codecraft.webmagic.samples.DiaoyuwengProcessor,0.0,-1.0,15.0,3.0,0.16666667,-1.0,5.0,16,us.codecraft.webmagic.samples.DiaoyuwengProcessor,class,1,1,9,0.0,0.6666667,24,0,19,0,1,3,5
C:\Users\syuuj\gitProject\webmagic\webmagic-samples\src\main\java\us\codecraft\webmagic\samples\QzoneBlogProcessor.java,us.codecraft.webmagic.samples.QzoneBlogProcessor,0.0,-1.0,7.0,0.0,0.0,-1.0,3.0,12,us.codecraft.webmagic.samples.QzoneBlogProcessor,class,1,0,6,0.0,0.0,11,0,10,0,0,2,2
C:\Users\syuuj\gitProject\webmagic\webmagic-samples\src\main\java\us\codecraft\webmagic\samples\AngularJSProcessor.java,us.codecraft.webmagic.samples.AngularJSProcessor,0.0,-1.0,4.0,2.0,0.33333334,-1.0,1.0,16,us.codecraft.webmagic.samples.AngularJSProcessor,class,1,1,7,0.0,0.77777785,25,0,13,0,3,3,6
C:\Users\syuuj\gitProject\webmagic\webmagic-samples\src\main\java\us\codecraft\webmagic\model\samples\DianpingFtlDataScanner.java,us.codecraft.webmagic.model.samples.DianpingFtlDataScanner,0.0,-1.0,5.0,1.0,0.16666667,-1.0,3.0,18,us.codecraft.webmagic.model.samples.DianpingFtlDataScanner,class,1,1,8,0.0,0.5,14,0,10,0,1,2,5
C:\Users\syuuj\gitProject\webmagic\webmagic-samples\src\main\java\us\codecraft\webmagic\samples\scheduler\DelayQueueScheduler.java,us.codecraft.webmagic.samples.scheduler.DelayQueueScheduler$RequestWrapper,0.0,-1.0,6.0,5.0,0.45454547,-1.0,3.0,26,us.codecraft.webmagic.samples.scheduler.DelayQueueScheduler$RequestWrapper,innerclass,1,0,2,0.0,0.6,20,0,5,0,2,5,5
C:\Users\syuuj\gitProject\webmagic\webmagic-samples\src\main\java\us\codecraft\webmagic\samples\GithubRepo.java,us.codecraft.webmagic.samples.GithubRepo,0.0,-1.0,0.0,6.0,1.0,-1.0,0.0,6,us.codecraft.webmagic.samples.GithubRepo,class,1,1,0,0.2,0.6666667,23,0,0,0,3,6,6
C:\Users\syuuj\gitProject\webmagic\webmagic-samples\src\main\java\us\codecraft\webmagic\samples\HuxiuProcessor.java,us.codecraft.webmagic.samples.HuxiuProcessor,0.0,-1.0,5.0,0.0,0.0,-1.0,2.0,13,us.codecraft.webmagic.samples.HuxiuProcessor,class,1,1,7,0.0,0.0,14,0,12,0,0,3,3
C:\Users\syuuj\gitProject\webmagic\webmagic-samples\src\main\java\us\codecraft\webmagic\model\samples\Kr36NewsModel.java,us.codecraft.webmagic.model.samples.Kr36NewsModel$35,0.0,0.0,0.0,0.0,-1.0,-1.0,0.0,35,us.codecraft.webmagic.model.samples.Kr36NewsModel$35,anonymous,1,0,1,,0.0,4,0,0,0,0,1,1
C:\Users\syuuj\gitProject\webmagic\webmagic-samples\src\main\java\us\codecraft\webmagic\model\samples\OschinaAnswer.java,us.codecraft.webmagic.model.samples.OschinaAnswer,0.0,-1.0,0.0,1.0,1.0,-1.0,0.0,16,us.codecraft.webmagic.model.samples.OschinaAnswer,class,1,1,9,0.0,1.0,9,0,4,0,2,2,2
C:\Users\syuuj\gitProject\webmagic\webmagic-samples\src\test\java\us\codecraft\webmagic\samples\scheduler\DelayQueueSchedulerTest.java,us.codecraft.webmagic.samples.scheduler.DelayQueueSchedulerTest,0.0,-1.0,1.0,0.0,0.0,-1.0,1.0,12,us.codecraft.webmagic.samples.scheduler.DelayQueueSchedulerTest,class,1,0,4,,0.0,10,0,4,0,0,1,2
C:\Users\syuuj\gitProject\webmagic\webmagic-samples\src\main\java\us\codecraft\webmagic\model\samples\OschinaBlog.java,us.codecraft.webmagic.model.samples.OschinaBlog,0.0,-1.0,6.0,4.0,0.4,-1.0,3.0,16,us.codecraft.webmagic.model.samples.OschinaBlog,class,1,3,7,0.0,0.75,21,0,8,0,3,4,4
C:\Users\syuuj\gitProject\webmagic\webmagic-samples\src\main\java\us\codecraft\webmagic\samples\formatter\StringTemplateFormatter.java,us.codecraft.webmagic.samples.formatter.StringTemplateFormatter,0.0,-1.0,1.0,2.0,0.6666667,-1.0,1.0,8,us.codecraft.webmagic.samples.formatter.StringTemplateFormatter,class,1,0,1,0.33333334,0.33333334,12,0,1,0,1,3,3
C:\Users\syuuj\gitProject\webmagic\webmagic-samples\src\main\java\us\codecraft\webmagic\model\samples\BaiduNews.java,us.codecraft.webmagic.model.samples.BaiduNews,0.0,-1.0,3.0,5.0,0.625,-1.0,2.0,10,us.codecraft.webmagic.model.samples.BaiduNews,class,1,1,5,0.5,0.5,19,0,6,0,2,4,4
C:\Users\syuuj\gitProject\webmagic\webmagic-samples\src\main\java\us\codecraft\webmagic\main\QuickStarter.java,us.codecraft.webmagic.main.QuickStarter,0.0,-1.0,11.0,2.0,0.15384616,-1.0,6.0,18,us.codecraft.webmagic.main.QuickStarter,class,1,1,9,,0.0,45,0,19,0,2,3,7
C:\Users\syuuj\gitProject\webmagic\webmagic-samples\src\main\java\us\codecraft\webmagic\samples\KaichibaProcessor.java,us.codecraft.webmagic.samples.KaichibaProcessor,0.0,-1.0,9.0,0.0,0.0,-1.0,4.0,13,us.codecraft.webmagic.samples.KaichibaProcessor,class,1,1,7,0.0,0.0,14,0,16,0,0,3,3
C:\Users\syuuj\gitProject\webmagic\webmagic-samples\src\main\java\us\codecraft\webmagic\model\samples\GithubRepo.java,us.codecraft.webmagic.model.samples.GithubRepo,0.0,-1.0,6.0,10.0,0.625,-1.0,3.0,20,us.codecraft.webmagic.model.samples.GithubRepo,class,1,1,11,0.083333336,0.85714287,36,0,8,0,7,9,9
C:\Users\syuuj\gitProject\webmagic\webmagic-samples\src\test\java\us\codecraft\webmagic\model\ProcessorBenchmark.java,us.codecraft.webmagic.model.ProcessorBenchmark,0.0,-1.0,4.0,1.0,0.2,-1.0,2.0,15,us.codecraft.webmagic.model.ProcessorBenchmark,class,1,0,9,,0.0,20,0,8,0,1,1,3
C:\Users\syuuj\gitProject\webmagic\webmagic-samples\src\main\java\us\codecraft\webmagic\model\samples\Blog.java,us.codecraft.webmagic.model.samples.Blog,0.0,-1.0,0.0,0.0,-1.0,-1.0,0.0,8,us.codecraft.webmagic.model.samples.Blog,interface,1,1,0,0.0,0.0,4,0,0,0,0,2,2
C:\Users\syuuj\gitProject\webmagic\webmagic-samples\src\main\java\us\codecraft\webmagic\samples\InfoQMiniBookProcessor.java,us.codecraft.webmagic.samples.InfoQMiniBookProcessor,0.0,-1.0,9.0,3.0,0.25,-1.0,4.0,14,us.codecraft.webmagic.samples.InfoQMiniBookProcessor,class,1,1,8,0.0,0.6666667,22,0,17,0,1,3,5
C:\Users\syuuj\gitProject\webmagic\webmagic-samples\src\test\java\us\codecraft\webmagic\processor\SinablogProcessorTest.java,us.codecraft.webmagic.processor.SinablogProcessorTest,0.0,-1.0,0.0,0.0,-1.0,-1.0,0.0,18,us.codecraft.webmagic.processor.SinablogProcessorTest,class,1,0,7,,0.0,7,0,4,0,0,1,1
C:\Users\syuuj\gitProject\webmagic\webmagic-saxon\src\main\java\us\codecraft\webmagic\selector\Xpath2Selector.java,us.codecraft.webmagic.selector.Xpath2Selector,0.0,-1.0,25.0,5.0,0.16666667,-1.0,8.0,37,us.codecraft.webmagic.selector.Xpath2Selector,class,1,2,11,1.0,0.25,127,0,21,1,3,4,17
C:\Users\syuuj\gitProject\webmagic\webmagic-saxon\src\main\java\us\codecraft\webmagic\selector\Xpath2Selector.java,us.codecraft.webmagic.selector.Xpath2Selector$XPath2NamespaceContext,0.0,0.0,7.0,0.0,0.0,-1.0,3.0,54,us.codecraft.webmagic.selector.Xpath2Selector$XPath2NamespaceContext,enum,1,0,1,0.33333334,0.5,33,0,9,0,2,5,10
C:\Users\syuuj\gitProject\webmagic\webmagic-saxon\src\test\java\us\codecraft\webmagic\selector\XpathSelectorTest.java,us.codecraft.webmagic.selector.XpathSelectorTest,0.0,-1.0,0.0,11.0,1.0,-1.0,0.0,17,us.codecraft.webmagic.selector.XpathSelectorTest,class,1,0,14,0.4,0.33333334,96,0,23,0,1,6,17
C:\Users\syuuj\gitProject\webmagic\webmagic-scripts\src\main\java\us\codecraft\webmagic\scripts\ScriptConsole.java,us.codecraft.webmagic.scripts.ScriptConsole,0.0,-1.0,38.0,0.0,0.0,-1.0,6.0,21,us.codecraft.webmagic.scripts.ScriptConsole,class,1,1,14,,0.0,149,0,44,1,0,6,21
C:\Users\syuuj\gitProject\webmagic\webmagic-scripts\src\main\java\us\codecraft\webmagic\scripts\ScriptProcessor.java,us.codecraft.webmagic.scripts.ScriptProcessor,0.0,-1.0,20.0,13.0,0.3939394,-1.0,9.0,22,us.codecraft.webmagic.scripts.ScriptProcessor,class,1,3,8,1.0,0.33333334,63,0,22,0,5,3,12
C:\Users\syuuj\gitProject\webmagic\webmagic-scripts\src\main\java\us\codecraft\webmagic\scripts\ScriptEnginePool.java,us.codecraft.webmagic.scripts.ScriptEnginePool,0.0,-1.0,2.0,2.0,0.5,-1.0,2.0,12,us.codecraft.webmagic.scripts.ScriptEnginePool,class,1,1,1,1.0,0.22222222,22,0,6,0,3,3,4
C:\Users\syuuj\gitProject\webmagic\webmagic-scripts\src\main\java\us\codecraft\webmagic\scripts\Language.java,us.codecraft.webmagic.scripts.Language,0.0,0.0,0.0,6.0,1.0,-1.0,0.0,6,us.codecraft.webmagic.scripts.Language,enum,1,4,0,1.0,0.5,18,0,0,0,3,4,4
C:\Users\syuuj\gitProject\webmagic\webmagic-scripts\src\main\java\us\codecraft\webmagic\scripts\ScriptConsole.java,us.codecraft.webmagic.scripts.ScriptConsole$98,0.0,0.0,0.0,0.0,-1.0,-1.0,0.0,98,us.codecraft.webmagic.scripts.ScriptConsole$98,anonymous,1,0,2,,0.0,4,0,0,0,0,1,1
C:\Users\syuuj\gitProject\webmagic\webmagic-scripts\src\test\java\us\codecraft\webmagic\scripts\ScriptProcessorTest.java,us.codecraft.webmagic.scripts.ScriptProcessorTest,0.0,-1.0,15.0,0.0,0.0,-1.0,4.0,12,us.codecraft.webmagic.scripts.ScriptProcessorTest,class,1,0,6,0.0,0.0,17,0,10,0,0,3,3
C:\Users\syuuj\gitProject\webmagic\webmagic-scripts\src\main\java\us\codecraft\webmagic\scripts\ScriptConsole.java,us.codecraft.webmagic.scripts.ScriptConsole$Params,0.0,-1.0,4.0,11.0,0.73333335,-1.0,2.0,23,us.codecraft.webmagic.scripts.ScriptConsole$Params,innerclass,1,0,2,0.0,0.8181818,50,0,6,0,6,11,14
C:\Users\syuuj\gitProject\webmagic\webmagic-scripts\src\main\java\us\codecraft\webmagic\scripts\ScriptProcessorBuilder.java,us.codecraft.webmagic.scripts.ScriptProcessorBuilder,0.0,-1.0,2.0,8.0,0.8,-1.0,2.0,13,us.codecraft.webmagic.scripts.ScriptProcessorBuilder,class,1,3,3,0.71428573,0.75,46,0,3,0,4,8,10
C:\Users\syuuj\gitProject\webmagic\webmagic-selenium\src\test\java\us\codecraft\webmagic\downloader\selenium\SeleniumDownloaderTest.java,us.codecraft.webmagic.downloader.selenium.SeleniumDownloaderTest$47,0.0,0.0,0.0,0.0,-1.0,-1.0,0.0,47,us.codecraft.webmagic.downloader.selenium.SeleniumDownloaderTest$47,anonymous,1,0,1,0.0,0.0,8,0,1,0,0,2,2
C:\Users\syuuj\gitProject\webmagic\webmagic-selenium\src\test\java\us\codecraft\webmagic\downloader\selenium\WebDriverPoolTest.java,us.codecraft.webmagic.downloader.selenium.WebDriverPoolTest,0.0,-1.0,3.0,1.0,0.25,-1.0,3.0,12,us.codecraft.webmagic.downloader.selenium.WebDriverPoolTest,class,1,0,4,,0.0,17,0,6,0,1,1,3
C:\Users\syuuj\gitProject\webmagic\webmagic-selenium\src\main\java\us\codecraft\webmagic\downloader\selenium\WebDriverPool.java,us.codecraft.webmagic.downloader.selenium.WebDriverPool,0.0,-1.0,21.0,28.0,0.5714286,-1.0,4.0,29,us.codecraft.webmagic.downloader.selenium.WebDriverPool,class,1,3,8,0.71428573,0.8203125,121,0,25,0,16,8,25
C:\Users\syuuj\gitProject\webmagic\webmagic-selenium\src\test\java\us\codecraft\webmagic\downloader\selenium\SeleniumDownloaderTest.java,us.codecraft.webmagic.downloader.selenium.SeleniumDownloaderTest$25,0.0,0.0,0.0,0.0,-1.0,-1.0,0.0,25,us.codecraft.webmagic.downloader.selenium.SeleniumDownloaderTest$25,anonymous,1,0,1,0.0,0.0,8,0,1,0,0,2,2
C:\Users\syuuj\gitProject\webmagic\webmagic-selenium\src\main\java\us\codecraft\webmagic\downloader\selenium\SeleniumDownloader.java,us.codecraft.webmagic.downloader.selenium.SeleniumDownloader,0.0,-1.0,18.0,6.0,0.25,-1.0,10.0,28,us.codecraft.webmagic.downloader.selenium.SeleniumDownloader,class,1,4,13,0.2,0.7714285,65,0,28,0,5,7,12
C:\Users\syuuj\gitProject\webmagic\webmagic-selenium\src\test\java\us\codecraft\webmagic\downloader\selenium\SeleniumDownloaderTest.java,us.codecraft.webmagic.downloader.selenium.SeleniumDownloaderTest,0.0,-1.0,3.0,2.0,0.4,-1.0,2.0,15,us.codecraft.webmagic.downloader.selenium.SeleniumDownloaderTest,class,1,0,8,1.0,0.0,35,0,11,0,1,2,3
C:\Users\syuuj\gitProject\webmagic\webmagic-selenium\src\test\java\us\codecraft\webmagic\downloader\SeleniumTest.java,us.codecraft.webmagic.downloader.SeleniumTest,0.0,-1.0,6.0,0.0,0.0,-1.0,5.0,20,us.codecraft.webmagic.downloader.SeleniumTest,class,1,0,6,,0.0,17,0,12,0,0,1,1
C:\Users\syuuj\gitProject\webmagic\webmagic-selenium\src\test\java\us\codecraft\webmagic\samples\HuabanProcessor.java,us.codecraft.webmagic.samples.HuabanProcessor,0.0,-1.0,12.0,3.0,0.2,-1.0,5.0,17,us.codecraft.webmagic.samples.HuabanProcessor,class,1,1,10,0.0,0.6666667,21,0,21,0,1,3,5
C:\Users\syuuj\gitProject\webmagic\webmagic-selenium\src\test\java\us\codecraft\webmagic\samples\GooglePlayProcessor.java,us.codecraft.webmagic.samples.GooglePlayProcessor,0.0,-1.0,7.0,3.0,0.3,-1.0,4.0,17,us.codecraft.webmagic.samples.GooglePlayProcessor,class,1,1,8,0.0,0.6666667,15,0,12,0,1,3,4
