file,class,method,variable,usage
C:\Users\syuuj\gitProject\analysis-ik\src\main\java\org\wltea\analyzer\dic\Monitor.java,org.wltea.analyzer.dic.Monitor,runUnprivileged/0,head,4
C:\Users\syuuj\gitProject\analysis-ik\src\main\java\org\wltea\analyzer\dic\Monitor.java,org.wltea.analyzer.dic.Monitor,runUnprivileged/0,rc,1
C:\Users\syuuj\gitProject\analysis-ik\src\main\java\org\wltea\analyzer\dic\Monitor.java,org.wltea.analyzer.dic.Monitor,runUnprivileged/0,e,4
C:\Users\syuuj\gitProject\analysis-ik\src\main\java\org\wltea\analyzer\dic\Monitor.java,org.wltea.analyzer.dic.Monitor,runUnprivileged/0,response,14
C:\Users\syuuj\gitProject\analysis-ik\src\main\java\org\wltea\analyzer\dic\Monitor.java,org.wltea.analyzer.dic.Monitor,Monitor/1[java.lang.String],location,2
C:\Users\syuuj\gitProject\analysis-ik\src\main\java\org\wltea\analyzer\core\IKSegmenter.java,org.wltea.analyzer.core.IKSegmenter,reset/1[java.io.Reader],input,2
C:\Users\syuuj\gitProject\analysis-ik\src\main\java\org\wltea\analyzer\core\IKSegmenter.java,org.wltea.analyzer.core.IKSegmenter,reset/1[java.io.Reader],segmenter,1
C:\Users\syuuj\gitProject\analysis-ik\src\main\java\org\wltea\analyzer\core\IKSegmenter.java,org.wltea.analyzer.core.IKSegmenter,loadSegmenters/0,segmenters,4
C:\Users\syuuj\gitProject\analysis-ik\src\main\java\org\wltea\analyzer\core\IKSegmenter.java,org.wltea.analyzer.core.IKSegmenter,next/0,available,1
C:\Users\syuuj\gitProject\analysis-ik\src\main\java\org\wltea\analyzer\core\IKSegmenter.java,org.wltea.analyzer.core.IKSegmenter,next/0,segmenter,3
C:\Users\syuuj\gitProject\analysis-ik\src\main\java\org\wltea\analyzer\core\IKSegmenter.java,org.wltea.analyzer.core.IKSegmenter,next/0,l,2
C:\Users\syuuj\gitProject\analysis-ik\src\main\java\org\wltea\analyzer\core\IKSegmenter.java,org.wltea.analyzer.core.IKSegmenter,"IKSegmenter/2[java.io.Reader,org.wltea.analyzer.cfg.Configuration]",input,2
C:\Users\syuuj\gitProject\analysis-ik\src\main\java\org\wltea\analyzer\core\IKSegmenter.java,org.wltea.analyzer.core.IKSegmenter,"IKSegmenter/2[java.io.Reader,org.wltea.analyzer.cfg.Configuration]",configuration,2
C:\Users\syuuj\gitProject\analysis-ik\src\main\java\org\wltea\analyzer\core\AnalyzeContext.java,org.wltea.analyzer.core.AnalyzeContext,outputToResult/0,path,3
C:\Users\syuuj\gitProject\analysis-ik\src\main\java\org\wltea\analyzer\core\AnalyzeContext.java,org.wltea.analyzer.core.AnalyzeContext,outputToResult/0,index,10
C:\Users\syuuj\gitProject\analysis-ik\src\main\java\org\wltea\analyzer\core\AnalyzeContext.java,org.wltea.analyzer.core.AnalyzeContext,outputToResult/0,l,7
C:\Users\syuuj\gitProject\analysis-ik\src\main\java\org\wltea\analyzer\core\AnalyzeContext.java,org.wltea.analyzer.core.AnalyzeContext,getNextLexeme/0,result,9
C:\Users\syuuj\gitProject\analysis-ik\src\main\java\org\wltea\analyzer\core\AnalyzeContext.java,org.wltea.analyzer.core.AnalyzeContext,unlockBuffer/1[java.lang.String],segmenterName,1
C:\Users\syuuj\gitProject\analysis-ik\src\main\java\org\wltea\analyzer\core\AnalyzeContext.java,org.wltea.analyzer.core.AnalyzeContext,outputSingleCJK/1[int],singleCharLexeme,3
C:\Users\syuuj\gitProject\analysis-ik\src\main\java\org\wltea\analyzer\core\AnalyzeContext.java,org.wltea.analyzer.core.AnalyzeContext,outputSingleCJK/1[int],index,4
C:\Users\syuuj\gitProject\analysis-ik\src\main\java\org\wltea\analyzer\core\AnalyzeContext.java,org.wltea.analyzer.core.AnalyzeContext,lockBuffer/1[java.lang.String],segmenterName,1
C:\Users\syuuj\gitProject\analysis-ik\src\main\java\org\wltea\analyzer\core\AnalyzeContext.java,org.wltea.analyzer.core.AnalyzeContext,compound/1[org.wltea.analyzer.core.Lexeme],result,5
C:\Users\syuuj\gitProject\analysis-ik\src\main\java\org\wltea\analyzer\core\AnalyzeContext.java,org.wltea.analyzer.core.AnalyzeContext,compound/1[org.wltea.analyzer.core.Lexeme],nextLexeme,7
C:\Users\syuuj\gitProject\analysis-ik\src\main\java\org\wltea\analyzer\core\AnalyzeContext.java,org.wltea.analyzer.core.AnalyzeContext,compound/1[org.wltea.analyzer.core.Lexeme],appendOk,6
C:\Users\syuuj\gitProject\analysis-ik\src\main\java\org\wltea\analyzer\core\AnalyzeContext.java,org.wltea.analyzer.core.AnalyzeContext,fillBuffer/1[java.io.Reader],offset,5
C:\Users\syuuj\gitProject\analysis-ik\src\main\java\org\wltea\analyzer\core\AnalyzeContext.java,org.wltea.analyzer.core.AnalyzeContext,fillBuffer/1[java.io.Reader],reader,2
C:\Users\syuuj\gitProject\analysis-ik\src\main\java\org\wltea\analyzer\core\AnalyzeContext.java,org.wltea.analyzer.core.AnalyzeContext,fillBuffer/1[java.io.Reader],readCount,5
C:\Users\syuuj\gitProject\analysis-ik\src\main\java\org\wltea\analyzer\core\AnalyzeContext.java,org.wltea.analyzer.core.AnalyzeContext,AnalyzeContext/1[org.wltea.analyzer.cfg.Configuration],configuration,1
C:\Users\syuuj\gitProject\analysis-ik\src\main\java\org\wltea\analyzer\core\AnalyzeContext.java,org.wltea.analyzer.core.AnalyzeContext,addLexeme/1[org.wltea.analyzer.core.Lexeme],lexeme,1
C:\Users\syuuj\gitProject\analysis-ik\src\main\java\org\wltea\analyzer\core\AnalyzeContext.java,org.wltea.analyzer.core.AnalyzeContext,addLexemePath/1[org.wltea.analyzer.core.LexemePath],path,3
C:\Users\syuuj\gitProject\analysis-ik\src\main\java\org\wltea\analyzer\dic\Hit.java,org.wltea.analyzer.dic.Hit,setBegin/1[int],begin,2
C:\Users\syuuj\gitProject\analysis-ik\src\main\java\org\wltea\analyzer\dic\Hit.java,org.wltea.analyzer.dic.Hit,setEnd/1[int],end,2
C:\Users\syuuj\gitProject\analysis-ik\src\main\java\org\wltea\analyzer\dic\Hit.java,org.wltea.analyzer.dic.Hit,setMatchedDictSegment/1[org.wltea.analyzer.dic.DictSegment],matchedDictSegment,2
C:\Users\syuuj\gitProject\analysis-ik\src\main\java\org\wltea\analyzer\core\CharacterUtil.java,org.wltea.analyzer.core.CharacterUtil,identifyCharType/1[char],input,7
C:\Users\syuuj\gitProject\analysis-ik\src\main\java\org\wltea\analyzer\core\CharacterUtil.java,org.wltea.analyzer.core.CharacterUtil,identifyCharType/1[char],ub,10
C:\Users\syuuj\gitProject\analysis-ik\src\main\java\org\wltea\analyzer\core\CharacterUtil.java,org.wltea.analyzer.core.CharacterUtil,"regularize/2[char,boolean]",input,10
C:\Users\syuuj\gitProject\analysis-ik\src\main\java\org\wltea\analyzer\core\CharacterUtil.java,org.wltea.analyzer.core.CharacterUtil,"regularize/2[char,boolean]",lowercase,1
C:\Users\syuuj\gitProject\analysis-ik\src\main\java\org\elasticsearch\index\analysis\IkAnalyzerProvider.java,org.elasticsearch.index.analysis.IkAnalyzerProvider,"getIkSmartAnalyzerProvider/4[org.elasticsearch.index.analysis.IndexSettings,org.elasticsearch.index.analysis.Environment,java.lang.String,org.elasticsearch.index.analysis.Settings]",settings,1
C:\Users\syuuj\gitProject\analysis-ik\src\main\java\org\elasticsearch\index\analysis\IkAnalyzerProvider.java,org.elasticsearch.index.analysis.IkAnalyzerProvider,"getIkSmartAnalyzerProvider/4[org.elasticsearch.index.analysis.IndexSettings,org.elasticsearch.index.analysis.Environment,java.lang.String,org.elasticsearch.index.analysis.Settings]",indexSettings,1
C:\Users\syuuj\gitProject\analysis-ik\src\main\java\org\elasticsearch\index\analysis\IkAnalyzerProvider.java,org.elasticsearch.index.analysis.IkAnalyzerProvider,"getIkSmartAnalyzerProvider/4[org.elasticsearch.index.analysis.IndexSettings,org.elasticsearch.index.analysis.Environment,java.lang.String,org.elasticsearch.index.analysis.Settings]",name,1
C:\Users\syuuj\gitProject\analysis-ik\src\main\java\org\elasticsearch\index\analysis\IkAnalyzerProvider.java,org.elasticsearch.index.analysis.IkAnalyzerProvider,"getIkSmartAnalyzerProvider/4[org.elasticsearch.index.analysis.IndexSettings,org.elasticsearch.index.analysis.Environment,java.lang.String,org.elasticsearch.index.analysis.Settings]",env,1
C:\Users\syuuj\gitProject\analysis-ik\src\main\java\org\elasticsearch\index\analysis\IkAnalyzerProvider.java,org.elasticsearch.index.analysis.IkAnalyzerProvider,"getIkAnalyzerProvider/4[org.elasticsearch.index.analysis.IndexSettings,org.elasticsearch.index.analysis.Environment,java.lang.String,org.elasticsearch.index.analysis.Settings]",settings,1
C:\Users\syuuj\gitProject\analysis-ik\src\main\java\org\elasticsearch\index\analysis\IkAnalyzerProvider.java,org.elasticsearch.index.analysis.IkAnalyzerProvider,"getIkAnalyzerProvider/4[org.elasticsearch.index.analysis.IndexSettings,org.elasticsearch.index.analysis.Environment,java.lang.String,org.elasticsearch.index.analysis.Settings]",indexSettings,1
C:\Users\syuuj\gitProject\analysis-ik\src\main\java\org\elasticsearch\index\analysis\IkAnalyzerProvider.java,org.elasticsearch.index.analysis.IkAnalyzerProvider,"getIkAnalyzerProvider/4[org.elasticsearch.index.analysis.IndexSettings,org.elasticsearch.index.analysis.Environment,java.lang.String,org.elasticsearch.index.analysis.Settings]",name,1
C:\Users\syuuj\gitProject\analysis-ik\src\main\java\org\elasticsearch\index\analysis\IkAnalyzerProvider.java,org.elasticsearch.index.analysis.IkAnalyzerProvider,"getIkAnalyzerProvider/4[org.elasticsearch.index.analysis.IndexSettings,org.elasticsearch.index.analysis.Environment,java.lang.String,org.elasticsearch.index.analysis.Settings]",env,1
C:\Users\syuuj\gitProject\analysis-ik\src\main\java\org\elasticsearch\index\analysis\IkAnalyzerProvider.java,org.elasticsearch.index.analysis.IkAnalyzerProvider,"IkAnalyzerProvider/5[org.elasticsearch.index.analysis.IndexSettings,org.elasticsearch.index.analysis.Environment,java.lang.String,org.elasticsearch.index.analysis.Settings,boolean]",settings,2
C:\Users\syuuj\gitProject\analysis-ik\src\main\java\org\elasticsearch\index\analysis\IkAnalyzerProvider.java,org.elasticsearch.index.analysis.IkAnalyzerProvider,"IkAnalyzerProvider/5[org.elasticsearch.index.analysis.IndexSettings,org.elasticsearch.index.analysis.Environment,java.lang.String,org.elasticsearch.index.analysis.Settings,boolean]",configuration,1
C:\Users\syuuj\gitProject\analysis-ik\src\main\java\org\elasticsearch\index\analysis\IkAnalyzerProvider.java,org.elasticsearch.index.analysis.IkAnalyzerProvider,"IkAnalyzerProvider/5[org.elasticsearch.index.analysis.IndexSettings,org.elasticsearch.index.analysis.Environment,java.lang.String,org.elasticsearch.index.analysis.Settings,boolean]",indexSettings,1
C:\Users\syuuj\gitProject\analysis-ik\src\main\java\org\elasticsearch\index\analysis\IkAnalyzerProvider.java,org.elasticsearch.index.analysis.IkAnalyzerProvider,"IkAnalyzerProvider/5[org.elasticsearch.index.analysis.IndexSettings,org.elasticsearch.index.analysis.Environment,java.lang.String,org.elasticsearch.index.analysis.Settings,boolean]",useSmart,1
C:\Users\syuuj\gitProject\analysis-ik\src\main\java\org\elasticsearch\index\analysis\IkAnalyzerProvider.java,org.elasticsearch.index.analysis.IkAnalyzerProvider,"IkAnalyzerProvider/5[org.elasticsearch.index.analysis.IndexSettings,org.elasticsearch.index.analysis.Environment,java.lang.String,org.elasticsearch.index.analysis.Settings,boolean]",name,1
C:\Users\syuuj\gitProject\analysis-ik\src\main\java\org\elasticsearch\index\analysis\IkAnalyzerProvider.java,org.elasticsearch.index.analysis.IkAnalyzerProvider,"IkAnalyzerProvider/5[org.elasticsearch.index.analysis.IndexSettings,org.elasticsearch.index.analysis.Environment,java.lang.String,org.elasticsearch.index.analysis.Settings,boolean]",env,1
C:\Users\syuuj\gitProject\analysis-ik\src\main\java\org\wltea\analyzer\core\QuickSortSet.java,org.wltea.analyzer.core.QuickSortSet,pollFirst/0,first,3
C:\Users\syuuj\gitProject\analysis-ik\src\main\java\org\wltea\analyzer\core\QuickSortSet.java,org.wltea.analyzer.core.QuickSortSet,addLexeme/1[org.wltea.analyzer.core.Lexeme],newCell,18
C:\Users\syuuj\gitProject\analysis-ik\src\main\java\org\wltea\analyzer\core\QuickSortSet.java,org.wltea.analyzer.core.QuickSortSet,addLexeme/1[org.wltea.analyzer.core.Lexeme],index,10
C:\Users\syuuj\gitProject\analysis-ik\src\main\java\org\wltea\analyzer\core\QuickSortSet.java,org.wltea.analyzer.core.QuickSortSet,addLexeme/1[org.wltea.analyzer.core.Lexeme],lexeme,1
C:\Users\syuuj\gitProject\analysis-ik\src\main\java\org\wltea\analyzer\core\QuickSortSet.java,org.wltea.analyzer.core.QuickSortSet,pollLast/0,last,3
C:\Users\syuuj\gitProject\analysis-ik\src\main\java\org\wltea\analyzer\cfg\Configuration.java,org.wltea.analyzer.cfg.Configuration,"Configuration/2[org.wltea.analyzer.cfg.Environment,org.wltea.analyzer.cfg.Settings]",settings,5
C:\Users\syuuj\gitProject\analysis-ik\src\main\java\org\wltea\analyzer\cfg\Configuration.java,org.wltea.analyzer.cfg.Configuration,"Configuration/2[org.wltea.analyzer.cfg.Environment,org.wltea.analyzer.cfg.Settings]",env,1
C:\Users\syuuj\gitProject\analysis-ik\src\main\java\org\wltea\analyzer\cfg\Configuration.java,org.wltea.analyzer.cfg.Configuration,setUseSmart/1[boolean],useSmart,2
C:\Users\syuuj\gitProject\analysis-ik\src\main\java\org\elasticsearch\index\analysis\IkTokenizerFactory.java,org.elasticsearch.index.analysis.IkTokenizerFactory,"getIkTokenizerFactory/4[org.elasticsearch.index.analysis.IndexSettings,org.elasticsearch.index.analysis.Environment,java.lang.String,org.elasticsearch.index.analysis.Settings]",settings,1
C:\Users\syuuj\gitProject\analysis-ik\src\main\java\org\elasticsearch\index\analysis\IkTokenizerFactory.java,org.elasticsearch.index.analysis.IkTokenizerFactory,"getIkTokenizerFactory/4[org.elasticsearch.index.analysis.IndexSettings,org.elasticsearch.index.analysis.Environment,java.lang.String,org.elasticsearch.index.analysis.Settings]",indexSettings,1
C:\Users\syuuj\gitProject\analysis-ik\src\main\java\org\elasticsearch\index\analysis\IkTokenizerFactory.java,org.elasticsearch.index.analysis.IkTokenizerFactory,"getIkTokenizerFactory/4[org.elasticsearch.index.analysis.IndexSettings,org.elasticsearch.index.analysis.Environment,java.lang.String,org.elasticsearch.index.analysis.Settings]",name,1
C:\Users\syuuj\gitProject\analysis-ik\src\main\java\org\elasticsearch\index\analysis\IkTokenizerFactory.java,org.elasticsearch.index.analysis.IkTokenizerFactory,"getIkTokenizerFactory/4[org.elasticsearch.index.analysis.IndexSettings,org.elasticsearch.index.analysis.Environment,java.lang.String,org.elasticsearch.index.analysis.Settings]",env,1
C:\Users\syuuj\gitProject\analysis-ik\src\main\java\org\elasticsearch\index\analysis\IkTokenizerFactory.java,org.elasticsearch.index.analysis.IkTokenizerFactory,"getIkSmartTokenizerFactory/4[org.elasticsearch.index.analysis.IndexSettings,org.elasticsearch.index.analysis.Environment,java.lang.String,org.elasticsearch.index.analysis.Settings]",settings,1
C:\Users\syuuj\gitProject\analysis-ik\src\main\java\org\elasticsearch\index\analysis\IkTokenizerFactory.java,org.elasticsearch.index.analysis.IkTokenizerFactory,"getIkSmartTokenizerFactory/4[org.elasticsearch.index.analysis.IndexSettings,org.elasticsearch.index.analysis.Environment,java.lang.String,org.elasticsearch.index.analysis.Settings]",indexSettings,1
C:\Users\syuuj\gitProject\analysis-ik\src\main\java\org\elasticsearch\index\analysis\IkTokenizerFactory.java,org.elasticsearch.index.analysis.IkTokenizerFactory,"getIkSmartTokenizerFactory/4[org.elasticsearch.index.analysis.IndexSettings,org.elasticsearch.index.analysis.Environment,java.lang.String,org.elasticsearch.index.analysis.Settings]",name,1
C:\Users\syuuj\gitProject\analysis-ik\src\main\java\org\elasticsearch\index\analysis\IkTokenizerFactory.java,org.elasticsearch.index.analysis.IkTokenizerFactory,"getIkSmartTokenizerFactory/4[org.elasticsearch.index.analysis.IndexSettings,org.elasticsearch.index.analysis.Environment,java.lang.String,org.elasticsearch.index.analysis.Settings]",env,1
C:\Users\syuuj\gitProject\analysis-ik\src\main\java\org\elasticsearch\index\analysis\IkTokenizerFactory.java,org.elasticsearch.index.analysis.IkTokenizerFactory,"IkTokenizerFactory/4[org.elasticsearch.index.analysis.IndexSettings,org.elasticsearch.index.analysis.Environment,java.lang.String,org.elasticsearch.index.analysis.Settings]",settings,2
C:\Users\syuuj\gitProject\analysis-ik\src\main\java\org\elasticsearch\index\analysis\IkTokenizerFactory.java,org.elasticsearch.index.analysis.IkTokenizerFactory,"IkTokenizerFactory/4[org.elasticsearch.index.analysis.IndexSettings,org.elasticsearch.index.analysis.Environment,java.lang.String,org.elasticsearch.index.analysis.Settings]",indexSettings,1
C:\Users\syuuj\gitProject\analysis-ik\src\main\java\org\elasticsearch\index\analysis\IkTokenizerFactory.java,org.elasticsearch.index.analysis.IkTokenizerFactory,"IkTokenizerFactory/4[org.elasticsearch.index.analysis.IndexSettings,org.elasticsearch.index.analysis.Environment,java.lang.String,org.elasticsearch.index.analysis.Settings]",name,1
C:\Users\syuuj\gitProject\analysis-ik\src\main\java\org\elasticsearch\index\analysis\IkTokenizerFactory.java,org.elasticsearch.index.analysis.IkTokenizerFactory,"IkTokenizerFactory/4[org.elasticsearch.index.analysis.IndexSettings,org.elasticsearch.index.analysis.Environment,java.lang.String,org.elasticsearch.index.analysis.Settings]",env,1
C:\Users\syuuj\gitProject\analysis-ik\src\main\java\org\elasticsearch\index\analysis\IkTokenizerFactory.java,org.elasticsearch.index.analysis.IkTokenizerFactory,setSmart/1[boolean],smart,1
C:\Users\syuuj\gitProject\analysis-ik\src\main\java\org\wltea\analyzer\core\QuickSortSet.java,org.wltea.analyzer.core.QuickSortSet$Cell,compareTo/1[org.wltea.analyzer.core.QuickSortSet.Cell],o,1
C:\Users\syuuj\gitProject\analysis-ik\src\main\java\org\wltea\analyzer\core\QuickSortSet.java,org.wltea.analyzer.core.QuickSortSet$Cell,Cell/1[org.wltea.analyzer.core.Lexeme],lexeme,3
C:\Users\syuuj\gitProject\analysis-ik\src\main\java\org\wltea\analyzer\core\CN_QuantifierSegmenter.java,org.wltea.analyzer.core.CN_QuantifierSegmenter,analyze/1[org.wltea.analyzer.core.AnalyzeContext],context,4
C:\Users\syuuj\gitProject\analysis-ik\src\main\java\org\wltea\analyzer\core\CN_QuantifierSegmenter.java,org.wltea.analyzer.core.CN_QuantifierSegmenter,processCNumber/1[org.wltea.analyzer.core.AnalyzeContext],context,10
C:\Users\syuuj\gitProject\analysis-ik\src\main\java\org\wltea\analyzer\core\CN_QuantifierSegmenter.java,org.wltea.analyzer.core.CN_QuantifierSegmenter,(initializer 1),nChar,1
C:\Users\syuuj\gitProject\analysis-ik\src\main\java\org\wltea\analyzer\core\CN_QuantifierSegmenter.java,org.wltea.analyzer.core.CN_QuantifierSegmenter,(initializer 1),ca,1
C:\Users\syuuj\gitProject\analysis-ik\src\main\java\org\wltea\analyzer\core\CN_QuantifierSegmenter.java,org.wltea.analyzer.core.CN_QuantifierSegmenter,processCount/1[org.wltea.analyzer.core.AnalyzeContext],singleCharHit,5
C:\Users\syuuj\gitProject\analysis-ik\src\main\java\org\wltea\analyzer\core\CN_QuantifierSegmenter.java,org.wltea.analyzer.core.CN_QuantifierSegmenter,processCount/1[org.wltea.analyzer.core.AnalyzeContext],hit,9
C:\Users\syuuj\gitProject\analysis-ik\src\main\java\org\wltea\analyzer\core\CN_QuantifierSegmenter.java,org.wltea.analyzer.core.CN_QuantifierSegmenter,processCount/1[org.wltea.analyzer.core.AnalyzeContext],tmpArray,1
C:\Users\syuuj\gitProject\analysis-ik\src\main\java\org\wltea\analyzer\core\CN_QuantifierSegmenter.java,org.wltea.analyzer.core.CN_QuantifierSegmenter,processCount/1[org.wltea.analyzer.core.AnalyzeContext],newLexeme,3
C:\Users\syuuj\gitProject\analysis-ik\src\main\java\org\wltea\analyzer\core\CN_QuantifierSegmenter.java,org.wltea.analyzer.core.CN_QuantifierSegmenter,processCount/1[org.wltea.analyzer.core.AnalyzeContext],context,13
C:\Users\syuuj\gitProject\analysis-ik\src\main\java\org\wltea\analyzer\core\CN_QuantifierSegmenter.java,org.wltea.analyzer.core.CN_QuantifierSegmenter,outputNumLexeme/1[org.wltea.analyzer.core.AnalyzeContext],newLexeme,1
C:\Users\syuuj\gitProject\analysis-ik\src\main\java\org\wltea\analyzer\core\CN_QuantifierSegmenter.java,org.wltea.analyzer.core.CN_QuantifierSegmenter,outputNumLexeme/1[org.wltea.analyzer.core.AnalyzeContext],context,2
C:\Users\syuuj\gitProject\analysis-ik\src\main\java\org\wltea\analyzer\core\CN_QuantifierSegmenter.java,org.wltea.analyzer.core.CN_QuantifierSegmenter,needCountScan/1[org.wltea.analyzer.core.AnalyzeContext],context,3
C:\Users\syuuj\gitProject\analysis-ik\src\main\java\org\wltea\analyzer\core\CN_QuantifierSegmenter.java,org.wltea.analyzer.core.CN_QuantifierSegmenter,needCountScan/1[org.wltea.analyzer.core.AnalyzeContext],l,4
C:\Users\syuuj\gitProject\analysis-ik\src\main\java\org\wltea\analyzer\lucene\IKAnalyzer.java,org.wltea.analyzer.lucene.IKAnalyzer,createComponents/1[java.lang.String],fieldName,0
C:\Users\syuuj\gitProject\analysis-ik\src\main\java\org\wltea\analyzer\lucene\IKAnalyzer.java,org.wltea.analyzer.lucene.IKAnalyzer,createComponents/1[java.lang.String],_IKTokenizer,1
C:\Users\syuuj\gitProject\analysis-ik\src\main\java\org\wltea\analyzer\lucene\IKAnalyzer.java,org.wltea.analyzer.lucene.IKAnalyzer,IKAnalyzer/1[org.wltea.analyzer.cfg.Configuration],configuration,2
C:\Users\syuuj\gitProject\analysis-ik\src\main\java\org\wltea\analyzer\lucene\IKTokenizer.java,org.wltea.analyzer.lucene.IKTokenizer,IKTokenizer/1[org.wltea.analyzer.cfg.Configuration],configuration,1
C:\Users\syuuj\gitProject\analysis-ik\src\main\java\org\wltea\analyzer\lucene\IKTokenizer.java,org.wltea.analyzer.lucene.IKTokenizer,end/0,finalOffset,2
C:\Users\syuuj\gitProject\analysis-ik\src\main\java\org\wltea\analyzer\lucene\IKTokenizer.java,org.wltea.analyzer.lucene.IKTokenizer,incrementToken/0,nextLexeme,7
C:\Users\syuuj\gitProject\analysis-ik\src\main\java\org\wltea\analyzer\core\ISegmenter.java,org.wltea.analyzer.core.ISegmenter,analyze/1[org.wltea.analyzer.core.AnalyzeContext],context,0
C:\Users\syuuj\gitProject\analysis-ik\src\main\java\org\wltea\analyzer\help\CharacterHelper.java,org.wltea.analyzer.help.CharacterHelper,isCJKCharacter/1[char],input,1
C:\Users\syuuj\gitProject\analysis-ik\src\main\java\org\wltea\analyzer\help\CharacterHelper.java,org.wltea.analyzer.help.CharacterHelper,isCJKCharacter/1[char],ub,10
C:\Users\syuuj\gitProject\analysis-ik\src\main\java\org\wltea\analyzer\help\CharacterHelper.java,org.wltea.analyzer.help.CharacterHelper,regularize/1[char],input,10
C:\Users\syuuj\gitProject\analysis-ik\src\main\java\org\wltea\analyzer\help\CharacterHelper.java,org.wltea.analyzer.help.CharacterHelper,isSpaceLetter/1[char],input,6
C:\Users\syuuj\gitProject\analysis-ik\src\main\java\org\wltea\analyzer\help\CharacterHelper.java,org.wltea.analyzer.help.CharacterHelper,isEnglishLetter/1[char],input,4
C:\Users\syuuj\gitProject\analysis-ik\src\main\java\org\wltea\analyzer\help\CharacterHelper.java,org.wltea.analyzer.help.CharacterHelper,isArabicNumber/1[char],input,2
C:\Users\syuuj\gitProject\analysis-ik\src\main\java\org\wltea\analyzer\core\Lexeme.java,org.wltea.analyzer.core.Lexeme,"Lexeme/4[int,int,int,int]",offset,2
C:\Users\syuuj\gitProject\analysis-ik\src\main\java\org\wltea\analyzer\core\Lexeme.java,org.wltea.analyzer.core.Lexeme,"Lexeme/4[int,int,int,int]",length,3
C:\Users\syuuj\gitProject\analysis-ik\src\main\java\org\wltea\analyzer\core\Lexeme.java,org.wltea.analyzer.core.Lexeme,"Lexeme/4[int,int,int,int]",begin,2
C:\Users\syuuj\gitProject\analysis-ik\src\main\java\org\wltea\analyzer\core\Lexeme.java,org.wltea.analyzer.core.Lexeme,"Lexeme/4[int,int,int,int]",lexemeType,2
C:\Users\syuuj\gitProject\analysis-ik\src\main\java\org\wltea\analyzer\core\Lexeme.java,org.wltea.analyzer.core.Lexeme,setOffset/1[int],offset,2
C:\Users\syuuj\gitProject\analysis-ik\src\main\java\org\wltea\analyzer\core\Lexeme.java,org.wltea.analyzer.core.Lexeme,compareTo/1[org.wltea.analyzer.core.Lexeme],other,4
C:\Users\syuuj\gitProject\analysis-ik\src\main\java\org\wltea\analyzer\core\Lexeme.java,org.wltea.analyzer.core.Lexeme,equals/1[java.lang.Object],other,3
C:\Users\syuuj\gitProject\analysis-ik\src\main\java\org\wltea\analyzer\core\Lexeme.java,org.wltea.analyzer.core.Lexeme,equals/1[java.lang.Object],o,4
C:\Users\syuuj\gitProject\analysis-ik\src\main\java\org\wltea\analyzer\core\Lexeme.java,org.wltea.analyzer.core.Lexeme,toString/0,strbuf,4
C:\Users\syuuj\gitProject\analysis-ik\src\main\java\org\wltea\analyzer\core\Lexeme.java,org.wltea.analyzer.core.Lexeme,"append/2[org.wltea.analyzer.core.Lexeme,int]",l,3
C:\Users\syuuj\gitProject\analysis-ik\src\main\java\org\wltea\analyzer\core\Lexeme.java,org.wltea.analyzer.core.Lexeme,"append/2[org.wltea.analyzer.core.Lexeme,int]",lexemeType,2
C:\Users\syuuj\gitProject\analysis-ik\src\main\java\org\wltea\analyzer\core\Lexeme.java,org.wltea.analyzer.core.Lexeme,setBegin/1[int],begin,2
C:\Users\syuuj\gitProject\analysis-ik\src\main\java\org\wltea\analyzer\core\Lexeme.java,org.wltea.analyzer.core.Lexeme,setLexemeType/1[int],lexemeType,2
C:\Users\syuuj\gitProject\analysis-ik\src\main\java\org\wltea\analyzer\core\Lexeme.java,org.wltea.analyzer.core.Lexeme,setLexemeText/1[java.lang.String],lexemeText,5
C:\Users\syuuj\gitProject\analysis-ik\src\main\java\org\wltea\analyzer\core\Lexeme.java,org.wltea.analyzer.core.Lexeme,setLength/1[int],length,3
C:\Users\syuuj\gitProject\analysis-ik\src\main\java\org\wltea\analyzer\core\Lexeme.java,org.wltea.analyzer.core.Lexeme,hashCode/0,absBegin,2
C:\Users\syuuj\gitProject\analysis-ik\src\main\java\org\wltea\analyzer\core\Lexeme.java,org.wltea.analyzer.core.Lexeme,hashCode/0,absEnd,2
C:\Users\syuuj\gitProject\analysis-ik\src\main\java\org\wltea\analyzer\core\LetterSegmenter.java,org.wltea.analyzer.core.LetterSegmenter,isLetterConnector/1[char],input,1
C:\Users\syuuj\gitProject\analysis-ik\src\main\java\org\wltea\analyzer\core\LetterSegmenter.java,org.wltea.analyzer.core.LetterSegmenter,isLetterConnector/1[char],index,1
C:\Users\syuuj\gitProject\analysis-ik\src\main\java\org\wltea\analyzer\core\LetterSegmenter.java,org.wltea.analyzer.core.LetterSegmenter,isNumConnector/1[char],input,1
C:\Users\syuuj\gitProject\analysis-ik\src\main\java\org\wltea\analyzer\core\LetterSegmenter.java,org.wltea.analyzer.core.LetterSegmenter,isNumConnector/1[char],index,1
C:\Users\syuuj\gitProject\analysis-ik\src\main\java\org\wltea\analyzer\core\LetterSegmenter.java,org.wltea.analyzer.core.LetterSegmenter,analyze/1[org.wltea.analyzer.core.AnalyzeContext],bufferLockFlag,7
C:\Users\syuuj\gitProject\analysis-ik\src\main\java\org\wltea\analyzer\core\LetterSegmenter.java,org.wltea.analyzer.core.LetterSegmenter,analyze/1[org.wltea.analyzer.core.AnalyzeContext],context,5
C:\Users\syuuj\gitProject\analysis-ik\src\main\java\org\wltea\analyzer\core\LetterSegmenter.java,org.wltea.analyzer.core.LetterSegmenter,processArabicLetter/1[org.wltea.analyzer.core.AnalyzeContext],needLock,3
C:\Users\syuuj\gitProject\analysis-ik\src\main\java\org\wltea\analyzer\core\LetterSegmenter.java,org.wltea.analyzer.core.LetterSegmenter,processArabicLetter/1[org.wltea.analyzer.core.AnalyzeContext],newLexeme,3
C:\Users\syuuj\gitProject\analysis-ik\src\main\java\org\wltea\analyzer\core\LetterSegmenter.java,org.wltea.analyzer.core.LetterSegmenter,processArabicLetter/1[org.wltea.analyzer.core.AnalyzeContext],context,11
C:\Users\syuuj\gitProject\analysis-ik\src\main\java\org\wltea\analyzer\core\LetterSegmenter.java,org.wltea.analyzer.core.LetterSegmenter,processMixLetter/1[org.wltea.analyzer.core.AnalyzeContext],needLock,3
C:\Users\syuuj\gitProject\analysis-ik\src\main\java\org\wltea\analyzer\core\LetterSegmenter.java,org.wltea.analyzer.core.LetterSegmenter,processMixLetter/1[org.wltea.analyzer.core.AnalyzeContext],newLexeme,3
C:\Users\syuuj\gitProject\analysis-ik\src\main\java\org\wltea\analyzer\core\LetterSegmenter.java,org.wltea.analyzer.core.LetterSegmenter,processMixLetter/1[org.wltea.analyzer.core.AnalyzeContext],context,14
C:\Users\syuuj\gitProject\analysis-ik\src\main\java\org\wltea\analyzer\core\LetterSegmenter.java,org.wltea.analyzer.core.LetterSegmenter,processEnglishLetter/1[org.wltea.analyzer.core.AnalyzeContext],needLock,3
C:\Users\syuuj\gitProject\analysis-ik\src\main\java\org\wltea\analyzer\core\LetterSegmenter.java,org.wltea.analyzer.core.LetterSegmenter,processEnglishLetter/1[org.wltea.analyzer.core.AnalyzeContext],newLexeme,3
C:\Users\syuuj\gitProject\analysis-ik\src\main\java\org\wltea\analyzer\core\LetterSegmenter.java,org.wltea.analyzer.core.LetterSegmenter,processEnglishLetter/1[org.wltea.analyzer.core.AnalyzeContext],context,9
C:\Users\syuuj\gitProject\analysis-ik\src\main\java\org\wltea\analyzer\core\CJKSegmenter.java,org.wltea.analyzer.core.CJKSegmenter,analyze/1[org.wltea.analyzer.core.AnalyzeContext],singleCharHit,5
C:\Users\syuuj\gitProject\analysis-ik\src\main\java\org\wltea\analyzer\core\CJKSegmenter.java,org.wltea.analyzer.core.CJKSegmenter,analyze/1[org.wltea.analyzer.core.AnalyzeContext],hit,9
C:\Users\syuuj\gitProject\analysis-ik\src\main\java\org\wltea\analyzer\core\CJKSegmenter.java,org.wltea.analyzer.core.CJKSegmenter,analyze/1[org.wltea.analyzer.core.AnalyzeContext],tmpArray,1
C:\Users\syuuj\gitProject\analysis-ik\src\main\java\org\wltea\analyzer\core\CJKSegmenter.java,org.wltea.analyzer.core.CJKSegmenter,analyze/1[org.wltea.analyzer.core.AnalyzeContext],newLexeme,3
C:\Users\syuuj\gitProject\analysis-ik\src\main\java\org\wltea\analyzer\core\CJKSegmenter.java,org.wltea.analyzer.core.CJKSegmenter,analyze/1[org.wltea.analyzer.core.AnalyzeContext],context,14
C:\Users\syuuj\gitProject\analysis-ik\src\main\java\org\wltea\analyzer\core\LexemePath.java,org.wltea.analyzer.core.LexemePath,removeTail/0,tail,2
C:\Users\syuuj\gitProject\analysis-ik\src\main\java\org\wltea\analyzer\core\LexemePath.java,org.wltea.analyzer.core.LexemePath,removeTail/0,newTail,2
C:\Users\syuuj\gitProject\analysis-ik\src\main\java\org\wltea\analyzer\core\LexemePath.java,org.wltea.analyzer.core.LexemePath,getPWeight/0,p,2
C:\Users\syuuj\gitProject\analysis-ik\src\main\java\org\wltea\analyzer\core\LexemePath.java,org.wltea.analyzer.core.LexemePath,getPWeight/0,c,5
C:\Users\syuuj\gitProject\analysis-ik\src\main\java\org\wltea\analyzer\core\LexemePath.java,org.wltea.analyzer.core.LexemePath,getPWeight/0,pWeight,2
C:\Users\syuuj\gitProject\analysis-ik\src\main\java\org\wltea\analyzer\core\LexemePath.java,org.wltea.analyzer.core.LexemePath,getXWeight/0,product,2
C:\Users\syuuj\gitProject\analysis-ik\src\main\java\org\wltea\analyzer\core\LexemePath.java,org.wltea.analyzer.core.LexemePath,getXWeight/0,c,5
C:\Users\syuuj\gitProject\analysis-ik\src\main\java\org\wltea\analyzer\core\LexemePath.java,org.wltea.analyzer.core.LexemePath,compareTo/1[org.wltea.analyzer.core.LexemePath],o,12
C:\Users\syuuj\gitProject\analysis-ik\src\main\java\org\wltea\analyzer\core\LexemePath.java,org.wltea.analyzer.core.LexemePath,toString/0,head,4
C:\Users\syuuj\gitProject\analysis-ik\src\main\java\org\wltea\analyzer\core\LexemePath.java,org.wltea.analyzer.core.LexemePath,toString/0,sb,5
C:\Users\syuuj\gitProject\analysis-ik\src\main\java\org\wltea\analyzer\core\LexemePath.java,org.wltea.analyzer.core.LexemePath,copy/0,c,5
C:\Users\syuuj\gitProject\analysis-ik\src\main\java\org\wltea\analyzer\core\LexemePath.java,org.wltea.analyzer.core.LexemePath,copy/0,theCopy,5
C:\Users\syuuj\gitProject\analysis-ik\src\main\java\org\wltea\analyzer\core\LexemePath.java,org.wltea.analyzer.core.LexemePath,addCrossLexeme/1[org.wltea.analyzer.core.Lexeme],lexeme,11
C:\Users\syuuj\gitProject\analysis-ik\src\main\java\org\wltea\analyzer\core\LexemePath.java,org.wltea.analyzer.core.LexemePath,addNotCrossLexeme/1[org.wltea.analyzer.core.Lexeme],head,1
C:\Users\syuuj\gitProject\analysis-ik\src\main\java\org\wltea\analyzer\core\LexemePath.java,org.wltea.analyzer.core.LexemePath,addNotCrossLexeme/1[org.wltea.analyzer.core.Lexeme],tail,2
C:\Users\syuuj\gitProject\analysis-ik\src\main\java\org\wltea\analyzer\core\LexemePath.java,org.wltea.analyzer.core.LexemePath,addNotCrossLexeme/1[org.wltea.analyzer.core.Lexeme],lexeme,8
C:\Users\syuuj\gitProject\analysis-ik\src\main\java\org\wltea\analyzer\core\LexemePath.java,org.wltea.analyzer.core.LexemePath,checkCross/1[org.wltea.analyzer.core.Lexeme],lexeme,5
C:\Users\syuuj\gitProject\analysis-ik\src\main\java\org\elasticsearch\plugin\analysis\ik\AnalysisIkPlugin.java,org.elasticsearch.plugin.analysis.ik.AnalysisIkPlugin,getTokenizers/0,extra,3
C:\Users\syuuj\gitProject\analysis-ik\src\main\java\org\elasticsearch\plugin\analysis\ik\AnalysisIkPlugin.java,org.elasticsearch.plugin.analysis.ik.AnalysisIkPlugin,getAnalyzers/0,extra,3
C:\Users\syuuj\gitProject\analysis-ik\src\main\java\org\wltea\analyzer\help\ESPluginLoggerFactory.java,org.wltea.analyzer.help.ESPluginLoggerFactory,getLogger/1[java.lang.String],name,1
C:\Users\syuuj\gitProject\analysis-ik\src\main\java\org\wltea\analyzer\help\ESPluginLoggerFactory.java,org.wltea.analyzer.help.ESPluginLoggerFactory,"getLogger/2[java.lang.String,java.lang.Class<?>]",prefix,1
C:\Users\syuuj\gitProject\analysis-ik\src\main\java\org\wltea\analyzer\help\ESPluginLoggerFactory.java,org.wltea.analyzer.help.ESPluginLoggerFactory,"getLogger/2[java.lang.String,java.lang.Class<?>]",clazz,1
C:\Users\syuuj\gitProject\analysis-ik\src\main\java\org\wltea\analyzer\help\ESPluginLoggerFactory.java,org.wltea.analyzer.help.ESPluginLoggerFactory,"getLogger/2[java.lang.String,org.wltea.analyzer.help.Logger]",prefix,3
C:\Users\syuuj\gitProject\analysis-ik\src\main\java\org\wltea\analyzer\help\ESPluginLoggerFactory.java,org.wltea.analyzer.help.ESPluginLoggerFactory,"getLogger/2[java.lang.String,org.wltea.analyzer.help.Logger]",logger,3
C:\Users\syuuj\gitProject\analysis-ik\src\main\java\org\wltea\analyzer\help\ESPluginLoggerFactory.java,org.wltea.analyzer.help.ESPluginLoggerFactory,"getLogger/2[java.lang.String,java.lang.String]",prefix,1
C:\Users\syuuj\gitProject\analysis-ik\src\main\java\org\wltea\analyzer\help\ESPluginLoggerFactory.java,org.wltea.analyzer.help.ESPluginLoggerFactory,"getLogger/2[java.lang.String,java.lang.String]",name,1
C:\Users\syuuj\gitProject\analysis-ik\src\main\java\org\wltea\analyzer\dic\Dictionary.java,org.wltea.analyzer.dic.Dictionary$Anonymous1,"visitFileFailed/2[java.nio.file.Path,java.io.IOException]",file,0
C:\Users\syuuj\gitProject\analysis-ik\src\main\java\org\wltea\analyzer\dic\Dictionary.java,org.wltea.analyzer.dic.Dictionary$Anonymous1,"visitFileFailed/2[java.nio.file.Path,java.io.IOException]",e,1
C:\Users\syuuj\gitProject\analysis-ik\src\main\java\org\wltea\analyzer\dic\Dictionary.java,org.wltea.analyzer.dic.Dictionary$Anonymous1,"visitFile/2[java.nio.file.Path,java.nio.file.attribute.BasicFileAttributes]",file,1
C:\Users\syuuj\gitProject\analysis-ik\src\main\java\org\wltea\analyzer\dic\Dictionary.java,org.wltea.analyzer.dic.Dictionary$Anonymous1,"visitFile/2[java.nio.file.Path,java.nio.file.attribute.BasicFileAttributes]",attrs,0
C:\Users\syuuj\gitProject\analysis-ik\src\main\java\org\wltea\analyzer\dic\DictSegment.java,org.wltea.analyzer.dic.DictSegment,compareTo/1[org.wltea.analyzer.dic.DictSegment],o,1
C:\Users\syuuj\gitProject\analysis-ik\src\main\java\org\wltea\analyzer\dic\DictSegment.java,org.wltea.analyzer.dic.DictSegment,"lookforSegment/2[java.lang.Character,int]",segmentArray,5
C:\Users\syuuj\gitProject\analysis-ik\src\main\java\org\wltea\analyzer\dic\DictSegment.java,org.wltea.analyzer.dic.DictSegment,"lookforSegment/2[java.lang.Character,int]",segmentMap,5
C:\Users\syuuj\gitProject\analysis-ik\src\main\java\org\wltea\analyzer\dic\DictSegment.java,org.wltea.analyzer.dic.DictSegment,"lookforSegment/2[java.lang.Character,int]",keyChar,5
C:\Users\syuuj\gitProject\analysis-ik\src\main\java\org\wltea\analyzer\dic\DictSegment.java,org.wltea.analyzer.dic.DictSegment,"lookforSegment/2[java.lang.Character,int]",create,2
C:\Users\syuuj\gitProject\analysis-ik\src\main\java\org\wltea\analyzer\dic\DictSegment.java,org.wltea.analyzer.dic.DictSegment,"lookforSegment/2[java.lang.Character,int]",keySegment,2
C:\Users\syuuj\gitProject\analysis-ik\src\main\java\org\wltea\analyzer\dic\DictSegment.java,org.wltea.analyzer.dic.DictSegment,"lookforSegment/2[java.lang.Character,int]",position,2
C:\Users\syuuj\gitProject\analysis-ik\src\main\java\org\wltea\analyzer\dic\DictSegment.java,org.wltea.analyzer.dic.DictSegment,"lookforSegment/2[java.lang.Character,int]",ds,10
C:\Users\syuuj\gitProject\analysis-ik\src\main\java\org\wltea\analyzer\dic\DictSegment.java,org.wltea.analyzer.dic.DictSegment,DictSegment/1[java.lang.Character],nodeChar,3
C:\Users\syuuj\gitProject\analysis-ik\src\main\java\org\wltea\analyzer\dic\DictSegment.java,org.wltea.analyzer.dic.DictSegment,match/1[char[]],charArray,2
C:\Users\syuuj\gitProject\analysis-ik\src\main\java\org\wltea\analyzer\dic\DictSegment.java,org.wltea.analyzer.dic.DictSegment,disableSegment/1[char[]],charArray,2
C:\Users\syuuj\gitProject\analysis-ik\src\main\java\org\wltea\analyzer\dic\DictSegment.java,org.wltea.analyzer.dic.DictSegment,fillSegment/1[char[]],charArray,2
C:\Users\syuuj\gitProject\analysis-ik\src\main\java\org\wltea\analyzer\dic\DictSegment.java,org.wltea.analyzer.dic.DictSegment,"match/3[char[],int,int]",length,1
C:\Users\syuuj\gitProject\analysis-ik\src\main\java\org\wltea\analyzer\dic\DictSegment.java,org.wltea.analyzer.dic.DictSegment,"match/3[char[],int,int]",charArray,1
C:\Users\syuuj\gitProject\analysis-ik\src\main\java\org\wltea\analyzer\dic\DictSegment.java,org.wltea.analyzer.dic.DictSegment,"match/3[char[],int,int]",begin,1
C:\Users\syuuj\gitProject\analysis-ik\src\main\java\org\wltea\analyzer\dic\DictSegment.java,org.wltea.analyzer.dic.DictSegment,"fillSegment/4[char[],int,int,int]",length,3
C:\Users\syuuj\gitProject\analysis-ik\src\main\java\org\wltea\analyzer\dic\DictSegment.java,org.wltea.analyzer.dic.DictSegment,"fillSegment/4[char[],int,int,int]",keyChar,3
C:\Users\syuuj\gitProject\analysis-ik\src\main\java\org\wltea\analyzer\dic\DictSegment.java,org.wltea.analyzer.dic.DictSegment,"fillSegment/4[char[],int,int,int]",beginChar,4
C:\Users\syuuj\gitProject\analysis-ik\src\main\java\org\wltea\analyzer\dic\DictSegment.java,org.wltea.analyzer.dic.DictSegment,"fillSegment/4[char[],int,int,int]",charArray,2
C:\Users\syuuj\gitProject\analysis-ik\src\main\java\org\wltea\analyzer\dic\DictSegment.java,org.wltea.analyzer.dic.DictSegment,"fillSegment/4[char[],int,int,int]",begin,2
C:\Users\syuuj\gitProject\analysis-ik\src\main\java\org\wltea\analyzer\dic\DictSegment.java,org.wltea.analyzer.dic.DictSegment,"fillSegment/4[char[],int,int,int]",enabled,3
C:\Users\syuuj\gitProject\analysis-ik\src\main\java\org\wltea\analyzer\dic\DictSegment.java,org.wltea.analyzer.dic.DictSegment,"fillSegment/4[char[],int,int,int]",ds,3
C:\Users\syuuj\gitProject\analysis-ik\src\main\java\org\wltea\analyzer\dic\DictSegment.java,org.wltea.analyzer.dic.DictSegment,"match/4[char[],int,int,org.wltea.analyzer.dic.Hit]",segmentArray,3
C:\Users\syuuj\gitProject\analysis-ik\src\main\java\org\wltea\analyzer\dic\DictSegment.java,org.wltea.analyzer.dic.DictSegment,"match/4[char[],int,int,org.wltea.analyzer.dic.Hit]",segmentMap,2
C:\Users\syuuj\gitProject\analysis-ik\src\main\java\org\wltea\analyzer\dic\DictSegment.java,org.wltea.analyzer.dic.DictSegment,"match/4[char[],int,int,org.wltea.analyzer.dic.Hit]",searchHit,11
C:\Users\syuuj\gitProject\analysis-ik\src\main\java\org\wltea\analyzer\dic\DictSegment.java,org.wltea.analyzer.dic.DictSegment,"match/4[char[],int,int,org.wltea.analyzer.dic.Hit]",length,3
C:\Users\syuuj\gitProject\analysis-ik\src\main\java\org\wltea\analyzer\dic\DictSegment.java,org.wltea.analyzer.dic.DictSegment,"match/4[char[],int,int,org.wltea.analyzer.dic.Hit]",keyChar,2
C:\Users\syuuj\gitProject\analysis-ik\src\main\java\org\wltea\analyzer\dic\DictSegment.java,org.wltea.analyzer.dic.DictSegment,"match/4[char[],int,int,org.wltea.analyzer.dic.Hit]",keySegment,1
C:\Users\syuuj\gitProject\analysis-ik\src\main\java\org\wltea\analyzer\dic\DictSegment.java,org.wltea.analyzer.dic.DictSegment,"match/4[char[],int,int,org.wltea.analyzer.dic.Hit]",position,2
C:\Users\syuuj\gitProject\analysis-ik\src\main\java\org\wltea\analyzer\dic\DictSegment.java,org.wltea.analyzer.dic.DictSegment,"match/4[char[],int,int,org.wltea.analyzer.dic.Hit]",charArray,2
C:\Users\syuuj\gitProject\analysis-ik\src\main\java\org\wltea\analyzer\dic\DictSegment.java,org.wltea.analyzer.dic.DictSegment,"match/4[char[],int,int,org.wltea.analyzer.dic.Hit]",begin,4
C:\Users\syuuj\gitProject\analysis-ik\src\main\java\org\wltea\analyzer\dic\DictSegment.java,org.wltea.analyzer.dic.DictSegment,"match/4[char[],int,int,org.wltea.analyzer.dic.Hit]",ds,7
C:\Users\syuuj\gitProject\analysis-ik\src\main\java\org\wltea\analyzer\dic\DictSegment.java,org.wltea.analyzer.dic.DictSegment,"migrate/2[org.wltea.analyzer.dic.DictSegment[],java.util.Map<java.lang.Character,org.wltea.analyzer.dic.DictSegment>]",segmentArray,1
C:\Users\syuuj\gitProject\analysis-ik\src\main\java\org\wltea\analyzer\dic\DictSegment.java,org.wltea.analyzer.dic.DictSegment,"migrate/2[org.wltea.analyzer.dic.DictSegment[],java.util.Map<java.lang.Character,org.wltea.analyzer.dic.DictSegment>]",segmentMap,1
C:\Users\syuuj\gitProject\analysis-ik\src\main\java\org\wltea\analyzer\dic\DictSegment.java,org.wltea.analyzer.dic.DictSegment,"migrate/2[org.wltea.analyzer.dic.DictSegment[],java.util.Map<java.lang.Character,org.wltea.analyzer.dic.DictSegment>]",segment,3
C:\Users\syuuj\gitProject\analysis-ik\src\main\java\org\wltea\analyzer\help\PrefixPluginLogger.java,org.wltea.analyzer.help.PrefixPluginLogger,"PrefixPluginLogger/3[org.wltea.analyzer.help.ExtendedLogger,java.lang.String,java.lang.String]",maybeMarker,2
C:\Users\syuuj\gitProject\analysis-ik\src\main\java\org\wltea\analyzer\help\PrefixPluginLogger.java,org.wltea.analyzer.help.PrefixPluginLogger,"PrefixPluginLogger/3[org.wltea.analyzer.help.ExtendedLogger,java.lang.String,java.lang.String]",prefix,2
C:\Users\syuuj\gitProject\analysis-ik\src\main\java\org\wltea\analyzer\help\PrefixPluginLogger.java,org.wltea.analyzer.help.PrefixPluginLogger,"PrefixPluginLogger/3[org.wltea.analyzer.help.ExtendedLogger,java.lang.String,java.lang.String]",logger,1
C:\Users\syuuj\gitProject\analysis-ik\src\main\java\org\wltea\analyzer\help\PrefixPluginLogger.java,org.wltea.analyzer.help.PrefixPluginLogger,"PrefixPluginLogger/3[org.wltea.analyzer.help.ExtendedLogger,java.lang.String,java.lang.String]",name,1
C:\Users\syuuj\gitProject\analysis-ik\src\main\java\org\wltea\analyzer\help\PrefixPluginLogger.java,org.wltea.analyzer.help.PrefixPluginLogger,"PrefixPluginLogger/3[org.wltea.analyzer.help.ExtendedLogger,java.lang.String,java.lang.String]",var6,0
C:\Users\syuuj\gitProject\analysis-ik\src\main\java\org\wltea\analyzer\help\PrefixPluginLogger.java,org.wltea.analyzer.help.PrefixPluginLogger,"PrefixPluginLogger/3[org.wltea.analyzer.help.ExtendedLogger,java.lang.String,java.lang.String]",actualPrefix,3
C:\Users\syuuj\gitProject\analysis-ik\src\main\java\org\wltea\analyzer\help\PrefixPluginLogger.java,org.wltea.analyzer.help.PrefixPluginLogger,"PrefixPluginLogger/3[org.wltea.analyzer.help.ExtendedLogger,java.lang.String,java.lang.String]",actualMarker,4
C:\Users\syuuj\gitProject\analysis-ik\src\main\java\org\wltea\analyzer\help\PrefixPluginLogger.java,org.wltea.analyzer.help.PrefixPluginLogger,"logMessage/5[java.lang.String,org.wltea.analyzer.help.Level,org.wltea.analyzer.help.Marker,org.wltea.analyzer.help.Message,java.lang.Throwable]",t,1
C:\Users\syuuj\gitProject\analysis-ik\src\main\java\org\wltea\analyzer\help\PrefixPluginLogger.java,org.wltea.analyzer.help.PrefixPluginLogger,"logMessage/5[java.lang.String,org.wltea.analyzer.help.Level,org.wltea.analyzer.help.Marker,org.wltea.analyzer.help.Message,java.lang.Throwable]",level,1
C:\Users\syuuj\gitProject\analysis-ik\src\main\java\org\wltea\analyzer\help\PrefixPluginLogger.java,org.wltea.analyzer.help.PrefixPluginLogger,"logMessage/5[java.lang.String,org.wltea.analyzer.help.Level,org.wltea.analyzer.help.Marker,org.wltea.analyzer.help.Message,java.lang.Throwable]",fqcn,1
C:\Users\syuuj\gitProject\analysis-ik\src\main\java\org\wltea\analyzer\help\PrefixPluginLogger.java,org.wltea.analyzer.help.PrefixPluginLogger,"logMessage/5[java.lang.String,org.wltea.analyzer.help.Level,org.wltea.analyzer.help.Marker,org.wltea.analyzer.help.Message,java.lang.Throwable]",marker,2
C:\Users\syuuj\gitProject\analysis-ik\src\main\java\org\wltea\analyzer\help\PrefixPluginLogger.java,org.wltea.analyzer.help.PrefixPluginLogger,"logMessage/5[java.lang.String,org.wltea.analyzer.help.Level,org.wltea.analyzer.help.Marker,org.wltea.analyzer.help.Message,java.lang.Throwable]",message,1
C:\Users\syuuj\gitProject\analysis-ik\src\main\java\org\wltea\analyzer\dic\Dictionary.java,org.wltea.analyzer.dic.Dictionary,loadSuffixDict/0,file,1
C:\Users\syuuj\gitProject\analysis-ik\src\main\java\org\wltea\analyzer\dic\Dictionary.java,org.wltea.analyzer.dic.Dictionary,loadSuffixDict/0,_SuffixDict,1
C:\Users\syuuj\gitProject\analysis-ik\src\main\java\org\wltea\analyzer\dic\Dictionary.java,org.wltea.analyzer.dic.Dictionary,loadStopWordDict/0,file,3
C:\Users\syuuj\gitProject\analysis-ik\src\main\java\org\wltea\analyzer\dic\Dictionary.java,org.wltea.analyzer.dic.Dictionary,loadStopWordDict/0,lists,2
C:\Users\syuuj\gitProject\analysis-ik\src\main\java\org\wltea\analyzer\dic\Dictionary.java,org.wltea.analyzer.dic.Dictionary,loadStopWordDict/0,theWord,4
C:\Users\syuuj\gitProject\analysis-ik\src\main\java\org\wltea\analyzer\dic\Dictionary.java,org.wltea.analyzer.dic.Dictionary,loadStopWordDict/0,extStopWordDictFiles,2
C:\Users\syuuj\gitProject\analysis-ik\src\main\java\org\wltea\analyzer\dic\Dictionary.java,org.wltea.analyzer.dic.Dictionary,loadStopWordDict/0,location,3
C:\Users\syuuj\gitProject\analysis-ik\src\main\java\org\wltea\analyzer\dic\Dictionary.java,org.wltea.analyzer.dic.Dictionary,loadStopWordDict/0,extStopWordDictName,2
C:\Users\syuuj\gitProject\analysis-ik\src\main\java\org\wltea\analyzer\dic\Dictionary.java,org.wltea.analyzer.dic.Dictionary,loadStopWordDict/0,remoteExtStopWordDictFiles,1
C:\Users\syuuj\gitProject\analysis-ik\src\main\java\org\wltea\analyzer\dic\Dictionary.java,org.wltea.analyzer.dic.Dictionary,initial/1[org.wltea.analyzer.cfg.Configuration],cfg,2
C:\Users\syuuj\gitProject\analysis-ik\src\main\java\org\wltea\analyzer\dic\Dictionary.java,org.wltea.analyzer.dic.Dictionary,initial/1[org.wltea.analyzer.cfg.Configuration],location,3
C:\Users\syuuj\gitProject\analysis-ik\src\main\java\org\wltea\analyzer\dic\Dictionary.java,org.wltea.analyzer.dic.Dictionary,"isStopWord/3[char[],int,int]",length,1
C:\Users\syuuj\gitProject\analysis-ik\src\main\java\org\wltea\analyzer\dic\Dictionary.java,org.wltea.analyzer.dic.Dictionary,"isStopWord/3[char[],int,int]",charArray,1
C:\Users\syuuj\gitProject\analysis-ik\src\main\java\org\wltea\analyzer\dic\Dictionary.java,org.wltea.analyzer.dic.Dictionary,"isStopWord/3[char[],int,int]",begin,1
C:\Users\syuuj\gitProject\analysis-ik\src\main\java\org\wltea\analyzer\dic\Dictionary.java,org.wltea.analyzer.dic.Dictionary,getRemoteWordsUnprivileged/1[java.lang.String],charset,2
C:\Users\syuuj\gitProject\analysis-ik\src\main\java\org\wltea\analyzer\dic\Dictionary.java,org.wltea.analyzer.dic.Dictionary,getRemoteWordsUnprivileged/1[java.lang.String],in,3
C:\Users\syuuj\gitProject\analysis-ik\src\main\java\org\wltea\analyzer\dic\Dictionary.java,org.wltea.analyzer.dic.Dictionary,getRemoteWordsUnprivileged/1[java.lang.String],e,1
C:\Users\syuuj\gitProject\analysis-ik\src\main\java\org\wltea\analyzer\dic\Dictionary.java,org.wltea.analyzer.dic.Dictionary,getRemoteWordsUnprivileged/1[java.lang.String],line,2
C:\Users\syuuj\gitProject\analysis-ik\src\main\java\org\wltea\analyzer\dic\Dictionary.java,org.wltea.analyzer.dic.Dictionary,getRemoteWordsUnprivileged/1[java.lang.String],rc,1
C:\Users\syuuj\gitProject\analysis-ik\src\main\java\org\wltea\analyzer\dic\Dictionary.java,org.wltea.analyzer.dic.Dictionary,getRemoteWordsUnprivileged/1[java.lang.String],response,5
C:\Users\syuuj\gitProject\analysis-ik\src\main\java\org\wltea\analyzer\dic\Dictionary.java,org.wltea.analyzer.dic.Dictionary,getRemoteWordsUnprivileged/1[java.lang.String],get,2
C:\Users\syuuj\gitProject\analysis-ik\src\main\java\org\wltea\analyzer\dic\Dictionary.java,org.wltea.analyzer.dic.Dictionary,getRemoteWordsUnprivileged/1[java.lang.String],location,2
C:\Users\syuuj\gitProject\analysis-ik\src\main\java\org\wltea\analyzer\dic\Dictionary.java,org.wltea.analyzer.dic.Dictionary,getRemoteWordsUnprivileged/1[java.lang.String],typeValue,4
C:\Users\syuuj\gitProject\analysis-ik\src\main\java\org\wltea\analyzer\dic\Dictionary.java,org.wltea.analyzer.dic.Dictionary,getRemoteWordsUnprivileged/1[java.lang.String],buffer,3
C:\Users\syuuj\gitProject\analysis-ik\src\main\java\org\wltea\analyzer\dic\Dictionary.java,org.wltea.analyzer.dic.Dictionary,getRemoteWordsUnprivileged/1[java.lang.String],contentType,3
C:\Users\syuuj\gitProject\analysis-ik\src\main\java\org\wltea\analyzer\dic\Dictionary.java,org.wltea.analyzer.dic.Dictionary,getRemoteWordsUnprivileged/1[java.lang.String],httpclient,1
C:\Users\syuuj\gitProject\analysis-ik\src\main\java\org\wltea\analyzer\dic\Dictionary.java,org.wltea.analyzer.dic.Dictionary,getRemoteWordsUnprivileged/1[java.lang.String],entity,5
C:\Users\syuuj\gitProject\analysis-ik\src\main\java\org\wltea\analyzer\dic\Dictionary.java,org.wltea.analyzer.dic.Dictionary,"matchInQuantifierDict/3[char[],int,int]",length,1
C:\Users\syuuj\gitProject\analysis-ik\src\main\java\org\wltea\analyzer\dic\Dictionary.java,org.wltea.analyzer.dic.Dictionary,"matchInQuantifierDict/3[char[],int,int]",charArray,1
C:\Users\syuuj\gitProject\analysis-ik\src\main\java\org\wltea\analyzer\dic\Dictionary.java,org.wltea.analyzer.dic.Dictionary,"matchInQuantifierDict/3[char[],int,int]",begin,1
C:\Users\syuuj\gitProject\analysis-ik\src\main\java\org\wltea\analyzer\dic\Dictionary.java,org.wltea.analyzer.dic.Dictionary,addWords/1[java.util.Collection<java.lang.String>],words,2
C:\Users\syuuj\gitProject\analysis-ik\src\main\java\org\wltea\analyzer\dic\Dictionary.java,org.wltea.analyzer.dic.Dictionary,addWords/1[java.util.Collection<java.lang.String>],word,2
C:\Users\syuuj\gitProject\analysis-ik\src\main\java\org\wltea\analyzer\dic\Dictionary.java,org.wltea.analyzer.dic.Dictionary,"matchWithHit/3[char[],int,org.wltea.analyzer.dic.Hit]",matchedHit,2
C:\Users\syuuj\gitProject\analysis-ik\src\main\java\org\wltea\analyzer\dic\Dictionary.java,org.wltea.analyzer.dic.Dictionary,"matchWithHit/3[char[],int,org.wltea.analyzer.dic.Hit]",charArray,1
C:\Users\syuuj\gitProject\analysis-ik\src\main\java\org\wltea\analyzer\dic\Dictionary.java,org.wltea.analyzer.dic.Dictionary,"matchWithHit/3[char[],int,org.wltea.analyzer.dic.Hit]",currentIndex,1
C:\Users\syuuj\gitProject\analysis-ik\src\main\java\org\wltea\analyzer\dic\Dictionary.java,org.wltea.analyzer.dic.Dictionary,"matchWithHit/3[char[],int,org.wltea.analyzer.dic.Hit]",ds,1
C:\Users\syuuj\gitProject\analysis-ik\src\main\java\org\wltea\analyzer\dic\Dictionary.java,org.wltea.analyzer.dic.Dictionary,loadExtDict/0,extDictFiles,2
C:\Users\syuuj\gitProject\analysis-ik\src\main\java\org\wltea\analyzer\dic\Dictionary.java,org.wltea.analyzer.dic.Dictionary,loadExtDict/0,file,1
C:\Users\syuuj\gitProject\analysis-ik\src\main\java\org\wltea\analyzer\dic\Dictionary.java,org.wltea.analyzer.dic.Dictionary,loadExtDict/0,extDictName,2
C:\Users\syuuj\gitProject\analysis-ik\src\main\java\org\wltea\analyzer\dic\Dictionary.java,org.wltea.analyzer.dic.Dictionary,getExtDictionarys/0,extDictFiles,2
C:\Users\syuuj\gitProject\analysis-ik\src\main\java\org\wltea\analyzer\dic\Dictionary.java,org.wltea.analyzer.dic.Dictionary,getExtDictionarys/0,file,1
C:\Users\syuuj\gitProject\analysis-ik\src\main\java\org\wltea\analyzer\dic\Dictionary.java,org.wltea.analyzer.dic.Dictionary,getExtDictionarys/0,filePath,3
C:\Users\syuuj\gitProject\analysis-ik\src\main\java\org\wltea\analyzer\dic\Dictionary.java,org.wltea.analyzer.dic.Dictionary,getExtDictionarys/0,filePaths,1
C:\Users\syuuj\gitProject\analysis-ik\src\main\java\org\wltea\analyzer\dic\Dictionary.java,org.wltea.analyzer.dic.Dictionary,getExtDictionarys/0,extDictCfg,2
C:\Users\syuuj\gitProject\analysis-ik\src\main\java\org\wltea\analyzer\dic\Dictionary.java,org.wltea.analyzer.dic.Dictionary,Dictionary/1[org.wltea.analyzer.cfg.Configuration],input,4
C:\Users\syuuj\gitProject\analysis-ik\src\main\java\org\wltea\analyzer\dic\Dictionary.java,org.wltea.analyzer.dic.Dictionary,Dictionary/1[org.wltea.analyzer.cfg.Configuration],ex,0
C:\Users\syuuj\gitProject\analysis-ik\src\main\java\org\wltea\analyzer\dic\Dictionary.java,org.wltea.analyzer.dic.Dictionary,Dictionary/1[org.wltea.analyzer.cfg.Configuration],cfg,3
C:\Users\syuuj\gitProject\analysis-ik\src\main\java\org\wltea\analyzer\dic\Dictionary.java,org.wltea.analyzer.dic.Dictionary,Dictionary/1[org.wltea.analyzer.cfg.Configuration],e,3
C:\Users\syuuj\gitProject\analysis-ik\src\main\java\org\wltea\analyzer\dic\Dictionary.java,org.wltea.analyzer.dic.Dictionary,Dictionary/1[org.wltea.analyzer.cfg.Configuration],configFile,5
C:\Users\syuuj\gitProject\analysis-ik\src\main\java\org\wltea\analyzer\dic\Dictionary.java,org.wltea.analyzer.dic.Dictionary,loadRemoteExtDict/0,remoteExtDictFiles,1
C:\Users\syuuj\gitProject\analysis-ik\src\main\java\org\wltea\analyzer\dic\Dictionary.java,org.wltea.analyzer.dic.Dictionary,loadRemoteExtDict/0,lists,2
C:\Users\syuuj\gitProject\analysis-ik\src\main\java\org\wltea\analyzer\dic\Dictionary.java,org.wltea.analyzer.dic.Dictionary,loadRemoteExtDict/0,theWord,4
C:\Users\syuuj\gitProject\analysis-ik\src\main\java\org\wltea\analyzer\dic\Dictionary.java,org.wltea.analyzer.dic.Dictionary,loadRemoteExtDict/0,location,3
C:\Users\syuuj\gitProject\analysis-ik\src\main\java\org\wltea\analyzer\dic\Dictionary.java,org.wltea.analyzer.dic.Dictionary,loadQuantifierDict/0,file,1
C:\Users\syuuj\gitProject\analysis-ik\src\main\java\org\wltea\analyzer\dic\Dictionary.java,org.wltea.analyzer.dic.Dictionary,matchInMainDict/1[char[]],charArray,1
C:\Users\syuuj\gitProject\analysis-ik\src\main\java\org\wltea\analyzer\dic\Dictionary.java,org.wltea.analyzer.dic.Dictionary,getProperty/1[java.lang.String],key,1
C:\Users\syuuj\gitProject\analysis-ik\src\main\java\org\wltea\analyzer\dic\Dictionary.java,org.wltea.analyzer.dic.Dictionary,getRemoteWords/1[java.lang.String],location,1
C:\Users\syuuj\gitProject\analysis-ik\src\main\java\org\wltea\analyzer\dic\Dictionary.java,org.wltea.analyzer.dic.Dictionary,"matchInMainDict/3[char[],int,int]",length,1
C:\Users\syuuj\gitProject\analysis-ik\src\main\java\org\wltea\analyzer\dic\Dictionary.java,org.wltea.analyzer.dic.Dictionary,"matchInMainDict/3[char[],int,int]",charArray,1
C:\Users\syuuj\gitProject\analysis-ik\src\main\java\org\wltea\analyzer\dic\Dictionary.java,org.wltea.analyzer.dic.Dictionary,"matchInMainDict/3[char[],int,int]",begin,1
C:\Users\syuuj\gitProject\analysis-ik\src\main\java\org\wltea\analyzer\dic\Dictionary.java,org.wltea.analyzer.dic.Dictionary,getExtStopWordDictionarys/0,file,1
C:\Users\syuuj\gitProject\analysis-ik\src\main\java\org\wltea\analyzer\dic\Dictionary.java,org.wltea.analyzer.dic.Dictionary,getExtStopWordDictionarys/0,filePath,3
C:\Users\syuuj\gitProject\analysis-ik\src\main\java\org\wltea\analyzer\dic\Dictionary.java,org.wltea.analyzer.dic.Dictionary,getExtStopWordDictionarys/0,extStopWordDictFiles,2
C:\Users\syuuj\gitProject\analysis-ik\src\main\java\org\wltea\analyzer\dic\Dictionary.java,org.wltea.analyzer.dic.Dictionary,getExtStopWordDictionarys/0,filePaths,1
C:\Users\syuuj\gitProject\analysis-ik\src\main\java\org\wltea\analyzer\dic\Dictionary.java,org.wltea.analyzer.dic.Dictionary,getExtStopWordDictionarys/0,extStopWordDictCfg,2
C:\Users\syuuj\gitProject\analysis-ik\src\main\java\org\wltea\analyzer\dic\Dictionary.java,org.wltea.analyzer.dic.Dictionary,"walkFileTree/2[java.util.List<java.lang.String>,java.nio.file.Path]",path,5
C:\Users\syuuj\gitProject\analysis-ik\src\main\java\org\wltea\analyzer\dic\Dictionary.java,org.wltea.analyzer.dic.Dictionary,"walkFileTree/2[java.util.List<java.lang.String>,java.nio.file.Path]",e,1
C:\Users\syuuj\gitProject\analysis-ik\src\main\java\org\wltea\analyzer\dic\Dictionary.java,org.wltea.analyzer.dic.Dictionary,"walkFileTree/2[java.util.List<java.lang.String>,java.nio.file.Path]",files,1
C:\Users\syuuj\gitProject\analysis-ik\src\main\java\org\wltea\analyzer\dic\Dictionary.java,org.wltea.analyzer.dic.Dictionary,loadSurnameDict/0,file,1
C:\Users\syuuj\gitProject\analysis-ik\src\main\java\org\wltea\analyzer\dic\Dictionary.java,org.wltea.analyzer.dic.Dictionary,loadSurnameDict/0,_SurnameDict,1
C:\Users\syuuj\gitProject\analysis-ik\src\main\java\org\wltea\analyzer\dic\Dictionary.java,org.wltea.analyzer.dic.Dictionary,loadPrepDict/0,file,1
C:\Users\syuuj\gitProject\analysis-ik\src\main\java\org\wltea\analyzer\dic\Dictionary.java,org.wltea.analyzer.dic.Dictionary,loadPrepDict/0,_PrepDict,1
C:\Users\syuuj\gitProject\analysis-ik\src\main\java\org\wltea\analyzer\dic\Dictionary.java,org.wltea.analyzer.dic.Dictionary,loadMainDict/0,file,1
C:\Users\syuuj\gitProject\analysis-ik\src\main\java\org\wltea\analyzer\dic\Dictionary.java,org.wltea.analyzer.dic.Dictionary,"loadDictFile/4[org.wltea.analyzer.dic.DictSegment,java.nio.file.Path,boolean,java.lang.String]",br,2
C:\Users\syuuj\gitProject\analysis-ik\src\main\java\org\wltea\analyzer\dic\Dictionary.java,org.wltea.analyzer.dic.Dictionary,"loadDictFile/4[org.wltea.analyzer.dic.DictSegment,java.nio.file.Path,boolean,java.lang.String]",file,1
C:\Users\syuuj\gitProject\analysis-ik\src\main\java\org\wltea\analyzer\dic\Dictionary.java,org.wltea.analyzer.dic.Dictionary,"loadDictFile/4[org.wltea.analyzer.dic.DictSegment,java.nio.file.Path,boolean,java.lang.String]",critical,1
C:\Users\syuuj\gitProject\analysis-ik\src\main\java\org\wltea\analyzer\dic\Dictionary.java,org.wltea.analyzer.dic.Dictionary,"loadDictFile/4[org.wltea.analyzer.dic.DictSegment,java.nio.file.Path,boolean,java.lang.String]",e,4
C:\Users\syuuj\gitProject\analysis-ik\src\main\java\org\wltea\analyzer\dic\Dictionary.java,org.wltea.analyzer.dic.Dictionary,"loadDictFile/4[org.wltea.analyzer.dic.DictSegment,java.nio.file.Path,boolean,java.lang.String]",name,3
C:\Users\syuuj\gitProject\analysis-ik\src\main\java\org\wltea\analyzer\dic\Dictionary.java,org.wltea.analyzer.dic.Dictionary,"loadDictFile/4[org.wltea.analyzer.dic.DictSegment,java.nio.file.Path,boolean,java.lang.String]",dict,1
C:\Users\syuuj\gitProject\analysis-ik\src\main\java\org\wltea\analyzer\dic\Dictionary.java,org.wltea.analyzer.dic.Dictionary,"loadDictFile/4[org.wltea.analyzer.dic.DictSegment,java.nio.file.Path,boolean,java.lang.String]",is,1
C:\Users\syuuj\gitProject\analysis-ik\src\main\java\org\wltea\analyzer\dic\Dictionary.java,org.wltea.analyzer.dic.Dictionary,"loadDictFile/4[org.wltea.analyzer.dic.DictSegment,java.nio.file.Path,boolean,java.lang.String]",word,10
C:\Users\syuuj\gitProject\analysis-ik\src\main\java\org\wltea\analyzer\dic\Dictionary.java,org.wltea.analyzer.dic.Dictionary,disableWords/1[java.util.Collection<java.lang.String>],words,2
C:\Users\syuuj\gitProject\analysis-ik\src\main\java\org\wltea\analyzer\dic\Dictionary.java,org.wltea.analyzer.dic.Dictionary,disableWords/1[java.util.Collection<java.lang.String>],word,2
C:\Users\syuuj\gitProject\analysis-ik\src\main\java\org\wltea\analyzer\dic\Dictionary.java,org.wltea.analyzer.dic.Dictionary,reLoadMainDict/0,tmpDict,5
C:\Users\syuuj\gitProject\analysis-ik\src\main\java\org\wltea\analyzer\dic\Dictionary.java,org.wltea.analyzer.dic.Dictionary,getRemoteExtDictionarys/0,remoteExtDictCfg,2
C:\Users\syuuj\gitProject\analysis-ik\src\main\java\org\wltea\analyzer\dic\Dictionary.java,org.wltea.analyzer.dic.Dictionary,getRemoteExtDictionarys/0,remoteExtDictFiles,2
C:\Users\syuuj\gitProject\analysis-ik\src\main\java\org\wltea\analyzer\dic\Dictionary.java,org.wltea.analyzer.dic.Dictionary,getRemoteExtDictionarys/0,filePath,3
C:\Users\syuuj\gitProject\analysis-ik\src\main\java\org\wltea\analyzer\dic\Dictionary.java,org.wltea.analyzer.dic.Dictionary,getRemoteExtDictionarys/0,filePaths,1
C:\Users\syuuj\gitProject\analysis-ik\src\main\java\org\wltea\analyzer\dic\Dictionary.java,org.wltea.analyzer.dic.Dictionary,getRemoteExtStopWordDictionarys/0,remoteExtStopWordDictCfg,2
C:\Users\syuuj\gitProject\analysis-ik\src\main\java\org\wltea\analyzer\dic\Dictionary.java,org.wltea.analyzer.dic.Dictionary,getRemoteExtStopWordDictionarys/0,filePath,3
C:\Users\syuuj\gitProject\analysis-ik\src\main\java\org\wltea\analyzer\dic\Dictionary.java,org.wltea.analyzer.dic.Dictionary,getRemoteExtStopWordDictionarys/0,filePaths,1
C:\Users\syuuj\gitProject\analysis-ik\src\main\java\org\wltea\analyzer\dic\Dictionary.java,org.wltea.analyzer.dic.Dictionary,getRemoteExtStopWordDictionarys/0,remoteExtStopWordDictFiles,2
C:\Users\syuuj\gitProject\analysis-ik\src\main\java\org\wltea\analyzer\help\Sleep.java,org.wltea.analyzer.help.Sleep,"sleep/2[org.wltea.analyzer.help.Sleep.Type,int]",e,2
C:\Users\syuuj\gitProject\analysis-ik\src\main\java\org\wltea\analyzer\help\Sleep.java,org.wltea.analyzer.help.Sleep,"sleep/2[org.wltea.analyzer.help.Sleep.Type,int]",num,4
C:\Users\syuuj\gitProject\analysis-ik\src\main\java\org\wltea\analyzer\help\Sleep.java,org.wltea.analyzer.help.Sleep,"sleep/2[org.wltea.analyzer.help.Sleep.Type,int]",type,1
C:\Users\syuuj\gitProject\analysis-ik\src\main\java\org\wltea\analyzer\core\IKArbitrator.java,org.wltea.analyzer.core.IKArbitrator,"process/2[org.wltea.analyzer.core.AnalyzeContext,boolean]",headCell,3
C:\Users\syuuj\gitProject\analysis-ik\src\main\java\org\wltea\analyzer\core\IKArbitrator.java,org.wltea.analyzer.core.IKArbitrator,"process/2[org.wltea.analyzer.core.AnalyzeContext,boolean]",useSmart,2
C:\Users\syuuj\gitProject\analysis-ik\src\main\java\org\wltea\analyzer\core\IKArbitrator.java,org.wltea.analyzer.core.IKArbitrator,"process/2[org.wltea.analyzer.core.AnalyzeContext,boolean]",context,5
C:\Users\syuuj\gitProject\analysis-ik\src\main\java\org\wltea\analyzer\core\IKArbitrator.java,org.wltea.analyzer.core.IKArbitrator,"process/2[org.wltea.analyzer.core.AnalyzeContext,boolean]",orgLexemes,2
C:\Users\syuuj\gitProject\analysis-ik\src\main\java\org\wltea\analyzer\core\IKArbitrator.java,org.wltea.analyzer.core.IKArbitrator,"process/2[org.wltea.analyzer.core.AnalyzeContext,boolean]",orgLexeme,4
C:\Users\syuuj\gitProject\analysis-ik\src\main\java\org\wltea\analyzer\core\IKArbitrator.java,org.wltea.analyzer.core.IKArbitrator,"process/2[org.wltea.analyzer.core.AnalyzeContext,boolean]",judgeResult,3
C:\Users\syuuj\gitProject\analysis-ik\src\main\java\org\wltea\analyzer\core\IKArbitrator.java,org.wltea.analyzer.core.IKArbitrator,"process/2[org.wltea.analyzer.core.AnalyzeContext,boolean]",crossPath,11
C:\Users\syuuj\gitProject\analysis-ik\src\main\java\org\wltea\analyzer\core\IKArbitrator.java,org.wltea.analyzer.core.IKArbitrator,"backPath/2[org.wltea.analyzer.core.Lexeme,org.wltea.analyzer.core.LexemePath]",l,1
C:\Users\syuuj\gitProject\analysis-ik\src\main\java\org\wltea\analyzer\core\IKArbitrator.java,org.wltea.analyzer.core.IKArbitrator,"backPath/2[org.wltea.analyzer.core.Lexeme,org.wltea.analyzer.core.LexemePath]",option,2
C:\Users\syuuj\gitProject\analysis-ik\src\main\java\org\wltea\analyzer\core\IKArbitrator.java,org.wltea.analyzer.core.IKArbitrator,"forwardPath/2[org.wltea.analyzer.core.QuickSortSet.Cell,org.wltea.analyzer.core.LexemePath]",conflictStack,2
C:\Users\syuuj\gitProject\analysis-ik\src\main\java\org\wltea\analyzer\core\IKArbitrator.java,org.wltea.analyzer.core.IKArbitrator,"forwardPath/2[org.wltea.analyzer.core.QuickSortSet.Cell,org.wltea.analyzer.core.LexemePath]",c,6
C:\Users\syuuj\gitProject\analysis-ik\src\main\java\org\wltea\analyzer\core\IKArbitrator.java,org.wltea.analyzer.core.IKArbitrator,"forwardPath/2[org.wltea.analyzer.core.QuickSortSet.Cell,org.wltea.analyzer.core.LexemePath]",lexemeCell,1
C:\Users\syuuj\gitProject\analysis-ik\src\main\java\org\wltea\analyzer\core\IKArbitrator.java,org.wltea.analyzer.core.IKArbitrator,"forwardPath/2[org.wltea.analyzer.core.QuickSortSet.Cell,org.wltea.analyzer.core.LexemePath]",option,1
C:\Users\syuuj\gitProject\analysis-ik\src\main\java\org\wltea\analyzer\core\IKArbitrator.java,org.wltea.analyzer.core.IKArbitrator,"judge/2[org.wltea.analyzer.core.QuickSortSet.Cell,int]",lexemeStack,2
C:\Users\syuuj\gitProject\analysis-ik\src\main\java\org\wltea\analyzer\core\IKArbitrator.java,org.wltea.analyzer.core.IKArbitrator,"judge/2[org.wltea.analyzer.core.QuickSortSet.Cell,int]",c,3
C:\Users\syuuj\gitProject\analysis-ik\src\main\java\org\wltea\analyzer\core\IKArbitrator.java,org.wltea.analyzer.core.IKArbitrator,"judge/2[org.wltea.analyzer.core.QuickSortSet.Cell,int]",pathOptions,3
C:\Users\syuuj\gitProject\analysis-ik\src\main\java\org\wltea\analyzer\core\IKArbitrator.java,org.wltea.analyzer.core.IKArbitrator,"judge/2[org.wltea.analyzer.core.QuickSortSet.Cell,int]",fullTextLength,0
C:\Users\syuuj\gitProject\analysis-ik\src\main\java\org\wltea\analyzer\core\IKArbitrator.java,org.wltea.analyzer.core.IKArbitrator,"judge/2[org.wltea.analyzer.core.QuickSortSet.Cell,int]",lexemeCell,1
C:\Users\syuuj\gitProject\analysis-ik\src\main\java\org\wltea\analyzer\core\IKArbitrator.java,org.wltea.analyzer.core.IKArbitrator,"judge/2[org.wltea.analyzer.core.QuickSortSet.Cell,int]",option,5
