file,class,type,cbo,cboModified,fanin,fanout,wmc,dit,noc,rfc,lcom,lcom*,tcc,lcc,totalMethodsQty,staticMethodsQty,publicMethodsQty,privateMethodsQty,protectedMethodsQty,defaultMethodsQty,visibleMethodsQty,abstractMethodsQty,finalMethodsQty,synchronizedMethodsQty,totalFieldsQty,staticFieldsQty,publicFieldsQty,privateFieldsQty,protectedFieldsQty,defaultFieldsQty,finalFieldsQty,synchronizedFieldsQty,nosi,loc,returnQty,loopQty,comparisonsQty,tryCatchQty,parenthesizedExpsQty,stringLiteralsQty,numbersQty,assignmentsQty,mathOperationsQty,variablesQty,maxNestedBlocksQty,anonymousClassesQty,innerClassesQty,lambdasQty,uniqueWordsQty,modifiers,logStatementsQty
C:\Users\syuuj\gitProject\nanohttpd\core\src\test\java\fi\iki\elonen\MimeTest.java,fi.iki.elonen.MimeTest,class,2,2,0,2,4,1,0,6,6,0.0,0.0,0.0,4,0,4,0,0,0,4,0,0,0,0,0,0,0,0,0,0,0,6,16,0,0,0,0,0,11,0,0,0,0,0,0,0,0,10,1,0
C:\Users\syuuj\gitProject\nanohttpd\nanolets\src\main\java\fi\iki\elonen\router\RouterNanoHTTPD.java,fi.iki.elonen.router.RouterNanoHTTPD$NotImplementedHandler,innerclass,3,3,0,3,3,3,0,0,3,0.0,0.0,0.0,3,0,3,0,0,0,3,0,0,0,0,0,0,0,0,0,0,0,0,11,3,0,0,0,0,2,0,0,0,0,0,0,0,0,23,9,0
C:\Users\syuuj\gitProject\nanohttpd\websocket\src\main\java\fi\iki\elonen\NanoWSD.java,fi.iki.elonen.NanoWSD$WebSocketException,innerclass,1,1,0,1,5,4,0,1,0,0.59999996,0.5,0.6,5,0,5,0,0,0,5,0,0,0,3,1,0,3,0,0,3,0,0,22,2,0,0,0,0,1,1,3,1,3,0,0,0,0,18,9,0
C:\Users\syuuj\gitProject\nanohttpd\websocket\src\main\java\fi\iki\elonen\samples\echo\DebugWebSocketServer.java,fi.iki.elonen.samples.echo.DebugWebSocketServer$DebugWebSocket,innerclass,5,5,0,5,17,2,0,5,8,0.375,0.0,0.0,8,0,1,0,7,0,8,0,0,0,1,0,0,1,0,0,1,0,0,41,0,0,2,1,3,12,0,1,6,1,1,0,0,0,37,10,0
C:\Users\syuuj\gitProject\nanohttpd\core\src\test\java\fi\iki\elonen\HttpHeadRequestTest.java,fi.iki.elonen.HttpHeadRequestTest,class,3,3,0,3,16,2,0,11,120,0.0,0.0,0.0,16,0,16,0,0,0,16,0,0,0,0,0,0,0,0,0,0,0,1,107,0,0,0,0,0,103,19,7,15,6,0,0,0,0,72,1,0
C:\Users\syuuj\gitProject\nanohttpd\samples\src\main\java\fi\iki\elonen\HelloServer.java,fi.iki.elonen.HelloServer,class,6,7,1,6,4,2,0,9,3,0.6666667,0.0,0.0,3,1,3,0,0,0,3,0,0,0,1,1,0,1,0,0,1,0,3,24,1,0,1,0,0,11,1,8,3,5,1,0,0,0,46,1,1
C:\Users\syuuj\gitProject\nanohttpd\websocket\src\main\java\fi\iki\elonen\NanoWSD.java,fi.iki.elonen.NanoWSD$State,enum,0,0,0,0,0,1,0,0,0,0.0,-1.0,-1.0,0,0,0,0,0,0,0,0,0,0,0,0,0,0,0,0,0,0,0,1,0,0,0,0,0,0,0,0,0,0,0,0,0,0,8,9,0
C:\Users\syuuj\gitProject\nanohttpd\nanolets\src\main\java\fi\iki\elonen\router\RouterNanoHTTPD.java,fi.iki.elonen.router.RouterNanoHTTPD$IndexHandler,innerclass,3,3,0,3,3,3,0,0,3,0.0,0.0,0.0,3,0,3,0,0,0,3,0,0,0,0,0,0,0,0,0,0,0,0,11,3,0,0,0,0,2,0,0,0,0,0,0,0,0,16,9,0
C:\Users\syuuj\gitProject\nanohttpd\nanolets\src\main\java\fi\iki\elonen\router\RouterNanoHTTPD.java,fi.iki.elonen.router.RouterNanoHTTPD$UriResource,innerclass,7,7,0,7,23,1,0,40,10,0.76543206,0.42857143,1.0,9,0,7,2,0,0,7,0,0,0,9,3,0,9,0,0,8,0,6,102,16,2,3,1,1,13,8,24,7,18,4,0,0,0,61,9,0
C:\Users\syuuj\gitProject\nanohttpd\samples\src\main\java\fi\iki\elonen\TempFilesServer.java,fi.iki.elonen.TempFilesServer$ExampleManagerFactory,innerclass,3,3,0,3,1,1,0,0,0,0.0,NaN,NaN,1,0,1,0,0,0,1,0,0,0,0,0,0,0,0,0,0,0,0,5,1,0,0,0,0,0,0,0,0,0,0,0,0,0,6,10,0
C:\Users\syuuj\gitProject\nanohttpd\fileupload\src\main\java\fi\iki\elonen\NanoFileUpload.java,fi.iki.elonen.NanoFileUpload,class,8,10,2,8,6,2,0,5,10,0.0,0.0,0.0,5,1,5,0,0,0,5,0,1,0,0,0,0,0,0,0,0,0,0,46,4,0,1,0,0,0,0,0,0,0,0,0,1,0,28,1,0
C:\Users\syuuj\gitProject\nanohttpd\core\src\test\java\fi\iki\elonen\integration\ShutdownTest.java,fi.iki.elonen.integration.ShutdownTest$TestServer,innerclass,3,3,0,3,2,2,0,1,1,0.0,0.0,0.0,2,0,2,0,0,0,2,0,0,0,0,0,0,0,0,0,0,0,1,8,1,0,0,0,0,1,1,0,0,0,0,0,0,0,15,2,0
C:\Users\syuuj\gitProject\nanohttpd\core\src\main\java\fi\iki\elonen\NanoHTTPD.java,fi.iki.elonen.NanoHTTPD$DefaultTempFileManagerFactory,innerclass,3,3,0,3,1,1,0,0,0,0.0,NaN,NaN,1,0,1,0,0,0,1,0,0,0,0,0,0,0,0,0,0,0,0,5,1,0,0,0,0,0,0,0,0,0,0,0,0,0,12,2,0
C:\Users\syuuj\gitProject\nanohttpd\core\src\test\java\fi\iki\elonen\BadRequestTest.java,fi.iki.elonen.BadRequestTest,class,2,2,0,2,3,2,0,2,3,0.0,0.0,0.0,3,0,3,0,0,0,3,0,0,0,0,0,0,0,0,0,0,0,0,17,0,0,0,0,0,6,0,6,0,6,0,0,0,0,24,1,0
C:\Users\syuuj\gitProject\nanohttpd\core\src\test\java\fi\iki\elonen\integration\CookieIntegrationTest.java,fi.iki.elonen.integration.CookieIntegrationTest$CookieTestServer,innerclass,5,5,0,5,4,2,0,5,1,0.5,0.0,0.0,2,0,2,0,0,0,2,0,0,0,2,0,0,0,0,2,0,0,1,17,1,2,0,0,0,1,1,3,0,3,1,0,0,0,24,9,0
C:\Users\syuuj\gitProject\nanohttpd\core\src\test\java\fi\iki\elonen\ServerSocketFactoryTest.java,fi.iki.elonen.ServerSocketFactoryTest,class,5,5,0,5,8,2,0,7,6,0.75,0.0,0.0,4,0,4,0,0,0,4,0,0,0,1,1,1,0,0,0,1,0,1,44,0,0,2,2,0,5,1,7,0,5,1,0,1,0,27,1,0
C:\Users\syuuj\gitProject\nanohttpd\nanolets\src\main\java\fi\iki\elonen\router\RouterNanoHTTPD.java,fi.iki.elonen.router.RouterNanoHTTPD$DefaultStreamHandler,innerclass,7,7,0,7,8,1,0,5,28,0.0,0.0,0.0,8,0,8,0,0,0,8,3,0,0,0,0,0,0,0,0,0,0,1,20,5,0,0,0,0,0,0,0,0,0,0,0,0,0,36,1033,0
C:\Users\syuuj\gitProject\nanohttpd\websocket\src\main\java\fi\iki\elonen\NanoWSD.java,fi.iki.elonen.NanoWSD$WebSocket$Anonymous1,anonymous,1,1,0,1,1,1,0,3,0,0.0,NaN,NaN,1,0,0,0,1,0,1,0,0,0,0,0,0,0,0,0,0,0,0,10,0,0,0,0,0,0,0,3,0,0,0,0,0,0,6,-1,0
C:\Users\syuuj\gitProject\nanohttpd\core\src\test\java\fi\iki\elonen\integration\GZipIntegrationTest.java,fi.iki.elonen.integration.GZipIntegrationTest$TestServer,innerclass,3,3,0,3,3,2,0,0,3,0.6666667,0.0,0.0,3,0,2,0,1,0,3,0,0,0,1,0,1,0,0,0,0,0,0,12,2,0,0,0,0,0,1,0,0,1,0,0,0,0,19,9,0
C:\Users\syuuj\gitProject\nanohttpd\websocket\src\test\java\fi\iki\elonen\samples\echo\EchoWebSocketsTest.java,fi.iki.elonen.samples.echo.EchoWebSocketsTest$Anonymous1,anonymous,1,1,0,1,2,1,0,3,0,0.0,NaN,NaN,1,0,1,0,0,0,1,0,0,0,0,0,0,0,0,0,0,0,1,11,0,0,0,1,0,2,0,1,1,1,1,0,0,0,7,-1,0
C:\Users\syuuj\gitProject\nanohttpd\core\src\test\java\fi\iki\elonen\HttpSessionTest.java,fi.iki.elonen.HttpSessionTest,class,5,5,0,5,3,2,0,6,0,0.0,0.0,0.0,3,0,3,0,0,0,3,0,0,0,2,2,0,2,0,0,2,0,3,25,0,0,0,0,0,7,0,14,0,14,0,0,0,0,47,1,0
C:\Users\syuuj\gitProject\nanohttpd\core\src\test\java\fi\iki\elonen\ServerSocketFactoryTest.java,fi.iki.elonen.ServerSocketFactoryTest$TestFactory,innerclass,1,1,0,1,2,1,0,1,0,0.0,NaN,NaN,1,0,1,0,0,0,1,0,0,0,0,0,0,0,0,0,0,0,0,11,2,0,0,1,0,0,0,0,0,0,1,0,0,0,10,2,0
C:\Users\syuuj\gitProject\nanohttpd\core\src\main\java\fi\iki\elonen\NanoHTTPD.java,fi.iki.elonen.NanoHTTPD$DefaultServerSocketFactory,innerclass,1,1,0,1,1,1,0,0,0,0.0,NaN,NaN,1,0,1,0,0,0,1,0,0,0,0,0,0,0,0,0,0,0,0,5,1,0,0,0,0,0,0,0,0,0,0,0,0,0,15,9,0
C:\Users\syuuj\gitProject\nanohttpd\webserver\src\test\java\fi\iki\elonen\TestCorsHttpServer.java,fi.iki.elonen.TestCorsHttpServer,class,9,9,0,9,6,2,0,23,13,0.6666667,0.06666667,0.06666667,6,2,6,0,0,0,6,0,0,0,2,2,0,2,0,0,0,0,6,67,0,0,0,1,0,26,5,17,4,17,1,1,0,0,68,1,0
C:\Users\syuuj\gitProject\nanohttpd\core\src\main\java\fi\iki\elonen\NanoHTTPD.java,fi.iki.elonen.NanoHTTPD$DefaultAsyncRunner,innerclass,2,2,0,2,5,1,0,7,0,0.375,1.0,1.0,4,0,4,0,0,0,4,0,0,0,2,0,0,2,0,0,1,0,1,23,1,1,0,0,0,2,0,2,1,3,1,0,0,0,47,9,0
C:\Users\syuuj\gitProject\nanohttpd\core\src\test\java\fi\iki\elonen\LoadKeyStoreTest.java,fi.iki.elonen.LoadKeyStoreTest,class,4,4,0,4,3,1,0,8,1,0.33333334,0.33333334,0.33333334,3,0,3,0,0,0,3,0,0,0,1,0,1,0,0,0,0,0,3,24,0,0,0,0,0,6,0,8,0,8,0,0,0,0,30,1,0
C:\Users\syuuj\gitProject\nanohttpd\core\src\main\java\fi\iki\elonen\NanoHTTPD.java,fi.iki.elonen.NanoHTTPD$TempFile,interface,0,0,0,0,3,1,0,0,3,0.0,0.0,0.0,3,0,3,0,0,0,3,0,0,0,0,0,0,0,0,0,0,0,0,5,0,0,0,0,0,0,0,0,0,0,0,0,0,0,27,1,0
C:\Users\syuuj\gitProject\nanohttpd\core\src\test\java\fi\iki\elonen\HttpKeepAliveTest.java,fi.iki.elonen.HttpKeepAliveTest$Anonymous1,anonymous,4,4,0,4,4,1,0,11,0,0.0,NaN,NaN,1,0,1,0,0,0,1,0,0,0,0,0,0,0,0,0,0,0,0,38,0,1,0,3,0,4,3,9,0,7,3,0,0,0,22,-1,0
C:\Users\syuuj\gitProject\nanohttpd\core\src\main\java\fi\iki\elonen\NanoHTTPD.java,fi.iki.elonen.NanoHTTPD$Response,innerclass,7,7,0,7,51,3,0,34,167,0.8521739,0.1631579,0.6315789,23,0,16,3,4,0,20,0,0,0,10,0,0,10,0,0,2,0,4,219,7,2,12,2,1,32,13,33,3,22,2,1,3,0,195,9,0
C:\Users\syuuj\gitProject\nanohttpd\webserver\src\test\java\fi\iki\elonen\DummyPluginInfo.java,fi.iki.elonen.DummyPluginInfo,class,3,3,0,3,3,1,0,0,3,0.0,0.0,0.0,3,0,3,0,0,0,3,0,0,0,0,0,0,0,0,0,0,0,0,11,3,0,0,0,0,2,0,0,0,0,0,0,0,0,13,1,0
C:\Users\syuuj\gitProject\nanohttpd\core\src\test\java\fi\iki\elonen\integration\GetAndPostIntegrationTest.java,fi.iki.elonen.integration.GetAndPostIntegrationTest,class,15,15,0,15,8,3,0,8,28,0.0,0.0,0.0,8,0,8,0,0,0,8,0,0,0,0,0,0,0,0,0,0,0,3,100,1,0,0,0,0,39,0,33,0,26,0,1,1,0,50,1,0
C:\Users\syuuj\gitProject\nanohttpd\core\src\main\java\fi\iki\elonen\NanoHTTPD.java,fi.iki.elonen.NanoHTTPD$ClientHandler,innerclass,5,5,0,5,8,1,0,10,0,0.0,1.0,1.0,3,0,2,1,0,0,2,0,0,0,2,0,0,2,0,0,2,0,5,34,0,1,0,1,2,2,0,6,0,5,2,0,0,0,42,1,0
C:\Users\syuuj\gitProject\nanohttpd\core\src\main\java\fi\iki\elonen\NanoHTTPD.java,fi.iki.elonen.NanoHTTPD$HTTPSession,innerclass,12,12,0,12,110,1,0,88,125,0.8611111,0.2857143,0.85714287,22,0,14,8,0,0,14,0,5,0,18,4,2,16,0,0,7,0,26,457,22,14,25,7,4,44,76,121,37,83,8,0,0,0,264,4,0
C:\Users\syuuj\gitProject\nanohttpd\core\src\test\java\fi\iki\elonen\HttpKeepAliveTest.java,fi.iki.elonen.HttpKeepAliveTest,class,3,4,1,3,4,2,0,6,3,0.6666667,0.0,0.0,3,0,3,0,0,0,3,0,0,0,1,0,0,1,0,0,0,0,0,62,0,0,1,0,0,20,2,8,4,8,1,1,0,0,49,1,0
C:\Users\syuuj\gitProject\nanohttpd\core\src\main\java\fi\iki\elonen\NanoHTTPD.java,fi.iki.elonen.NanoHTTPD$DefaultTempFile,innerclass,2,2,0,2,5,1,0,4,0,0.25,0.8333333,1.0,4,0,4,0,0,0,4,0,0,0,2,0,0,2,0,0,2,0,2,20,2,0,0,0,0,3,0,2,0,2,1,0,0,0,34,9,0
C:\Users\syuuj\gitProject\nanohttpd\nanolets\src\test\java\fi\iki\elonen\router\TestNanolets.java,fi.iki.elonen.router.TestNanolets$Anonymous1,anonymous,1,1,0,1,1,1,0,1,0,0.0,NaN,NaN,1,0,1,0,0,0,1,0,0,0,0,0,0,0,0,0,0,0,1,6,0,0,0,0,0,0,0,1,0,1,0,0,0,0,2,-1,0
C:\Users\syuuj\gitProject\nanohttpd\nanolets\src\main\java\fi\iki\elonen\router\RouterNanoHTTPD.java,fi.iki.elonen.router.RouterNanoHTTPD$UriResponder,interface,3,3,0,3,5,1,0,0,10,0.0,0.0,0.0,5,0,5,0,0,0,5,0,0,0,0,0,0,0,0,0,0,0,0,7,0,0,0,0,0,0,0,0,0,0,0,0,0,0,15,1,0
C:\Users\syuuj\gitProject\nanohttpd\core\src\main\java\fi\iki\elonen\NanoHTTPD.java,fi.iki.elonen.NanoHTTPD,class,20,69,49,20,76,3,20,94,540,0.9429826,0.028520498,0.035650622,36,14,28,2,6,0,34,0,4,1,19,12,3,14,2,0,13,0,31,1315,26,3,14,11,3,28,13,53,6,45,3,0,21,0,420,1025,0
C:\Users\syuuj\gitProject\nanohttpd\websocket\src\main\java\fi\iki\elonen\NanoWSD.java,fi.iki.elonen.NanoWSD$WebSocketFrame$OpCode,enum,1,1,0,1,9,1,0,2,0,0.25,0.0,0.0,4,1,3,1,0,0,3,0,0,0,1,0,0,1,0,0,1,0,1,19,4,1,4,0,0,0,6,1,0,1,2,0,0,0,20,9,0
C:\Users\syuuj\gitProject\nanohttpd\core\src\main\java\fi\iki\elonen\NanoHTTPD.java,fi.iki.elonen.NanoHTTPD$ResponseException,innerclass,1,1,0,1,3,3,0,0,0,0.5,1.0,1.0,3,0,3,0,0,0,3,0,0,0,2,1,0,2,0,0,2,0,0,15,1,0,0,0,0,0,1,3,0,2,0,0,0,0,14,25,0
C:\Users\syuuj\gitProject\nanohttpd\nanolets\src\main\java\fi\iki\elonen\router\RouterNanoHTTPD.java,fi.iki.elonen.router.RouterNanoHTTPD$GeneralHandler,innerclass,8,8,0,8,6,3,0,11,6,0.0,0.0,0.0,4,0,4,0,0,0,4,0,0,0,0,0,0,0,0,0,0,0,1,33,3,1,0,0,0,9,1,4,0,4,2,0,0,0,45,9,0
C:\Users\syuuj\gitProject\nanohttpd\websocket\src\test\java\fi\iki\elonen\WebSocketResponseHandlerTest.java,fi.iki.elonen.WebSocketResponseHandlerTest,class,11,11,0,11,17,3,0,22,49,0.5238095,0.23076923,0.23076923,14,0,14,0,0,0,14,0,0,0,3,0,0,3,0,0,0,0,1,138,0,1,1,1,0,36,81,26,0,27,2,0,1,0,89,1,0
C:\Users\syuuj\gitProject\nanohttpd\websocket\src\main\java\fi\iki\elonen\NanoWSD.java,fi.iki.elonen.NanoWSD,class,7,13,6,7,21,5,3,25,45,0.90833324,0.0,0.0,10,2,4,2,4,0,8,1,0,0,12,12,9,3,0,0,12,0,7,626,11,1,1,1,5,16,20,37,11,31,1,0,4,0,117,1025,0
C:\Users\syuuj\gitProject\nanohttpd\websocket\src\main\java\fi\iki\elonen\NanoWSD.java,fi.iki.elonen.NanoWSD$WebSocketFrame$CloseFrame,innerclass,4,4,0,4,8,2,0,8,0,0.4,0.0,0.0,5,1,3,2,0,0,3,0,0,0,2,0,0,2,0,0,0,0,5,34,4,0,2,0,3,0,17,6,4,4,1,0,0,0,27,9,0
C:\Users\syuuj\gitProject\nanohttpd\core\src\main\java\fi\iki\elonen\NanoHTTPD.java,fi.iki.elonen.NanoHTTPD$Response$Anonymous1,anonymous,0,0,0,0,2,1,0,3,0,0.0,NaN,NaN,1,0,1,0,0,0,1,0,0,0,0,0,0,0,0,0,0,0,0,6,1,0,1,0,0,0,0,0,0,0,0,0,0,0,4,-1,0
C:\Users\syuuj\gitProject\nanohttpd\core\src\test\java\fi\iki\elonen\CookieTest.java,fi.iki.elonen.CookieTest,class,2,2,0,2,4,1,0,7,6,0.0,0.0,0.0,4,0,4,0,0,0,4,0,0,0,0,0,0,0,0,0,0,0,3,27,0,0,0,0,0,23,4,8,2,8,0,0,0,0,45,1,0
C:\Users\syuuj\gitProject\nanohttpd\core\src\test\java\fi\iki\elonen\HttpGetRequestTest.java,fi.iki.elonen.HttpGetRequestTest,class,3,3,0,3,20,2,0,13,190,0.0,0.0,0.0,20,0,20,0,0,0,20,0,0,0,0,0,0,0,0,0,0,0,1,131,0,0,0,0,0,137,27,11,20,10,0,0,0,0,99,1,0
C:\Users\syuuj\gitProject\nanohttpd\core\src\test\java\fi\iki\elonen\integration\PutStreamIntegrationTest.java,fi.iki.elonen.integration.PutStreamIntegrationTest,class,8,8,0,8,2,3,0,4,1,0.0,0.0,0.0,2,0,2,0,0,0,2,0,0,0,0,0,0,0,0,0,0,0,0,37,1,0,0,0,0,3,0,4,1,4,0,0,1,0,29,1,0
C:\Users\syuuj\gitProject\nanohttpd\webserver\src\main\java\fi\iki\elonen\WebServerPlugin.java,fi.iki.elonen.WebServerPlugin,interface,2,8,6,2,3,1,0,0,3,0.0,0.0,0.0,3,0,0,0,0,3,3,0,0,0,0,0,0,0,0,0,0,0,0,5,0,0,0,0,0,0,0,0,0,0,0,0,0,0,26,1,0
C:\Users\syuuj\gitProject\nanohttpd\core\src\main\java\fi\iki\elonen\NanoHTTPD.java,fi.iki.elonen.NanoHTTPD$CookieHandler,innerclass,3,3,0,3,11,1,0,12,9,0.5714286,0.2857143,0.2857143,7,0,7,0,0,0,7,0,0,0,2,0,0,2,0,0,2,0,1,36,2,2,2,0,0,5,4,5,0,5,3,0,0,0,73,1,0
C:\Users\syuuj\gitProject\nanohttpd\core\src\test\java\fi\iki\elonen\HttpSSLServerTest.java,fi.iki.elonen.HttpSSLServerTest,class,12,12,0,12,7,2,0,19,6,0.0,0.0,0.0,4,0,4,0,0,0,4,0,0,0,0,0,0,0,0,0,0,0,6,38,0,1,0,1,0,7,6,9,1,7,3,0,0,0,39,1,0
C:\Users\syuuj\gitProject\nanohttpd\core\src\main\java\fi\iki\elonen\NanoHTTPD.java,fi.iki.elonen.NanoHTTPD$ServerSocketFactory,interface,0,0,0,0,1,1,0,0,0,0.0,NaN,NaN,1,0,1,0,0,0,1,0,0,0,0,0,0,0,0,0,0,0,0,3,0,0,0,0,0,0,0,0,0,0,0,0,0,0,8,1,0
C:\Users\syuuj\gitProject\nanohttpd\nanolets\src\test\java\fi\iki\elonen\router\TestNanolets.java,fi.iki.elonen.router.TestNanolets,class,23,24,1,23,36,1,0,50,559,0.9411765,0.002016129,0.002016129,34,3,32,2,0,0,32,0,0,0,2,2,0,2,0,0,0,0,9,268,2,2,0,1,1,98,11,102,1,74,2,1,0,0,174,1,0
C:\Users\syuuj\gitProject\nanohttpd\webserver\src\test\java\fi\iki\elonen\AbstractTestHttpServer.java,fi.iki.elonen.AbstractTestHttpServer,class,3,7,4,3,3,1,3,6,1,0.0,0.0,0.0,2,0,0,0,2,0,2,0,0,0,0,0,0,0,0,0,0,0,0,22,2,1,0,1,1,0,3,5,0,5,2,0,0,0,23,1,0
C:\Users\syuuj\gitProject\nanohttpd\core\src\main\java\fi\iki\elonen\NanoHTTPD.java,fi.iki.elonen.NanoHTTPD$ContentType,innerclass,1,1,0,1,13,1,0,6,4,0.8125,0.42857143,1.0,8,0,7,1,0,0,7,0,0,0,12,8,0,12,0,0,12,0,3,56,8,0,3,0,0,9,3,16,1,13,1,0,0,0,45,12,0
C:\Users\syuuj\gitProject\nanohttpd\nanolets\src\test\java\fi\iki\elonen\router\AppNanolets.java,fi.iki.elonen.router.AppNanolets$StaticPageTestHandler,innerclass,1,1,0,1,2,4,0,3,0,0.0,NaN,NaN,1,0,0,0,1,0,1,0,0,0,0,0,0,0,0,0,0,0,0,8,1,0,0,0,0,2,0,0,0,0,1,0,0,0,15,8,0
C:\Users\syuuj\gitProject\nanohttpd\markdown-plugin\src\main\java\fi\iki\elonen\MarkdownWebServerPluginInfo.java,fi.iki.elonen.MarkdownWebServerPluginInfo,class,3,3,0,3,3,1,0,0,3,0.0,0.0,0.0,3,0,3,0,0,0,3,0,0,0,0,0,0,0,0,0,0,0,0,11,3,0,0,0,0,2,0,0,0,0,0,0,0,0,18,1,0
C:\Users\syuuj\gitProject\nanohttpd\nanolets\src\main\java\fi\iki\elonen\router\RouterNanoHTTPD.java,fi.iki.elonen.router.RouterNanoHTTPD$DefaultHandler,innerclass,7,7,0,7,4,2,0,4,6,0.0,0.0,0.0,4,0,4,0,0,0,4,2,0,0,0,0,0,0,0,0,0,0,1,10,1,0,0,0,0,1,0,0,0,0,0,0,0,0,43,1033,0
C:\Users\syuuj\gitProject\nanohttpd\nanolets\src\test\java\fi\iki\elonen\router\AppNanolets.java,fi.iki.elonen.router.AppNanolets$UserHandler,innerclass,8,8,0,8,7,3,0,11,10,0.0,0.0,0.0,5,0,5,0,0,0,5,0,0,0,0,0,0,0,0,0,0,0,1,34,5,2,0,0,0,13,0,13,3,8,1,0,0,0,27,9,0
C:\Users\syuuj\gitProject\nanohttpd\core\src\main\java\fi\iki\elonen\NanoHTTPD.java,fi.iki.elonen.NanoHTTPD$Response$ChunkedOutputStream,innerclass,2,2,0,2,6,3,0,5,10,0.0,0.0,0.0,5,0,5,0,0,0,5,0,0,0,0,0,0,0,0,0,0,0,1,21,1,0,1,0,0,3,4,1,0,1,1,0,0,0,26,10,0
C:\Users\syuuj\gitProject\nanohttpd\websocket\src\main\java\fi\iki\elonen\samples\echo\EchoSocketSample.java,fi.iki.elonen.samples.echo.EchoSocketSample,class,3,4,1,3,4,1,0,7,0,0.0,NaN,NaN,1,1,1,0,0,0,1,0,0,0,0,0,0,0,0,0,0,0,1,15,0,0,0,1,0,3,5,2,0,2,1,0,0,0,22,1,0
C:\Users\syuuj\gitProject\nanohttpd\core\src\test\java\fi\iki\elonen\integration\PutStreamIntegrationTest.java,fi.iki.elonen.integration.PutStreamIntegrationTest$TestServer,innerclass,5,5,0,5,4,2,0,10,3,0.0,0.0,0.0,3,0,3,0,0,0,3,0,0,0,0,0,0,0,0,0,0,0,4,24,2,0,0,1,0,1,2,6,1,6,1,0,0,0,31,9,0
C:\Users\syuuj\gitProject\nanohttpd\samples\src\main\java\fi\iki\elonen\debug\DebugServer.java,fi.iki.elonen.debug.DebugServer,class,5,7,2,5,9,2,1,21,15,0.0,0.0,0.0,6,1,3,3,0,0,3,0,0,0,0,0,0,0,0,0,0,0,5,50,4,1,1,1,0,24,2,4,0,4,1,0,0,0,49,1,0
C:\Users\syuuj\gitProject\nanohttpd\core\src\main\java\fi\iki\elonen\NanoHTTPD.java,fi.iki.elonen.NanoHTTPD$AsyncRunner,interface,1,1,0,1,3,1,0,0,3,0.0,0.0,0.0,3,0,0,0,0,3,3,0,0,0,0,0,0,0,0,0,0,0,0,5,0,0,0,0,0,0,0,0,0,0,0,0,0,0,14,1,0
C:\Users\syuuj\gitProject\nanohttpd\nanolets\src\main\java\fi\iki\elonen\router\RouterNanoHTTPD.java,fi.iki.elonen.router.RouterNanoHTTPD,class,11,17,6,11,9,13,1,12,0,0.5,0.6666667,0.6666667,6,1,6,0,0,0,6,0,0,0,2,1,0,2,0,0,1,0,1,350,3,0,1,0,0,4,6,4,3,2,1,0,10,0,86,1,0
C:\Users\syuuj\gitProject\nanohttpd\core\src\test\java\fi\iki\elonen\HttpParsingTest.java,fi.iki.elonen.HttpParsingTest,class,3,3,0,3,4,2,0,3,3,0.0,0.0,0.0,3,0,3,0,0,0,3,0,0,0,0,0,0,0,0,0,0,0,4,18,0,1,0,0,0,6,2,6,2,6,1,0,0,0,23,1,0
C:\Users\syuuj\gitProject\nanohttpd\core\src\test\java\fi\iki\elonen\integration\GetAndPostIntegrationTest.java,fi.iki.elonen.integration.GetAndPostIntegrationTest$TestServer,innerclass,3,3,0,3,6,2,0,13,1,0.5,0.0,0.0,2,0,2,0,0,0,2,0,0,0,1,0,1,0,0,0,0,0,5,27,3,1,0,0,0,6,2,2,1,3,2,0,0,0,28,9,0
C:\Users\syuuj\gitProject\nanohttpd\webserver\src\test\java\fi\iki\elonen\DummyPlugin.java,fi.iki.elonen.DummyPlugin,class,5,6,1,5,4,1,0,2,3,0.0,0.0,0.0,3,0,3,0,0,0,3,0,0,0,0,0,0,0,0,0,0,0,0,15,3,0,0,0,0,4,0,2,0,2,1,0,0,0,33,1,0
C:\Users\syuuj\gitProject\nanohttpd\core\src\test\java\fi\iki\elonen\SSLServerSocketFactoryTest.java,fi.iki.elonen.SSLServerSocketFactoryTest,class,12,12,0,12,8,2,0,24,6,0.0,0.0,0.0,4,0,4,0,0,0,4,0,0,0,0,0,0,0,0,0,0,0,9,44,0,1,0,1,0,11,9,13,2,8,3,0,0,0,49,1,0
C:\Users\syuuj\gitProject\nanohttpd\core\src\test\java\fi\iki\elonen\integration\IntegrationTestBase.java,fi.iki.elonen.integration.IntegrationTestBase,class,6,11,5,6,4,1,0,6,1,0.33333334,0.33333334,0.33333334,3,0,3,0,0,0,3,1,0,0,2,0,0,0,2,0,0,0,0,19,0,0,0,1,0,0,0,2,0,2,1,0,0,0,25,1025,0
C:\Users\syuuj\gitProject\nanohttpd\core\src\main\java\fi\iki\elonen\NanoHTTPD.java,fi.iki.elonen.NanoHTTPD$DefaultTempFileManager,innerclass,3,3,0,3,6,1,0,7,0,0.16666667,1.0,1.0,3,0,3,0,0,0,3,0,0,0,2,0,0,2,0,0,2,0,1,27,1,1,0,1,0,2,0,3,0,3,2,0,0,0,53,9,0
C:\Users\syuuj\gitProject\nanohttpd\core\src\test\java\fi\iki\elonen\HttpServerTest.java,fi.iki.elonen.HttpServerTest$Anonymous2,anonymous,3,3,0,3,4,1,0,7,0,0.0,NaN,NaN,1,0,1,0,0,0,1,0,0,0,1,0,0,0,0,1,1,0,1,18,1,1,0,1,1,2,0,4,0,2,3,0,0,0,18,-1,0
C:\Users\syuuj\gitProject\nanohttpd\core\src\test\java\fi\iki\elonen\HttpServerTest.java,fi.iki.elonen.HttpServerTest$Anonymous1,anonymous,3,3,0,3,3,1,0,6,0,0.0,NaN,NaN,1,0,1,0,0,0,1,0,0,0,1,0,0,0,0,1,1,0,1,16,1,1,0,1,0,0,0,2,0,2,2,0,0,0,19,-1,0
C:\Users\syuuj\gitProject\nanohttpd\core\src\test\java\fi\iki\elonen\integration\GZipIntegrationTest.java,fi.iki.elonen.integration.GZipIntegrationTest,class,9,9,0,9,9,3,0,16,36,0.0,0.0,0.0,9,0,9,0,0,0,9,0,0,0,0,0,0,0,0,0,0,0,8,86,1,0,0,0,1,56,0,32,1,24,0,0,1,0,70,1,0
C:\Users\syuuj\gitProject\nanohttpd\webserver\src\main\java\fi\iki\elonen\SimpleWebServer.java,fi.iki.elonen.SimpleWebServer,class,10,15,5,10,118,2,0,97,175,0.8863636,0.1,0.125,22,3,8,7,6,1,16,0,0,0,10,7,2,6,1,1,8,0,34,448,25,15,20,5,6,134,56,113,48,81,5,3,0,0,225,1,0
C:\Users\syuuj\gitProject\nanohttpd\webserver\src\main\java\fi\iki\elonen\SimpleWebServer.java,fi.iki.elonen.SimpleWebServer$Anonymous3,anonymous,0,0,0,0,1,1,0,1,0,0.0,NaN,NaN,1,0,1,0,0,0,1,0,0,0,0,0,0,0,0,0,0,0,0,5,1,0,0,0,0,0,0,0,0,0,0,0,0,0,3,-1,0
C:\Users\syuuj\gitProject\nanohttpd\webserver\src\main\java\fi\iki\elonen\SimpleWebServer.java,fi.iki.elonen.SimpleWebServer$Anonymous1,anonymous,0,0,0,0,1,1,0,1,0,0.0,NaN,NaN,0,0,0,0,0,0,1,0,0,0,0,0,0,0,0,0,0,0,0,6,0,0,0,0,0,2,0,0,0,0,0,0,0,0,1,-1,0
C:\Users\syuuj\gitProject\nanohttpd\fileupload\src\test\java\fi\iki\elonen\TestNanoFileUpLoad.java,fi.iki.elonen.TestNanoFileUpLoad$TestServer,innerclass,11,11,0,11,11,2,0,31,4,0.725,0.16666667,0.16666667,4,0,4,0,0,0,4,0,0,0,10,0,9,0,0,1,0,0,5,65,3,1,0,2,0,6,2,17,0,15,5,0,0,0,55,9,0
C:\Users\syuuj\gitProject\nanohttpd\webserver\src\main\java\fi\iki\elonen\SimpleWebServer.java,fi.iki.elonen.SimpleWebServer$Anonymous2,anonymous,0,0,0,0,1,1,0,1,0,0.0,NaN,NaN,1,0,1,0,0,0,1,0,0,0,0,0,0,0,0,0,0,0,0,5,1,0,0,0,0,0,0,0,0,0,0,0,0,0,3,-1,0
C:\Users\syuuj\gitProject\nanohttpd\core\src\test\java\fi\iki\elonen\HttpChunkedResponseTest.java,fi.iki.elonen.HttpChunkedResponseTest,class,5,5,0,5,1,4,0,4,0,0.0,NaN,NaN,1,0,1,0,0,0,1,0,0,0,0,0,0,0,0,0,0,0,1,25,0,0,0,0,0,20,1,4,0,3,0,1,1,0,33,1,0
C:\Users\syuuj\gitProject\nanohttpd\core\src\test\java\fi\iki\elonen\HttpServerTest.java,fi.iki.elonen.HttpServerTest,class,17,34,17,17,17,3,15,31,35,0.8,0.11111111,0.13333334,10,0,5,0,5,0,10,0,0,0,3,1,1,0,2,0,1,0,0,196,3,2,5,2,0,27,3,40,8,38,2,2,2,0,91,1,0
C:\Users\syuuj\gitProject\nanohttpd\nanolets\src\test\java\fi\iki\elonen\router\AppNanolets.java,fi.iki.elonen.router.AppNanolets$StreamUrl,innerclass,3,3,0,3,3,2,0,1,3,0.0,0.0,0.0,3,0,3,0,0,0,3,0,0,0,0,0,0,0,0,0,0,0,0,11,3,0,0,0,0,2,0,0,0,0,0,0,0,0,16,9,0
C:\Users\syuuj\gitProject\nanohttpd\samples\src\main\java\fi\iki\elonen\TempFilesServer.java,fi.iki.elonen.TempFilesServer$ExampleManager,innerclass,3,3,0,3,6,1,0,8,0,0.16666667,1.0,1.0,3,0,2,1,0,0,2,0,0,0,2,0,0,2,0,0,2,0,1,28,1,1,0,1,0,4,0,3,2,3,2,0,0,0,15,10,0
C:\Users\syuuj\gitProject\nanohttpd\core\src\main\java\fi\iki\elonen\NanoHTTPD.java,fi.iki.elonen.NanoHTTPD$SecureServerSocketFactory,innerclass,1,1,0,1,3,1,0,6,0,0.0,1.0,1.0,2,0,2,0,0,0,2,0,0,0,2,0,0,2,0,0,0,0,0,22,1,0,1,0,0,0,0,4,0,3,1,0,0,0,17,9,0
C:\Users\syuuj\gitProject\nanohttpd\fileupload\src\main\java\fi\iki\elonen\NanoFileUpload.java,fi.iki.elonen.NanoFileUpload$NanoHttpdContext,innerclass,3,3,0,3,7,1,0,5,3,0.33333334,0.4,0.4,6,0,6,0,0,0,6,0,0,0,1,0,0,1,0,0,0,0,1,29,5,0,0,1,0,3,1,4,0,3,1,0,0,0,24,9,0
C:\Users\syuuj\gitProject\nanohttpd\fileupload\src\test\java\fi\iki\elonen\TestNanoFileUpLoad.java,fi.iki.elonen.TestNanoFileUpLoad,class,17,18,1,17,10,2,0,21,1,0.2857143,0.6666667,0.6666667,7,0,6,1,0,0,6,0,0,0,1,0,0,0,1,0,0,0,4,130,0,1,0,1,0,14,8,22,1,22,3,0,1,0,67,1,0
C:\Users\syuuj\gitProject\nanohttpd\nanolets\src\main\java\fi\iki\elonen\router\RouterNanoHTTPD.java,fi.iki.elonen.router.RouterNanoHTTPD$Error404UriHandler,innerclass,3,3,0,3,3,3,0,0,3,0.0,0.0,0.0,3,0,3,0,0,0,3,0,0,0,0,0,0,0,0,0,0,0,0,11,3,0,0,0,0,2,0,0,0,0,0,0,0,0,21,9,0
C:\Users\syuuj\gitProject\nanohttpd\core\src\test\java\fi\iki\elonen\HttpChunkedResponseTest.java,fi.iki.elonen.HttpChunkedResponseTest$Anonymous1,anonymous,0,0,0,0,0,1,0,0,0,0.0,-1.0,-1.0,0,0,0,0,0,0,0,0,0,0,0,0,0,0,0,0,0,0,0,2,0,0,0,0,0,0,0,0,0,0,0,0,0,0,0,-1,0
C:\Users\syuuj\gitProject\nanohttpd\core\src\main\java\fi\iki\elonen\NanoHTTPD.java,fi.iki.elonen.NanoHTTPD$TempFileManager,interface,1,1,0,1,2,1,0,0,1,0.0,0.0,0.0,2,0,1,0,0,1,2,0,0,0,0,0,0,0,0,0,0,0,0,4,0,0,0,0,0,0,0,0,0,0,0,0,0,0,26,1,0
C:\Users\syuuj\gitProject\nanohttpd\core\src\main\java\fi\iki\elonen\NanoHTTPD.java,fi.iki.elonen.NanoHTTPD$Response$Status,enum,0,0,0,0,3,1,0,0,0,0.16666667,1.0,1.0,3,0,2,0,0,1,3,0,0,0,2,0,0,2,0,0,2,0,0,13,2,0,0,0,0,24,22,2,1,2,0,0,0,0,39,1,0
C:\Users\syuuj\gitProject\nanohttpd\core\src\test\java\fi\iki\elonen\HttpPostRequestTest.java,fi.iki.elonen.HttpPostRequestTest,class,3,4,1,3,12,2,0,14,0,0.5285714,0.0,0.0,10,0,9,1,0,0,9,0,0,0,7,7,7,0,0,0,7,0,13,142,1,1,1,0,7,133,19,85,44,82,1,0,0,0,114,1,0
C:\Users\syuuj\gitProject\nanohttpd\nanolets\src\main\java\fi\iki\elonen\router\RouterNanoHTTPD.java,fi.iki.elonen.router.RouterNanoHTTPD$UriRouter,innerclass,5,5,0,5,13,1,0,14,0,0.5714286,0.33333334,0.5,7,0,4,3,0,0,4,0,0,0,3,0,0,3,0,0,0,0,3,57,1,2,3,0,0,0,1,11,2,9,2,1,0,0,64,9,0
C:\Users\syuuj\gitProject\nanohttpd\websocket\src\test\java\fi\iki\elonen\WebSocketResponseHandlerTest.java,fi.iki.elonen.WebSocketResponseHandlerTest$MockedWSD,innerclass,4,4,0,4,3,3,0,0,3,0.0,0.0,0.0,3,0,2,0,1,0,3,0,0,0,0,0,0,0,0,0,0,0,0,23,1,0,0,0,0,0,0,0,0,0,0,1,0,0,15,10,0
C:\Users\syuuj\gitProject\nanohttpd\webserver\src\main\java\fi\iki\elonen\WebServerPluginInfo.java,fi.iki.elonen.WebServerPluginInfo,interface,1,4,3,1,3,1,0,0,3,0.0,0.0,0.0,3,0,0,0,0,3,3,0,0,0,0,0,0,0,0,0,0,0,0,5,0,0,0,0,0,0,0,0,0,0,0,0,0,0,17,1,0
C:\Users\syuuj\gitProject\nanohttpd\websocket\src\test\java\fi\iki\elonen\samples\echo\SimpleEchoSocket.java,fi.iki.elonen.samples.echo.SimpleEchoSocket,class,5,6,1,5,9,1,0,9,11,0.6666667,0.23809524,0.23809524,7,0,7,0,0,0,7,0,0,0,3,0,0,3,0,0,3,0,0,39,3,1,0,1,0,4,4,4,1,4,2,0,0,0,37,1,0
C:\Users\syuuj\gitProject\nanohttpd\core\src\test\java\fi\iki\elonen\integration\GetAndPostIntegrationTest.java,fi.iki.elonen.integration.GetAndPostIntegrationTest$Anonymous1,anonymous,0,0,0,0,1,1,0,0,0,0.0,NaN,NaN,1,0,1,0,0,0,1,0,0,0,0,0,0,0,0,0,0,0,0,5,1,0,0,0,0,1,0,0,0,0,0,0,0,0,2,-1,0
C:\Users\syuuj\gitProject\nanohttpd\webserver\src\main\java\fi\iki\elonen\InternalRewrite.java,fi.iki.elonen.InternalRewrite,class,2,4,2,2,3,2,0,0,0,0.33333334,0.6666667,1.0,3,0,3,0,0,0,3,0,0,0,2,0,0,2,0,0,2,0,0,15,2,0,0,0,0,0,2,2,0,2,0,0,0,0,17,1,0
C:\Users\syuuj\gitProject\nanohttpd\nanolets\src\main\java\fi\iki\elonen\router\RouterNanoHTTPD.java,fi.iki.elonen.router.RouterNanoHTTPD$StaticPageHandler,innerclass,10,10,0,10,16,3,0,23,15,0.0,0.0,0.0,6,1,4,1,1,0,5,0,0,0,0,0,0,0,0,0,0,0,7,53,6,3,1,1,0,6,2,10,0,6,2,0,0,0,54,9,0
C:\Users\syuuj\gitProject\nanohttpd\core\src\test\java\fi\iki\elonen\integration\ShutdownTest.java,fi.iki.elonen.integration.ShutdownTest,class,4,5,1,4,4,2,0,10,1,0.0,NaN,NaN,2,0,1,1,0,0,1,0,0,0,0,0,0,0,0,0,0,0,0,31,0,1,0,1,0,4,1,3,0,3,1,0,1,0,28,1,0
C:\Users\syuuj\gitProject\nanohttpd\websocket\src\main\java\fi\iki\elonen\samples\echo\DebugWebSocketServer.java,fi.iki.elonen.samples.echo.DebugWebSocketServer,class,5,9,4,5,2,4,0,2,1,0.75,0.0,0.0,2,0,1,0,1,0,2,0,0,0,2,1,0,2,0,0,2,0,1,52,1,0,0,0,0,0,0,2,0,2,0,0,1,0,28,1,0
C:\Users\syuuj\gitProject\nanohttpd\core\src\test\java\fi\iki\elonen\HttpServerTest.java,fi.iki.elonen.HttpServerTest$TestServer,innerclass,6,6,0,6,6,2,0,9,10,0.8000001,0.0,0.0,5,0,5,0,0,0,5,0,0,0,9,0,9,0,0,0,0,0,3,40,3,0,0,1,0,1,1,9,0,9,1,0,0,0,44,9,0
C:\Users\syuuj\gitProject\nanohttpd\core\src\test\java\fi\iki\elonen\HttpServerTest.java,fi.iki.elonen.HttpServerTest$TestTempFileManager,innerclass,1,1,0,1,2,2,0,1,1,0.0,0.0,0.0,2,0,2,0,0,0,2,0,0,0,0,0,0,0,0,0,0,0,0,7,0,0,0,0,0,0,0,0,0,0,0,0,0,0,6,9,0
C:\Users\syuuj\gitProject\nanohttpd\core\src\test\java\fi\iki\elonen\CookieHandlerTest.java,fi.iki.elonen.CookieHandlerTest,class,7,7,0,7,7,2,0,24,6,0.0,0.0,0.0,4,0,4,0,0,0,4,0,0,0,0,0,0,0,0,0,0,0,7,68,0,2,0,0,0,50,4,29,4,29,1,0,0,0,69,1,0
C:\Users\syuuj\gitProject\nanohttpd\core\src\main\java\fi\iki\elonen\util\ServerRunner.java,fi.iki.elonen.util.ServerRunner,class,3,9,6,3,5,1,0,10,1,0.5,0.0,0.0,2,2,2,0,0,0,2,0,0,0,1,1,0,1,0,0,1,0,3,28,0,0,0,3,0,4,1,1,1,1,1,0,0,0,30,1,0
C:\Users\syuuj\gitProject\nanohttpd\websocket\src\test\java\fi\iki\elonen\WebSocketResponseHandlerTest.java,fi.iki.elonen.WebSocketResponseHandlerTest$MockedWSD$Anonymous1,anonymous,2,2,0,2,5,1,0,0,10,0.0,0.0,0.0,5,0,0,0,5,0,5,0,0,0,0,0,0,0,0,0,0,0,0,12,0,0,0,0,0,0,0,0,0,0,0,0,0,0,18,-1,0
C:\Users\syuuj\gitProject\nanohttpd\webserver\src\test\java\fi\iki\elonen\TestHttpServer.java,fi.iki.elonen.TestHttpServer$Anonymous2,anonymous,1,1,0,1,1,1,0,1,0,0.0,NaN,NaN,1,0,1,0,0,0,1,0,0,0,0,0,0,0,0,0,0,0,1,6,0,0,0,0,0,5,0,1,0,1,0,0,0,0,3,-1,0
C:\Users\syuuj\gitProject\nanohttpd\markdown-plugin\src\main\java\fi\iki\elonen\MarkdownWebServerPlugin.java,fi.iki.elonen.MarkdownWebServerPlugin,class,6,8,2,6,13,1,0,12,6,0.6,0.16666667,0.16666667,5,0,4,1,0,0,4,0,0,0,2,1,0,2,0,0,2,0,1,61,4,1,5,3,0,5,1,13,0,9,3,0,0,0,59,1,0
C:\Users\syuuj\gitProject\nanohttpd\webserver\src\test\java\fi\iki\elonen\TestHttpServer.java,fi.iki.elonen.TestHttpServer$Anonymous1,anonymous,1,1,0,1,1,1,0,1,0,0.0,NaN,NaN,1,0,1,0,0,0,1,0,0,0,0,0,0,0,0,0,0,0,1,6,0,0,0,0,0,6,0,1,0,1,0,0,0,0,3,-1,0
C:\Users\syuuj\gitProject\nanohttpd\core\src\test\java\fi\iki\elonen\InvalidRequestTest.java,fi.iki.elonen.InvalidRequestTest,class,2,2,0,2,8,2,0,4,6,0.0,0.0,0.0,4,0,4,0,0,0,4,0,0,0,0,0,0,0,0,0,0,0,0,30,0,0,0,0,0,8,4,0,4,0,0,0,0,0,20,1,0
C:\Users\syuuj\gitProject\nanohttpd\core\src\test\java\fi\iki\elonen\HttpPutRequestTest.java,fi.iki.elonen.HttpPutRequestTest,class,2,2,0,2,2,2,0,8,0,0.0,NaN,NaN,1,0,1,0,0,0,1,0,0,0,0,0,0,0,0,0,0,0,0,20,0,0,1,1,0,12,0,6,1,5,2,0,0,0,40,1,0
C:\Users\syuuj\gitProject\nanohttpd\core\src\test\java\fi\iki\elonen\integration\CookieIntegrationTest.java,fi.iki.elonen.integration.CookieIntegrationTest,class,10,10,0,10,4,3,0,20,6,0.0,0.0,0.0,4,0,4,0,0,0,4,0,0,0,0,0,0,0,0,0,0,0,1,52,1,0,0,0,0,11,8,10,0,10,0,0,1,0,35,1,0
C:\Users\syuuj\gitProject\nanohttpd\core\src\test\java\fi\iki\elonen\HttpChunkedResponseTest.java,fi.iki.elonen.HttpChunkedResponseTest$ChunkedInputStream,innerclass,1,1,0,1,3,3,0,2,0,0.25,NaN,NaN,2,0,1,1,0,0,1,0,0,1,2,0,0,0,0,2,0,0,0,13,1,1,0,0,0,0,2,4,0,3,1,0,0,0,12,10,0
C:\Users\syuuj\gitProject\nanohttpd\core\src\main\java\fi\iki\elonen\NanoHTTPD.java,fi.iki.elonen.NanoHTTPD$Method,enum,1,1,0,1,3,1,0,1,0,0.0,NaN,NaN,1,1,0,0,0,1,1,0,0,0,0,0,0,0,0,0,0,0,1,10,3,0,1,1,0,0,0,0,0,0,1,0,0,0,30,1,0
C:\Users\syuuj\gitProject\nanohttpd\core\src\test\java\fi\iki\elonen\JavaIOTempDirExistTest.java,fi.iki.elonen.JavaIOTempDirExistTest,class,3,3,0,3,3,1,0,14,1,0.0,0.0,0.0,2,0,2,0,0,0,2,0,0,0,0,0,0,0,0,0,0,0,5,34,0,0,0,2,0,6,0,9,0,8,1,0,0,0,28,1,0
C:\Users\syuuj\gitProject\nanohttpd\webserver\src\test\java\fi\iki\elonen\TestCorsHttpServerWithSingleOrigin.java,fi.iki.elonen.TestCorsHttpServerWithSingleOrigin,class,9,9,0,9,4,2,0,19,4,0.5,0.16666667,0.16666667,4,2,4,0,0,0,4,0,0,0,2,2,0,2,0,0,0,0,2,42,0,0,0,0,0,15,3,10,0,10,0,1,0,0,58,1,0
C:\Users\syuuj\gitProject\nanohttpd\core\src\main\java\fi\iki\elonen\NanoHTTPD.java,fi.iki.elonen.NanoHTTPD$Cookie,innerclass,1,1,0,1,5,1,0,8,0,0.2,0.3,0.3,5,1,5,0,0,0,5,0,0,0,1,0,0,1,0,0,1,0,4,27,2,0,0,0,0,3,1,9,0,6,0,0,0,0,24,9,0
C:\Users\syuuj\gitProject\nanohttpd\core\src\main\java\fi\iki\elonen\NanoHTTPD.java,fi.iki.elonen.NanoHTTPD$IHTTPSession,interface,2,2,0,2,11,1,0,0,55,0.0,0.0,0.0,11,0,0,0,0,11,11,0,0,0,0,0,0,0,0,0,0,0,0,13,0,0,0,0,0,0,0,0,0,0,0,0,0,0,51,1,0
C:\Users\syuuj\gitProject\nanohttpd\nanolets\src\test\java\fi\iki\elonen\router\AppNanolets.java,fi.iki.elonen.router.AppNanolets,class,11,13,2,11,3,9,0,7,3,0.6666667,0.0,0.0,3,1,3,0,0,0,3,0,0,0,1,1,0,1,0,0,1,0,1,78,0,0,0,0,0,14,1,1,1,1,0,0,3,0,56,1,0
C:\Users\syuuj\gitProject\nanohttpd\core\src\main\java\fi\iki\elonen\NanoHTTPD.java,fi.iki.elonen.NanoHTTPD$ServerRunnable,innerclass,2,2,0,2,7,1,0,8,0,0.33333334,NaN,NaN,2,0,1,1,0,0,1,0,0,0,3,0,0,3,0,0,1,0,0,32,1,1,1,2,0,1,1,6,0,5,3,0,0,0,39,1,0
C:\Users\syuuj\gitProject\nanohttpd\websocket\src\main\java\fi\iki\elonen\NanoWSD.java,fi.iki.elonen.NanoWSD$WebSocketFrame,innerclass,5,5,0,5,79,2,0,39,118,0.729064,0.3478261,0.6884058,29,5,24,5,0,0,24,0,0,0,7,1,1,6,0,0,1,0,24,338,15,7,17,1,7,28,69,45,23,26,3,0,3,0,132,9,0
C:\Users\syuuj\gitProject\nanohttpd\core\src\main\java\fi\iki\elonen\NanoHTTPD.java,fi.iki.elonen.NanoHTTPD$Response$IStatus,interface,0,0,0,0,2,1,0,0,1,0.0,0.0,0.0,2,0,0,0,0,2,2,0,0,0,0,0,0,0,0,0,0,0,0,4,0,0,0,0,0,0,0,0,0,0,0,0,0,0,5,1,0
C:\Users\syuuj\gitProject\nanohttpd\core\src\test\java\fi\iki\elonen\HttpDeleteRequestTest.java,fi.iki.elonen.HttpDeleteRequestTest,class,3,3,0,3,5,2,0,4,10,0.0,0.0,0.0,5,0,5,0,0,0,5,0,0,0,0,0,0,0,0,0,0,0,5,32,0,0,0,0,0,47,0,15,5,10,0,0,0,0,37,1,0
C:\Users\syuuj\gitProject\nanohttpd\webserver\src\test\java\fi\iki\elonen\TestCorsHttpServerWithSingleOrigin.java,fi.iki.elonen.TestCorsHttpServerWithSingleOrigin$Anonymous1,anonymous,1,1,0,1,1,1,0,1,0,0.0,NaN,NaN,1,0,1,0,0,0,1,0,0,0,0,0,0,0,0,0,0,0,1,6,0,0,0,0,0,7,0,1,0,1,0,0,0,0,4,-1,0
C:\Users\syuuj\gitProject\nanohttpd\websocket\src\test\java\fi\iki\elonen\samples\echo\EchoWebSocketsTest.java,fi.iki.elonen.samples.echo.EchoWebSocketsTest,class,10,11,1,10,8,1,0,27,8,0.6,0.0,0.0,5,2,4,1,0,0,4,0,0,0,1,1,0,1,0,0,0,0,3,70,1,1,0,2,0,10,9,10,0,10,2,1,0,0,58,1,0
C:\Users\syuuj\gitProject\nanohttpd\webserver\src\test\java\fi\iki\elonen\TestCorsHttpServer.java,fi.iki.elonen.TestCorsHttpServer$Anonymous1,anonymous,1,1,0,1,1,1,0,1,0,0.0,NaN,NaN,1,0,1,0,0,0,1,0,0,0,0,0,0,0,0,0,0,0,1,6,0,0,0,0,0,7,0,1,0,1,0,0,0,0,3,-1,0
C:\Users\syuuj\gitProject\nanohttpd\webserver\src\test\java\fi\iki\elonen\TestHttpServer.java,fi.iki.elonen.TestHttpServer,class,9,9,0,9,26,2,0,27,89,0.85714287,0.010989011,0.010989011,14,2,14,0,0,0,14,0,0,0,2,2,0,2,0,0,0,0,3,229,0,0,9,9,0,86,18,78,4,55,2,2,0,0,161,1,0
C:\Users\syuuj\gitProject\nanohttpd\core\src\test\java\fi\iki\elonen\HttpSessionHeadersTest.java,fi.iki.elonen.HttpSessionHeadersTest,class,5,5,0,5,2,2,0,7,0,0.0,NaN,NaN,1,0,1,0,0,0,1,0,0,0,2,2,0,2,0,0,2,0,1,15,0,1,0,0,0,3,0,7,0,7,1,0,0,0,49,1,0
C:\Users\syuuj\gitProject\nanohttpd\samples\src\main\java\fi\iki\elonen\TempFilesServer.java,fi.iki.elonen.TempFilesServer,class,7,8,1,7,1,3,0,2,0,0.0,NaN,NaN,1,1,1,0,0,0,1,0,0,0,0,0,0,0,0,0,0,0,1,40,0,0,0,0,0,0,0,1,0,1,0,0,2,0,15,1,0
C:\Users\syuuj\gitProject\nanohttpd\core\src\main\java\fi\iki\elonen\NanoHTTPD.java,fi.iki.elonen.NanoHTTPD$TempFileManagerFactory,interface,1,1,0,1,1,1,0,0,0,0.0,NaN,NaN,1,0,1,0,0,0,1,0,0,0,0,0,0,0,0,0,0,0,0,3,0,0,0,0,0,0,0,0,0,0,0,0,0,0,8,1,0
C:\Users\syuuj\gitProject\nanohttpd\nanolets\src\main\java\fi\iki\elonen\router\RouterNanoHTTPD.java,fi.iki.elonen.router.RouterNanoHTTPD$UriRouter$Anonymous1,anonymous,1,1,0,1,1,1,0,0,0,0.0,NaN,NaN,1,0,1,0,0,0,1,0,0,0,0,0,0,0,0,0,0,0,0,5,1,0,0,0,0,0,0,0,1,0,0,0,0,0,4,-1,0
C:\Users\syuuj\gitProject\nanohttpd\websocket\src\main\java\fi\iki\elonen\NanoWSD.java,fi.iki.elonen.NanoWSD$WebSocketFrame$CloseCode,enum,1,1,0,1,5,1,0,2,0,0.0,1.0,1.0,3,1,2,1,0,0,2,0,0,0,1,0,0,1,0,0,1,0,1,16,3,1,1,0,0,0,12,1,0,1,2,0,0,0,38,9,0
C:\Users\syuuj\gitProject\nanohttpd\websocket\src\main\java\fi\iki\elonen\NanoWSD.java,fi.iki.elonen.NanoWSD$WebSocket,innerclass,10,10,0,10,47,1,0,29,178,0.8843537,0.025,0.033333335,21,0,9,5,7,0,16,5,0,1,7,0,0,7,0,0,4,0,1,171,4,1,18,3,4,9,1,15,0,10,2,1,0,0,78,1033,0
