file,class,NprotM,BOvR,ATFD,ATLD,LAA,BUR,FDP,line
C:\Users\syuuj\gitProject\nanohttpd\core\src\main\java\fi\iki\elonen\NanoHTTPD.java,fi.iki.elonen.NanoHTTPD$TempFile,0.0,-1.0,0.0,0.0,-1.0,-1.0,0.0,1716
C:\Users\syuuj\gitProject\nanohttpd\core\src\test\java\fi\iki\elonen\CookieTest.java,fi.iki.elonen.CookieTest,0.0,-1.0,11.0,0.0,0.0,-1.0,1.0,44
C:\Users\syuuj\gitProject\nanohttpd\core\src\test\java\fi\iki\elonen\integration\CookieIntegrationTest.java,fi.iki.elonen.integration.CookieIntegrationTest$CookieTestServer,8.0,1.0,2.0,1.0,0.33333334,0.0,2.0,57
C:\Users\syuuj\gitProject\nanohttpd\core\src\main\java\fi\iki\elonen\util\ServerRunner.java,fi.iki.elonen.util.ServerRunner,0.0,-1.0,2.0,0.0,0.0,-1.0,2.0,42
C:\Users\syuuj\gitProject\nanohttpd\core\src\test\java\fi\iki\elonen\BadRequestTest.java,fi.iki.elonen.BadRequestTest,7.0,0.0,0.0,0.0,-1.0,0.2857143,0.0,41
C:\Users\syuuj\gitProject\nanohttpd\core\src\main\java\fi\iki\elonen\NanoHTTPD.java,fi.iki.elonen.NanoHTTPD$ResponseException,0.0,0.0,0.0,3.0,1.0,-1.0,0.0,1648
C:\Users\syuuj\gitProject\nanohttpd\core\src\main\java\fi\iki\elonen\NanoHTTPD.java,fi.iki.elonen.NanoHTTPD$SecureServerSocketFactory,0.0,-1.0,6.0,4.0,0.4,-1.0,1.0,488
C:\Users\syuuj\gitProject\nanohttpd\core\src\test\java\fi\iki\elonen\CookieHandlerTest.java,fi.iki.elonen.CookieHandlerTest,7.0,0.0,18.0,8.0,0.30769232,0.14285715,8.0,55
C:\Users\syuuj\gitProject\nanohttpd\core\src\test\java\fi\iki\elonen\ServerSocketFactoryTest.java,fi.iki.elonen.ServerSocketFactoryTest,8.0,0.0,5.0,1.0,0.16666667,0.0,3.0,47
C:\Users\syuuj\gitProject\nanohttpd\core\src\main\java\fi\iki\elonen\NanoHTTPD.java,fi.iki.elonen.NanoHTTPD,0.0,-1.0,52.0,31.0,0.37349397,-1.0,19.0,151
C:\Users\syuuj\gitProject\nanohttpd\core\src\test\java\fi\iki\elonen\HttpChunkedResponseTest.java,fi.iki.elonen.HttpChunkedResponseTest,7.0,0.0,3.0,0.0,0.0,0.2857143,3.0,42
C:\Users\syuuj\gitProject\nanohttpd\core\src\test\java\fi\iki\elonen\HttpHeadRequestTest.java,fi.iki.elonen.HttpHeadRequestTest,7.0,0.0625,63.0,16.0,0.20253165,0.2857143,5.0,45
C:\Users\syuuj\gitProject\nanohttpd\core\src\test\java\fi\iki\elonen\HttpDeleteRequestTest.java,fi.iki.elonen.HttpDeleteRequestTest,7.0,0.0,13.0,5.0,0.2777778,0.2857143,3.0,41
C:\Users\syuuj\gitProject\nanohttpd\core\src\test\java\fi\iki\elonen\HttpKeepAliveTest.java,fi.iki.elonen.HttpKeepAliveTest$1,0.0,-1.0,4.0,0.0,0.0,-1.0,3.0,88
C:\Users\syuuj\gitProject\nanohttpd\core\src\test\java\fi\iki\elonen\JavaIOTempDirExistTest.java,fi.iki.elonen.JavaIOTempDirExistTest,0.0,-1.0,7.0,0.0,0.0,-1.0,3.0,48
C:\Users\syuuj\gitProject\nanohttpd\core\src\test\java\fi\iki\elonen\integration\PutStreamIntegrationTest.java,fi.iki.elonen.integration.PutStreamIntegrationTest,2.0,0.5,2.0,0.0,0.0,0.0,2.0,50
C:\Users\syuuj\gitProject\nanohttpd\core\src\main\java\fi\iki\elonen\NanoHTTPD.java,fi.iki.elonen.NanoHTTPD$Cookie,0.0,-1.0,6.0,10.0,0.625,-1.0,4.0,214
C:\Users\syuuj\gitProject\nanohttpd\core\src\main\java\fi\iki\elonen\NanoHTTPD.java,fi.iki.elonen.NanoHTTPD$DefaultTempFileManagerFactory,0.0,-1.0,0.0,0.0,-1.0,-1.0,0.0,465
C:\Users\syuuj\gitProject\nanohttpd\core\src\main\java\fi\iki\elonen\NanoHTTPD.java,fi.iki.elonen.NanoHTTPD$Method,0.0,0.0,0.0,0.0,-1.0,-1.0,0.0,1249
C:\Users\syuuj\gitProject\nanohttpd\core\src\test\java\fi\iki\elonen\HttpServerTest.java,fi.iki.elonen.HttpServerTest,0.0,-1.0,24.0,5.0,0.1724138,-1.0,15.0,71
C:\Users\syuuj\gitProject\nanohttpd\core\src\test\java\fi\iki\elonen\HttpChunkedResponseTest.java,fi.iki.elonen.HttpChunkedResponseTest$1,8.0,0.0,0.0,0.0,-1.0,0.0,0.0,88
C:\Users\syuuj\gitProject\nanohttpd\core\src\test\java\fi\iki\elonen\HttpServerTest.java,fi.iki.elonen.HttpServerTest$TestTempFileManager,0.0,0.5,0.0,0.0,-1.0,-1.0,0.0,128
C:\Users\syuuj\gitProject\nanohttpd\core\src\main\java\fi\iki\elonen\NanoHTTPD.java,fi.iki.elonen.NanoHTTPD$ClientHandler,0.0,-1.0,4.0,7.0,0.6363636,-1.0,3.0,168
C:\Users\syuuj\gitProject\nanohttpd\core\src\test\java\fi\iki\elonen\integration\GZipIntegrationTest.java,fi.iki.elonen.integration.GZipIntegrationTest$TestServer,8.0,1.0,0.0,1.0,1.0,0.0,0.0,58
C:\Users\syuuj\gitProject\nanohttpd\core\src\test\java\fi\iki\elonen\HttpServerTest.java,fi.iki.elonen.HttpServerTest$1,8.0,1.0,1.0,1.0,0.5,0.0,1.0,211
C:\Users\syuuj\gitProject\nanohttpd\core\src\test\java\fi\iki\elonen\InvalidRequestTest.java,fi.iki.elonen.InvalidRequestTest,7.0,0.0,12.0,4.0,0.25,0.14285715,1.0,40
C:\Users\syuuj\gitProject\nanohttpd\core\src\test\java\fi\iki\elonen\integration\ShutdownTest.java,fi.iki.elonen.integration.ShutdownTest,0.0,-1.0,1.0,0.0,0.0,-1.0,1.0,48
C:\Users\syuuj\gitProject\nanohttpd\core\src\main\java\fi\iki\elonen\NanoHTTPD.java,fi.iki.elonen.NanoHTTPD$Response$IStatus,0.0,-1.0,0.0,0.0,-1.0,-1.0,0.0,1285
C:\Users\syuuj\gitProject\nanohttpd\core\src\main\java\fi\iki\elonen\NanoHTTPD.java,fi.iki.elonen.NanoHTTPD$AsyncRunner,0.0,-1.0,0.0,0.0,-1.0,-1.0,0.0,156
C:\Users\syuuj\gitProject\nanohttpd\core\src\main\java\fi\iki\elonen\NanoHTTPD.java,fi.iki.elonen.NanoHTTPD$Response$ChunkedOutputStream,0.0,0.0,4.0,0.0,0.0,-1.0,2.0,1345
C:\Users\syuuj\gitProject\nanohttpd\core\src\main\java\fi\iki\elonen\NanoHTTPD.java,fi.iki.elonen.NanoHTTPD$TempFileManager,0.0,-1.0,0.0,0.0,-1.0,-1.0,0.0,1733
C:\Users\syuuj\gitProject\nanohttpd\core\src\test\java\fi\iki\elonen\HttpChunkedResponseTest.java,fi.iki.elonen.HttpChunkedResponseTest$ChunkedInputStream,0.0,0.0,0.0,7.0,1.0,-1.0,0.0,44
C:\Users\syuuj\gitProject\nanohttpd\core\src\test\java\fi\iki\elonen\integration\GZipIntegrationTest.java,fi.iki.elonen.integration.GZipIntegrationTest,2.0,0.11111111,26.0,2.0,0.071428575,0.5,6.0,56
C:\Users\syuuj\gitProject\nanohttpd\core\src\main\java\fi\iki\elonen\NanoHTTPD.java,fi.iki.elonen.NanoHTTPD$DefaultTempFileManager,0.0,-1.0,2.0,4.0,0.6666667,-1.0,2.0,428
C:\Users\syuuj\gitProject\nanohttpd\core\src\main\java\fi\iki\elonen\NanoHTTPD.java,fi.iki.elonen.NanoHTTPD$Response,0.0,-1.0,11.0,43.0,0.7962963,-1.0,9.0,1283
C:\Users\syuuj\gitProject\nanohttpd\core\src\main\java\fi\iki\elonen\NanoHTTPD.java,fi.iki.elonen.NanoHTTPD$IHTTPSession,0.0,-1.0,0.0,0.0,-1.0,-1.0,0.0,1201
C:\Users\syuuj\gitProject\nanohttpd\core\src\test\java\fi\iki\elonen\integration\GetAndPostIntegrationTest.java,fi.iki.elonen.integration.GetAndPostIntegrationTest,2.0,0.125,14.0,0.0,0.0,0.0,4.0,65
C:\Users\syuuj\gitProject\nanohttpd\core\src\test\java\fi\iki\elonen\SSLServerSocketFactoryTest.java,fi.iki.elonen.SSLServerSocketFactoryTest,7.0,0.5,12.0,2.0,0.14285715,0.2857143,7.0,55
C:\Users\syuuj\gitProject\nanohttpd\core\src\main\java\fi\iki\elonen\NanoHTTPD.java,fi.iki.elonen.NanoHTTPD$DefaultTempFile,0.0,-1.0,1.0,5.0,0.8333333,-1.0,1.0,388
C:\Users\syuuj\gitProject\nanohttpd\core\src\test\java\fi\iki\elonen\MimeTest.java,fi.iki.elonen.MimeTest,0.0,-1.0,5.0,0.0,0.0,-1.0,2.0,39
C:\Users\syuuj\gitProject\nanohttpd\core\src\test\java\fi\iki\elonen\integration\ShutdownTest.java,fi.iki.elonen.integration.ShutdownTest$TestServer,8.0,1.0,0.0,0.0,-1.0,0.0,0.0,50
C:\Users\syuuj\gitProject\nanohttpd\core\src\main\java\fi\iki\elonen\NanoHTTPD.java,fi.iki.elonen.NanoHTTPD$DefaultServerSocketFactory,0.0,-1.0,0.0,0.0,-1.0,-1.0,0.0,476
C:\Users\syuuj\gitProject\nanohttpd\core\src\test\java\fi\iki\elonen\integration\GetAndPostIntegrationTest.java,fi.iki.elonen.integration.GetAndPostIntegrationTest$TestServer,8.0,1.0,3.0,2.0,0.4,0.0,2.0,67
C:\Users\syuuj\gitProject\nanohttpd\core\src\test\java\fi\iki\elonen\integration\GetAndPostIntegrationTest.java,fi.iki.elonen.integration.GetAndPostIntegrationTest$1,0.0,0.0,0.0,0.0,-1.0,-1.0,0.0,175
C:\Users\syuuj\gitProject\nanohttpd\core\src\main\java\fi\iki\elonen\NanoHTTPD.java,fi.iki.elonen.NanoHTTPD$Response$Status,0.0,0.0,0.0,5.0,1.0,-1.0,0.0,1295
C:\Users\syuuj\gitProject\nanohttpd\core\src\main\java\fi\iki\elonen\NanoHTTPD.java,fi.iki.elonen.NanoHTTPD$Response$1,0.0,0.0,0.0,0.0,-1.0,-1.0,0.0,1401
C:\Users\syuuj\gitProject\nanohttpd\core\src\test\java\fi\iki\elonen\HttpGetRequestTest.java,fi.iki.elonen.HttpGetRequestTest,7.0,0.0,69.0,21.0,0.23333333,0.2857143,4.0,46
C:\Users\syuuj\gitProject\nanohttpd\core\src\main\java\fi\iki\elonen\NanoHTTPD.java,fi.iki.elonen.NanoHTTPD$DefaultAsyncRunner,0.0,-1.0,2.0,4.0,0.6666667,-1.0,1.0,343
C:\Users\syuuj\gitProject\nanohttpd\core\src\test\java\fi\iki\elonen\integration\CookieIntegrationTest.java,fi.iki.elonen.integration.CookieIntegrationTest,2.0,0.25,22.0,0.0,0.0,0.0,9.0,55
C:\Users\syuuj\gitProject\nanohttpd\core\src\test\java\fi\iki\elonen\integration\IntegrationTestBase.java,fi.iki.elonen.integration.IntegrationTestBase,0.0,-1.0,1.0,2.0,0.6666667,-1.0,1.0,47
C:\Users\syuuj\gitProject\nanohttpd\core\src\test\java\fi\iki\elonen\HttpParsingTest.java,fi.iki.elonen.HttpParsingTest,7.0,0.0,0.0,0.0,-1.0,0.0,0.0,40
C:\Users\syuuj\gitProject\nanohttpd\core\src\test\java\fi\iki\elonen\HttpPutRequestTest.java,fi.iki.elonen.HttpPutRequestTest,7.0,0.0,1.0,1.0,0.5,0.5714286,1.0,45
C:\Users\syuuj\gitProject\nanohttpd\core\src\main\java\fi\iki\elonen\NanoHTTPD.java,fi.iki.elonen.NanoHTTPD$ContentType,0.0,-1.0,0.0,23.0,1.0,-1.0,0.0,528
C:\Users\syuuj\gitProject\nanohttpd\core\src\test\java\fi\iki\elonen\HttpPostRequestTest.java,fi.iki.elonen.HttpPostRequestTest,7.0,0.0,14.0,59.0,0.8082192,0.42857143,2.0,48
C:\Users\syuuj\gitProject\nanohttpd\core\src\main\java\fi\iki\elonen\NanoHTTPD.java,fi.iki.elonen.NanoHTTPD$CookieHandler,0.0,-1.0,5.0,2.0,0.2857143,-1.0,4.0,255
C:\Users\syuuj\gitProject\nanohttpd\core\src\main\java\fi\iki\elonen\NanoHTTPD.java,fi.iki.elonen.NanoHTTPD$ServerRunnable,0.0,-1.0,7.0,5.0,0.41666666,-1.0,3.0,1672
C:\Users\syuuj\gitProject\nanohttpd\core\src\test\java\fi\iki\elonen\HttpServerTest.java,fi.iki.elonen.HttpServerTest$TestServer,8.0,0.33333334,6.0,11.0,0.64705884,0.125,1.0,73
C:\Users\syuuj\gitProject\nanohttpd\core\src\test\java\fi\iki\elonen\LoadKeyStoreTest.java,fi.iki.elonen.LoadKeyStoreTest,0.0,-1.0,8.0,0.0,0.0,-1.0,3.0,47
C:\Users\syuuj\gitProject\nanohttpd\core\src\test\java\fi\iki\elonen\HttpKeepAliveTest.java,fi.iki.elonen.HttpKeepAliveTest,7.0,0.0,3.0,5.0,0.625,0.14285715,2.0,44
C:\Users\syuuj\gitProject\nanohttpd\core\src\test\java\fi\iki\elonen\HttpServerTest.java,fi.iki.elonen.HttpServerTest$2,8.0,1.0,2.0,1.0,0.33333334,0.0,2.0,267
C:\Users\syuuj\gitProject\nanohttpd\core\src\test\java\fi\iki\elonen\HttpSessionHeadersTest.java,fi.iki.elonen.HttpSessionHeadersTest,7.0,0.0,4.0,1.0,0.2,0.0,3.0,46
C:\Users\syuuj\gitProject\nanohttpd\core\src\test\java\fi\iki\elonen\ServerSocketFactoryTest.java,fi.iki.elonen.ServerSocketFactoryTest$TestFactory,0.0,-1.0,0.0,0.0,-1.0,-1.0,0.0,90
C:\Users\syuuj\gitProject\nanohttpd\core\src\main\java\fi\iki\elonen\NanoHTTPD.java,fi.iki.elonen.NanoHTTPD$TempFileManagerFactory,0.0,-1.0,0.0,0.0,-1.0,-1.0,0.0,1743
C:\Users\syuuj\gitProject\nanohttpd\core\src\test\java\fi\iki\elonen\integration\PutStreamIntegrationTest.java,fi.iki.elonen.integration.PutStreamIntegrationTest$TestServer,8.0,1.0,6.0,1.0,0.14285715,0.0,4.0,52
C:\Users\syuuj\gitProject\nanohttpd\core\src\test\java\fi\iki\elonen\HttpSessionTest.java,fi.iki.elonen.HttpSessionTest,7.0,0.0,9.0,3.0,0.25,0.0,3.0,45
C:\Users\syuuj\gitProject\nanohttpd\core\src\main\java\fi\iki\elonen\NanoHTTPD.java,fi.iki.elonen.NanoHTTPD$ServerSocketFactory,0.0,-1.0,0.0,0.0,-1.0,-1.0,0.0,1751
C:\Users\syuuj\gitProject\nanohttpd\core\src\test\java\fi\iki\elonen\HttpSSLServerTest.java,fi.iki.elonen.HttpSSLServerTest,7.0,0.5,8.0,2.0,0.2,0.2857143,6.0,49
C:\Users\syuuj\gitProject\nanohttpd\core\src\main\java\fi\iki\elonen\NanoHTTPD.java,fi.iki.elonen.NanoHTTPD$HTTPSession,0.0,-1.0,71.0,88.0,0.5534591,-1.0,18.0,603
C:\Users\syuuj\gitProject\nanohttpd\fileupload\src\main\java\fi\iki\elonen\NanoFileUpload.java,fi.iki.elonen.NanoFileUpload$NanoHttpdContext,0.0,-1.0,7.0,1.0,0.125,-1.0,2.0,56
C:\Users\syuuj\gitProject\nanohttpd\fileupload\src\main\java\fi\iki\elonen\NanoFileUpload.java,fi.iki.elonen.NanoFileUpload,0.0,0.0,4.0,0.0,0.0,-1.0,3.0,54
C:\Users\syuuj\gitProject\nanohttpd\fileupload\src\test\java\fi\iki\elonen\TestNanoFileUpLoad.java,fi.iki.elonen.TestNanoFileUpLoad$TestServer,0.0,0.0,22.0,16.0,0.42105263,-1.0,9.0,84
C:\Users\syuuj\gitProject\nanohttpd\fileupload\src\test\java\fi\iki\elonen\TestNanoFileUpLoad.java,fi.iki.elonen.TestNanoFileUpLoad,0.0,-1.0,23.0,1.0,0.041666668,-1.0,10.0,80
C:\Users\syuuj\gitProject\nanohttpd\markdown-plugin\src\main\java\fi\iki\elonen\MarkdownWebServerPlugin.java,fi.iki.elonen.MarkdownWebServerPlugin,0.0,-1.0,8.0,1.0,0.11111111,-1.0,5.0,53
C:\Users\syuuj\gitProject\nanohttpd\markdown-plugin\src\main\java\fi\iki\elonen\MarkdownWebServerPluginInfo.java,fi.iki.elonen.MarkdownWebServerPluginInfo,0.0,-1.0,0.0,0.0,-1.0,-1.0,0.0,39
C:\Users\syuuj\gitProject\nanohttpd\nanolets\src\main\java\fi\iki\elonen\router\RouterNanoHTTPD.java,fi.iki.elonen.router.RouterNanoHTTPD$UriResource,0.0,-1.0,16.0,16.0,0.5,-1.0,10.0,317
C:\Users\syuuj\gitProject\nanohttpd\nanolets\src\main\java\fi\iki\elonen\router\RouterNanoHTTPD.java,fi.iki.elonen.router.RouterNanoHTTPD$NotImplementedHandler,0.0,1.0,1.0,0.0,0.0,-1.0,1.0,286
C:\Users\syuuj\gitProject\nanohttpd\nanolets\src\main\java\fi\iki\elonen\router\RouterNanoHTTPD.java,fi.iki.elonen.router.RouterNanoHTTPD$UriResponder,0.0,-1.0,0.0,0.0,-1.0,-1.0,0.0,68
C:\Users\syuuj\gitProject\nanohttpd\nanolets\src\test\java\fi\iki\elonen\router\TestNanolets.java,fi.iki.elonen.router.TestNanolets$1,0.0,-1.0,0.0,0.0,-1.0,-1.0,0.0,74
C:\Users\syuuj\gitProject\nanohttpd\nanolets\src\test\java\fi\iki\elonen\router\AppNanolets.java,fi.iki.elonen.router.AppNanolets,0.0,0.5,10.0,3.0,0.23076923,-1.0,7.0,55
C:\Users\syuuj\gitProject\nanohttpd\nanolets\src\main\java\fi\iki\elonen\router\RouterNanoHTTPD.java,fi.iki.elonen.router.RouterNanoHTTPD$GeneralHandler,0.0,1.0,5.0,2.0,0.2857143,-1.0,3.0,137
C:\Users\syuuj\gitProject\nanohttpd\nanolets\src\test\java\fi\iki\elonen\router\AppNanolets.java,fi.iki.elonen.router.AppNanolets$StreamUrl,0.0,1.0,2.0,0.0,0.0,-1.0,2.0,104
C:\Users\syuuj\gitProject\nanohttpd\nanolets\src\main\java\fi\iki\elonen\router\RouterNanoHTTPD.java,fi.iki.elonen.router.RouterNanoHTTPD$UriRouter,0.0,-1.0,4.0,7.0,0.6363636,-1.0,2.0,446
C:\Users\syuuj\gitProject\nanohttpd\nanolets\src\main\java\fi\iki\elonen\router\RouterNanoHTTPD.java,fi.iki.elonen.router.RouterNanoHTTPD,0.0,0.0,8.0,1.0,0.11111111,-1.0,5.0,61
C:\Users\syuuj\gitProject\nanohttpd\nanolets\src\main\java\fi\iki\elonen\router\RouterNanoHTTPD.java,fi.iki.elonen.router.RouterNanoHTTPD$DefaultHandler,0.0,0.75,1.0,2.0,0.6666667,-1.0,1.0,118
C:\Users\syuuj\gitProject\nanohttpd\nanolets\src\main\java\fi\iki\elonen\router\RouterNanoHTTPD.java,fi.iki.elonen.router.RouterNanoHTTPD$IndexHandler,0.0,1.0,1.0,0.0,0.0,-1.0,1.0,268
C:\Users\syuuj\gitProject\nanohttpd\nanolets\src\main\java\fi\iki\elonen\router\RouterNanoHTTPD.java,fi.iki.elonen.router.RouterNanoHTTPD$UriRouter$1,0.0,-1.0,2.0,0.0,0.0,-1.0,1.0,494
C:\Users\syuuj\gitProject\nanohttpd\nanolets\src\main\java\fi\iki\elonen\router\RouterNanoHTTPD.java,fi.iki.elonen.router.RouterNanoHTTPD$StaticPageHandler,0.0,0.6666667,10.0,2.0,0.16666667,-1.0,6.0,180
C:\Users\syuuj\gitProject\nanohttpd\nanolets\src\test\java\fi\iki\elonen\router\AppNanolets.java,fi.iki.elonen.router.AppNanolets$UserHandler,0.0,0.6,9.0,3.0,0.25,-1.0,5.0,59
C:\Users\syuuj\gitProject\nanohttpd\nanolets\src\test\java\fi\iki\elonen\router\TestNanolets.java,fi.iki.elonen.router.TestNanolets,0.0,-1.0,60.0,3.0,0.04761905,-1.0,18.0,64
C:\Users\syuuj\gitProject\nanohttpd\nanolets\src\test\java\fi\iki\elonen\router\AppNanolets.java,fi.iki.elonen.router.AppNanolets$StaticPageTestHandler,1.0,1.0,1.0,0.0,0.0,1.0,1.0,123
C:\Users\syuuj\gitProject\nanohttpd\nanolets\src\main\java\fi\iki\elonen\router\RouterNanoHTTPD.java,fi.iki.elonen.router.RouterNanoHTTPD$DefaultStreamHandler,0.0,-1.0,0.0,7.0,1.0,-1.0,0.0,85
C:\Users\syuuj\gitProject\nanohttpd\nanolets\src\main\java\fi\iki\elonen\router\RouterNanoHTTPD.java,fi.iki.elonen.router.RouterNanoHTTPD$Error404UriHandler,0.0,1.0,1.0,0.0,0.0,-1.0,1.0,248
C:\Users\syuuj\gitProject\nanohttpd\samples\src\main\java\fi\iki\elonen\TempFilesServer.java,fi.iki.elonen.TempFilesServer,0.0,0.0,2.0,0.0,0.0,-1.0,1.0,46
C:\Users\syuuj\gitProject\nanohttpd\samples\src\main\java\fi\iki\elonen\TempFilesServer.java,fi.iki.elonen.TempFilesServer$ExampleManager,0.0,-1.0,3.0,4.0,0.5714286,-1.0,3.0,48
C:\Users\syuuj\gitProject\nanohttpd\samples\src\main\java\fi\iki\elonen\TempFilesServer.java,fi.iki.elonen.TempFilesServer$ExampleManagerFactory,0.0,-1.0,0.0,0.0,-1.0,-1.0,0.0,83
C:\Users\syuuj\gitProject\nanohttpd\samples\src\main\java\fi\iki\elonen\HelloServer.java,fi.iki.elonen.HelloServer,0.0,0.0,5.0,1.0,0.16666667,-1.0,2.0,44
C:\Users\syuuj\gitProject\nanohttpd\samples\src\main\java\fi\iki\elonen\debug\DebugServer.java,fi.iki.elonen.debug.DebugServer,0.0,0.0,7.0,1.0,0.125,-1.0,2.0,43
C:\Users\syuuj\gitProject\nanohttpd\webserver\src\test\java\fi\iki\elonen\TestCorsHttpServer.java,fi.iki.elonen.TestCorsHttpServer,2.0,0.0,37.0,3.0,0.075,0.5,6.0,57
C:\Users\syuuj\gitProject\nanohttpd\webserver\src\main\java\fi\iki\elonen\WebServerPluginInfo.java,fi.iki.elonen.WebServerPluginInfo,0.0,-1.0,0.0,0.0,-1.0,-1.0,0.0,39
C:\Users\syuuj\gitProject\nanohttpd\webserver\src\test\java\fi\iki\elonen\TestCorsHttpServer.java,fi.iki.elonen.TestCorsHttpServer$1,0.0,-1.0,0.0,0.0,-1.0,-1.0,0.0,67
C:\Users\syuuj\gitProject\nanohttpd\webserver\src\test\java\fi\iki\elonen\DummyPluginInfo.java,fi.iki.elonen.DummyPluginInfo,0.0,-1.0,0.0,0.0,-1.0,-1.0,0.0,36
C:\Users\syuuj\gitProject\nanohttpd\webserver\src\test\java\fi\iki\elonen\AbstractTestHttpServer.java,fi.iki.elonen.AbstractTestHttpServer,0.0,-1.0,1.0,0.0,0.0,-1.0,1.0,44
C:\Users\syuuj\gitProject\nanohttpd\webserver\src\test\java\fi\iki\elonen\TestHttpServer.java,fi.iki.elonen.TestHttpServer,2.0,0.0,49.0,3.0,0.057692308,0.5,5.0,55
C:\Users\syuuj\gitProject\nanohttpd\webserver\src\test\java\fi\iki\elonen\TestHttpServer.java,fi.iki.elonen.TestHttpServer$1,0.0,-1.0,0.0,0.0,-1.0,-1.0,0.0,65
C:\Users\syuuj\gitProject\nanohttpd\webserver\src\test\java\fi\iki\elonen\TestHttpServer.java,fi.iki.elonen.TestHttpServer$2,0.0,-1.0,0.0,0.0,-1.0,-1.0,0.0,155
C:\Users\syuuj\gitProject\nanohttpd\webserver\src\test\java\fi\iki\elonen\DummyPlugin.java,fi.iki.elonen.DummyPlugin,0.0,-1.0,3.0,0.0,0.0,-1.0,3.0,45
C:\Users\syuuj\gitProject\nanohttpd\webserver\src\main\java\fi\iki\elonen\InternalRewrite.java,fi.iki.elonen.InternalRewrite,0.0,0.0,2.0,4.0,0.6666667,-1.0,2.0,44
C:\Users\syuuj\gitProject\nanohttpd\webserver\src\test\java\fi\iki\elonen\TestCorsHttpServerWithSingleOrigin.java,fi.iki.elonen.TestCorsHttpServerWithSingleOrigin,2.0,0.0,14.0,3.0,0.1764706,0.5,5.0,57
C:\Users\syuuj\gitProject\nanohttpd\webserver\src\main\java\fi\iki\elonen\SimpleWebServer.java,fi.iki.elonen.SimpleWebServer$1,0.0,0.0,0.0,0.0,-1.0,-1.0,0.0,63
C:\Users\syuuj\gitProject\nanohttpd\webserver\src\main\java\fi\iki\elonen\WebServerPlugin.java,fi.iki.elonen.WebServerPlugin,0.0,-1.0,0.0,0.0,-1.0,-1.0,0.0,44
C:\Users\syuuj\gitProject\nanohttpd\webserver\src\main\java\fi\iki\elonen\SimpleWebServer.java,fi.iki.elonen.SimpleWebServer,0.0,0.0,50.0,21.0,0.29577464,-1.0,13.0,57
C:\Users\syuuj\gitProject\nanohttpd\webserver\src\main\java\fi\iki\elonen\SimpleWebServer.java,fi.iki.elonen.SimpleWebServer$2,0.0,-1.0,0.0,0.0,-1.0,-1.0,0.0,299
C:\Users\syuuj\gitProject\nanohttpd\webserver\src\main\java\fi\iki\elonen\SimpleWebServer.java,fi.iki.elonen.SimpleWebServer$3,0.0,-1.0,0.0,0.0,-1.0,-1.0,0.0,307
C:\Users\syuuj\gitProject\nanohttpd\webserver\src\test\java\fi\iki\elonen\TestCorsHttpServerWithSingleOrigin.java,fi.iki.elonen.TestCorsHttpServerWithSingleOrigin$1,0.0,-1.0,0.0,0.0,-1.0,-1.0,0.0,67
C:\Users\syuuj\gitProject\nanohttpd\websocket\src\test\java\fi\iki\elonen\WebSocketResponseHandlerTest.java,fi.iki.elonen.WebSocketResponseHandlerTest$MockedWSD,4.0,0.0,0.0,0.0,-1.0,0.0,0.0,71
C:\Users\syuuj\gitProject\nanohttpd\websocket\src\test\java\fi\iki\elonen\samples\echo\SimpleEchoSocket.java,fi.iki.elonen.samples.echo.SimpleEchoSocket,0.0,-1.0,4.0,4.0,0.5,-1.0,4.0,53
C:\Users\syuuj\gitProject\nanohttpd\websocket\src\main\java\fi\iki\elonen\NanoWSD.java,fi.iki.elonen.NanoWSD$WebSocketFrame$CloseCode,0.0,0.0,0.0,3.0,1.0,-1.0,0.0,309
C:\Users\syuuj\gitProject\nanohttpd\websocket\src\main\java\fi\iki\elonen\NanoWSD.java,fi.iki.elonen.NanoWSD,0.0,0.0,18.0,15.0,0.45454547,-1.0,8.0,55
C:\Users\syuuj\gitProject\nanohttpd\websocket\src\main\java\fi\iki\elonen\NanoWSD.java,fi.iki.elonen.NanoWSD$WebSocket,0.0,-1.0,46.0,23.0,0.33333334,-1.0,9.0,65
C:\Users\syuuj\gitProject\nanohttpd\websocket\src\main\java\fi\iki\elonen\NanoWSD.java,fi.iki.elonen.NanoWSD$WebSocketException,0.0,0.0,1.0,4.0,0.8,-1.0,1.0,276
C:\Users\syuuj\gitProject\nanohttpd\websocket\src\main\java\fi\iki\elonen\samples\echo\EchoSocketSample.java,fi.iki.elonen.samples.echo.EchoSocketSample,0.0,-1.0,2.0,0.0,0.0,-1.0,1.0,40
C:\Users\syuuj\gitProject\nanohttpd\websocket\src\main\java\fi\iki\elonen\NanoWSD.java,fi.iki.elonen.NanoWSD$WebSocketFrame,0.0,-1.0,30.0,89.0,0.7478992,-1.0,5.0,307
C:\Users\syuuj\gitProject\nanohttpd\websocket\src\main\java\fi\iki\elonen\NanoWSD.java,fi.iki.elonen.NanoWSD$WebSocket$1,0.0,0.0,5.0,0.0,0.0,-1.0,2.0,79
C:\Users\syuuj\gitProject\nanohttpd\websocket\src\main\java\fi\iki\elonen\NanoWSD.java,fi.iki.elonen.NanoWSD$WebSocketFrame$OpCode,0.0,0.0,0.0,6.0,1.0,-1.0,0.0,384
C:\Users\syuuj\gitProject\nanohttpd\websocket\src\test\java\fi\iki\elonen\WebSocketResponseHandlerTest.java,fi.iki.elonen.WebSocketResponseHandlerTest$MockedWSD$1,7.0,1.0,0.0,0.0,-1.0,0.0,0.0,83
C:\Users\syuuj\gitProject\nanohttpd\websocket\src\main\java\fi\iki\elonen\NanoWSD.java,fi.iki.elonen.NanoWSD$State,0.0,0.0,0.0,0.0,-1.0,-1.0,0.0,57
C:\Users\syuuj\gitProject\nanohttpd\websocket\src\main\java\fi\iki\elonen\samples\echo\DebugWebSocketServer.java,fi.iki.elonen.samples.echo.DebugWebSocketServer,4.0,0.0,0.0,1.0,1.0,0.0,0.0,46
C:\Users\syuuj\gitProject\nanohttpd\websocket\src\main\java\fi\iki\elonen\samples\echo\DebugWebSocketServer.java,fi.iki.elonen.samples.echo.DebugWebSocketServer$DebugWebSocket,7.0,1.0,6.0,1.0,0.14285715,0.0,3.0,65
C:\Users\syuuj\gitProject\nanohttpd\websocket\src\test\java\fi\iki\elonen\samples\echo\EchoWebSocketsTest.java,fi.iki.elonen.samples.echo.EchoWebSocketsTest,0.0,-1.0,14.0,1.0,0.06666667,-1.0,6.0,53
C:\Users\syuuj\gitProject\nanohttpd\websocket\src\test\java\fi\iki\elonen\samples\echo\EchoWebSocketsTest.java,fi.iki.elonen.samples.echo.EchoWebSocketsTest$1,0.0,-1.0,1.0,0.0,0.0,-1.0,1.0,75
C:\Users\syuuj\gitProject\nanohttpd\websocket\src\test\java\fi\iki\elonen\WebSocketResponseHandlerTest.java,fi.iki.elonen.WebSocketResponseHandlerTest,0.0,-1.0,33.0,9.0,0.21428572,-1.0,10.0,62
C:\Users\syuuj\gitProject\nanohttpd\websocket\src\main\java\fi\iki\elonen\NanoWSD.java,fi.iki.elonen.NanoWSD$WebSocketFrame$CloseFrame,0.0,0.0,12.0,4.0,0.25,-1.0,4.0,343
