file,class,type,dit_x,fanin_x,fanout_x,lcc_x,lcom*_x,loc_x,noc_x,rfc_x,innerClassesQty_x,totalFieldsQty_x,totalMethodsQty_x,wmc_x,NprotM_x,BOvR_x,ATFD_x,ATLD_x,LAA_x,BUR_x,FDP_x,line_x,dit_y,fanin_y,fanout_y,lcc_y,lcom*_y,loc_y,noc_y,rfc_y,innerClassesQty_y,totalFieldsQty_y,totalMethodsQty_y,wmc_y,NprotM_y,BOvR_y,ATFD_y,ATLD_y,LAA_y,BUR_y,FDP_y,line_y
C:\Users\syuuj\gitProject\xdm\app\src\main\java\xdman\ui\components\BatchDownloadWnd.java,xdman.ui.components.BatchDownloadWnd,class,6,5,21,0.0,0.72727275,264,0,93,0,11,6,27,0.0,0.0,233.0,21.0,0.08267716,-1.0,36.0,49,6.0,5.0,21.0,0.0,0.72727275,264.0,0.0,93.0,0.0,11.0,6.0,27.0,0.0,0.0,234.0,21.0,0.08235294,-1.0,37.0,49.0
C:\Users\syuuj\gitProject\xdm\app\src\main\java\xdman\ui\components\SettingsPage.java,xdman.ui.components.SettingsPage$243,anonymous,1,0,1,,0.0,23,0,6,0,0,1,7,0.0,0.0,12.0,0.0,0.0,-1.0,1.0,243,,,,,,,,,,,,,,,,,,,,
C:\Users\syuuj\gitProject\xdm\app\src\main\java\xdman\ui\components\CustomButton.java,xdman.ui.components.CustomButton,class,6,26,2,0.21978022,0.7733334,71,0,7,0,3,15,19,0.0,0.0,6.0,17.0,0.73913044,-1.0,3.0,10,6.0,26.0,2.0,0.21978022,0.7733334,71.0,0.0,7.0,0.0,3.0,15.0,19.0,0.0,0.0,6.0,17.0,0.73913044,-1.0,3.0,10.0
C:\Users\syuuj\gitProject\xdm\app\src\main\java\xdman\ui\components\VideoConversionWnd.java,xdman.ui.components.VideoConversionWnd$644,anonymous,1,0,1,,0.0,5,0,1,0,0,1,1,0.0,-1.0,0.0,0.0,-1.0,-1.0,0.0,644,1.0,0.0,1.0,,0.0,5.0,0.0,1.0,0.0,0.0,1.0,1.0,0.0,-1.0,0.0,0.0,-1.0,-1.0,0.0,644.0
C:\Users\syuuj\gitProject\xdm\app\src\main\java\xdman\monitoring\ParsedHookData.java,xdman.monitoring.ParsedHookData,class,1,7,7,0.33918127,0.8677249,172,0,32,0,8,21,48,0.0,-1.0,12.0,32.0,0.72727275,-1.0,6.0,15,1.0,7.0,7.0,0.33918127,0.8677249,172.0,0.0,32.0,0.0,8.0,21.0,48.0,0.0,-1.0,12.0,32.0,0.72727275,-1.0,6.0,15.0
C:\Users\syuuj\gitProject\xdm\app\src\main\java\xdman\ui\components\SimpleCheckboxRender.java,xdman.ui.components.SimpleCheckboxRender,class,7,2,6,0.0,1.0,25,0,16,0,1,2,5,0.0,0.0,22.0,0.0,0.0,-1.0,8.0,13,7.0,2.0,6.0,0.0,1.0,25.0,0.0,16.0,0.0,1.0,2.0,5.0,0.0,0.0,22.0,0.0,0.0,-1.0,8.0,13.0
C:\Users\syuuj\gitProject\xdm\app\src\main\java\xdman\ui\components\RefreshUrlPage.java,xdman.ui.components.RefreshUrlPage$106,anonymous,1,0,4,,0.0,7,0,5,0,0,1,3,0.0,-1.0,2.0,0.0,0.0,-1.0,1.0,106,,,,,,,,,,,,,,,,,,,,
C:\Users\syuuj\gitProject\xdm\app\src\main\java\xdman\util\UpdateChecker.java,xdman.util.UpdateChecker$74,anonymous,1,0,0,,0.0,5,0,1,0,0,1,1,0.0,-1.0,0.0,0.0,-1.0,-1.0,0.0,74,1.0,0.0,0.0,,0.0,5.0,0.0,1.0,0.0,0.0,1.0,1.0,0.0,-1.0,0.0,0.0,-1.0,-1.0,0.0,74.0
C:\Users\syuuj\gitProject\xdm\app\src\main\java\xdman\downloaders\dash\DashDownloader.java,xdman.downloaders.dash.DashDownloader$622,anonymous,1,0,4,,0.0,22,0,6,0,0,1,4,0.0,-1.0,7.0,0.0,0.0,-1.0,3.0,622,1.0,0.0,4.0,,0.0,22.0,0.0,6.0,0.0,0.0,1.0,4.0,0.0,-1.0,7.0,0.0,0.0,-1.0,3.0,622.0
C:\Users\syuuj\gitProject\xdm\app\src\main\java\xdman\ui\components\SpeedLimiter.java,xdman.ui.components.SpeedLimiter,class,1,2,3,,0.0,28,0,7,0,0,1,6,0.0,-1.0,10.0,0.0,0.0,-1.0,5.0,9,1.0,2.0,3.0,,0.0,28.0,0.0,7.0,0.0,0.0,1.0,6.0,0.0,-1.0,10.0,0.0,0.0,-1.0,5.0,9.0
C:\Users\syuuj\gitProject\xdm\app\src\main\java\xdman\ui\components\XDMFileChooser.java,xdman.ui.components.XDMFileChooser,class,1,3,0,,0.0,18,0,3,0,1,1,4,0.0,-1.0,4.0,3.0,0.42857143,-1.0,1.0,7,1.0,3.0,0.0,,0.0,18.0,0.0,3.0,0.0,1.0,1.0,4.0,0.0,-1.0,4.0,3.0,0.42857143,-1.0,1.0,7.0
C:\Users\syuuj\gitProject\xdm\app\src\main\java\xdman\ui\components\MediaDownloaderWnd.java,xdman.ui.components.MediaDownloaderWnd$467$481,anonymous,1,0,5,,0.0,18,0,7,0,0,1,4,0.0,-1.0,8.0,0.0,0.0,-1.0,5.0,481,1.0,0.0,5.0,,0.0,18.0,0.0,7.0,0.0,0.0,1.0,4.0,0.0,-1.0,8.0,0.0,0.0,-1.0,5.0,481.0
C:\Users\syuuj\gitProject\xdm\app\src\main\java\xdman\ui\components\XDMFrame.java,xdman.ui.components.XDMFrame,class,7,8,10,0.27941176,0.93031377,346,1,52,2,19,21,35,0.0,0.0,131.0,48.0,0.26815644,-1.0,18.0,47,7.0,8.0,10.0,0.27941176,0.9291821,316.0,1.0,52.0,1.0,17.0,21.0,35.0,0.0,0.0,131.0,48.0,0.26815644,-1.0,18.0,39.0
C:\Users\syuuj\gitProject\xdm\app\src\main\java\xdman\ui\components\MessageBox.java,xdman.ui.components.MessageBox$MsgBoxFocusTraversalPolicy,innerclass,2,0,0,1.0,0.0,27,0,5,0,1,6,7,0.0,0.0,4.0,1.0,0.2,-1.0,1.0,288,2.0,0.0,0.0,1.0,0.0,27.0,0.0,5.0,0.0,1.0,6.0,7.0,0.0,0.0,4.0,1.0,0.2,-1.0,1.0,279.0
C:\Users\syuuj\gitProject\xdm\app\src\main\java\xdman\ui\components\QueuedItemsRenderer.java,xdman.ui.components.QueuedItemsRenderer,class,5,2,7,0.0,1.0,28,0,16,0,1,2,5,0.0,0.0,20.0,0.0,0.0,-1.0,8.0,18,5.0,2.0,7.0,0.0,1.0,28.0,0.0,16.0,0.0,1.0,2.0,5.0,0.0,0.0,20.0,0.0,0.0,-1.0,8.0,18.0
C:\Users\syuuj\gitProject\xdm\app\src\main\java\xdman\MonitoringListener.java,xdman.MonitoringListener,interface,1,3,0,,0.0,3,0,0,0,0,1,1,0.0,-1.0,0.0,0.0,-1.0,-1.0,0.0,3,1.0,3.0,0.0,,0.0,3.0,0.0,0.0,0.0,0.0,1.0,1.0,0.0,-1.0,0.0,0.0,-1.0,-1.0,0.0,3.0
C:\Users\syuuj\gitProject\xdm\app\src\main\java\xdman\QueueManager.java,xdman.QueueManager,class,1,9,8,0.75,0.5,215,0,53,0,2,10,54,0.0,-1.0,48.0,9.0,0.15789473,-1.0,7.0,21,1.0,9.0,8.0,0.75,0.5,215.0,0.0,53.0,0.0,2.0,10.0,54.0,0.0,-1.0,48.0,9.0,0.15789473,-1.0,7.0,21.0
C:\Users\syuuj\gitProject\xdm\app\src\main\java\xdman\ui\components\MainWindow.java,xdman.ui.components.MainWindow$107,anonymous,1,0,2,,0.0,5,0,4,0,0,1,2,0.0,-1.0,4.0,0.0,0.0,-1.0,3.0,107,,,,,,,,,,,,,,,,,,,,
C:\Users\syuuj\gitProject\xdm\app\src\main\java\xdman\monitoring\MonitoringSession.java,xdman.monitoring.MonitoringSession,class,1,2,29,0.0,0.773913,679,0,146,0,5,23,164,0.0,-1.0,200.0,26.0,0.11504425,-1.0,24.0,35,1.0,2.0,28.0,0.0,0.78333336,687.0,0.0,150.0,0.0,5.0,24.0,162.0,0.0,-1.0,211.0,26.0,0.10970464,-1.0,22.0,34.0
C:\Users\syuuj\gitProject\xdm\app\src\main\java\xdman\downloaders\SegmentListener.java,xdman.downloaders.SegmentListener,interface,1,8,2,0.0,0.0,13,0,0,0,0,11,11,0.0,-1.0,0.0,0.0,-1.0,-1.0,0.0,5,1.0,8.0,2.0,0.0,0.0,13.0,0.0,0.0,0.0,0.0,11.0,11.0,0.0,-1.0,0.0,0.0,-1.0,-1.0,0.0,5.0
C:\Users\syuuj\gitProject\xdm\app\src\main\java\xdman\network\http\proxy\ProxyInfo.java,xdman.network.http.proxy.ProxyInfo,class,1,1,0,0.6545454,0.5681818,80,0,7,0,4,11,25,0.0,-1.0,0.0,23.0,1.0,-1.0,0.0,4,1.0,1.0,0.0,0.6545454,0.5681818,80.0,0.0,7.0,0.0,4.0,11.0,25.0,0.0,-1.0,0.0,23.0,1.0,-1.0,0.0,4.0
C:\Users\syuuj\gitProject\xdm\app\src\main\java\xdman\network\http\HttpContext.java,xdman.network.http.HttpContext$132,anonymous,1,0,1,,0.0,12,0,9,0,0,1,2,0.0,0.0,12.0,0.0,0.0,-1.0,3.0,132,1.0,0.0,1.0,,0.0,12.0,0.0,9.0,0.0,0.0,1.0,2.0,0.0,0.0,12.0,0.0,0.0,-1.0,3.0,132.0
C:\Users\syuuj\gitProject\xdm\app\src\main\java\xdman\network\http\HttpContext.java,xdman.network.http.HttpContext,class,1,4,3,0.16666667,0.6666667,71,0,9,0,3,5,9,0.0,-1.0,18.0,8.0,0.30769232,-1.0,6.0,20,1.0,4.0,3.0,0.16666667,0.6666667,71.0,0.0,9.0,0.0,3.0,5.0,9.0,0.0,-1.0,18.0,8.0,0.30769232,-1.0,6.0,20.0
C:\Users\syuuj\gitProject\xdm\app\src\main\java\xdman\ui\components\MediaDownloaderWnd.java,xdman.ui.components.MediaDownloaderWnd$285,anonymous,1,0,0,0.0,0.0,7,0,1,0,0,2,2,0.0,0.0,0.0,0.0,-1.0,-1.0,0.0,285,1.0,0.0,0.0,0.0,0.0,7.0,0.0,1.0,0.0,0.0,2.0,2.0,0.0,0.0,0.0,0.0,-1.0,-1.0,0.0,285.0
C:\Users\syuuj\gitProject\xdm\app\src\main\java\xdman\ui\components\DownloadListView.java,xdman.ui.components.DownloadListView,class,1,2,6,1.0,0.25,33,0,15,0,2,4,5,0.0,-1.0,15.0,6.0,0.2857143,-1.0,7.0,12,1.0,2.0,6.0,1.0,0.25,33.0,0.0,15.0,0.0,2.0,4.0,5.0,0.0,-1.0,15.0,6.0,0.2857143,-1.0,7.0,12.0
C:\Users\syuuj\gitProject\xdm\app\src\main\java\xdman\network\KeepAliveConnectionCache.java,xdman.network.KeepAliveConnectionCache,class,1,2,2,0.6666667,0.7083333,92,0,22,0,6,8,22,0.0,-1.0,15.0,15.0,0.5,-1.0,2.0,7,1.0,2.0,2.0,0.6666667,0.7083333,92.0,0.0,22.0,0.0,6.0,8.0,22.0,0.0,-1.0,15.0,15.0,0.5,-1.0,2.0,7.0
C:\Users\syuuj\gitProject\xdm\app\src\main\java\xdman\videoparser\YdlResponse.java,xdman.videoparser.YdlResponse$YdlMediaFormat,innerclass,1,0,1,,0.90909094,14,0,0,0,9,1,1,0.0,-1.0,0.0,1.0,1.0,-1.0,0.0,517,1.0,0.0,1.0,,0.90909094,14.0,0.0,0.0,0.0,9.0,1.0,1.0,0.0,-1.0,0.0,1.0,1.0,-1.0,0.0,517.0
C:\Users\syuuj\gitProject\xdm\app\src\main\java\xdman\XDMApp.java,xdman.XDMApp$481,anonymous,1,0,4,,0.0,12,0,5,0,0,1,3,0.0,-1.0,5.0,0.0,0.0,-1.0,3.0,481,,,,,,,,,,,,,,,,,,,,
C:\Users\syuuj\gitProject\xdm\app\src\main\java\xdman\XDMApp.java,xdman.XDMApp$107,anonymous,1,0,3,,0.0,9,0,4,0,0,1,2,0.0,-1.0,0.0,0.0,-1.0,-1.0,0.0,107,,,,,,,,,,,,,,,,,,,,
C:\Users\syuuj\gitProject\xdm\app\src\main\java\xdman\XDMApp.java,xdman.XDMApp$501,anonymous,1,0,2,,0.0,6,0,4,0,0,1,1,0.0,-1.0,2.0,0.0,0.0,-1.0,2.0,501,,,,,,,,,,,,,,,,,,,,
C:\Users\syuuj\gitProject\xdm\app\src\main\java\xdman\ui\components\MediaFormatWnd.java,xdman.ui.components.MediaFormatWnd$146,anonymous,1,0,2,,0.0,16,0,9,0,0,1,4,0.0,-1.0,5.0,0.0,0.0,-1.0,5.0,146,1.0,0.0,2.0,,0.0,16.0,0.0,9.0,0.0,0.0,1.0,4.0,0.0,-1.0,5.0,0.0,0.0,-1.0,5.0,146.0
C:\Users\syuuj\gitProject\xdm\app\src\main\java\xdman\downloaders\metadata\manifests\F4MManifest.java,xdman.downloaders.metadata.manifests.F4MManifest$296,anonymous,1,0,0,0.0,0.0,14,0,1,0,0,3,4,0.0,-1.0,0.0,0.0,-1.0,-1.0,0.0,296,1.0,0.0,0.0,0.0,0.0,14.0,0.0,1.0,0.0,0.0,3.0,4.0,0.0,-1.0,0.0,0.0,-1.0,-1.0,0.0,296.0
C:\Users\syuuj\gitProject\xdm\app\src\main\java\xdman\ui\components\TrayHandler.java,xdman.ui.components.TrayHandler$116,anonymous,1,0,2,,0.0,6,0,4,0,0,1,1,0.0,-1.0,2.0,0.0,0.0,-1.0,1.0,116,1.0,0.0,2.0,,0.0,6.0,0.0,4.0,0.0,0.0,1.0,1.0,0.0,-1.0,2.0,0.0,0.0,-1.0,1.0,116.0
C:\Users\syuuj\gitProject\xdm\app\src\main\java\xdman\network\http\proxy\BrowserProxyInfo.java,xdman.network.http.proxy.BrowserProxyInfo,class,1,1,0,0.04032258,0.93333334,128,0,3,0,15,32,37,0.0,-1.0,3.0,36.0,0.9230769,-1.0,1.0,6,1.0,1.0,0.0,0.04032258,0.93333334,128.0,0.0,3.0,0.0,15.0,32.0,37.0,0.0,-1.0,3.0,36.0,0.9230769,-1.0,1.0,6.0
C:\Users\syuuj\gitProject\xdm\app\src\main\java\xdman\network\SocketFactory.java,xdman.network.SocketFactory,class,1,1,5,0.0,0.0,35,0,15,0,0,2,6,0.0,-1.0,13.0,0.0,0.0,-1.0,4.0,13,1.0,1.0,5.0,0.0,0.0,35.0,0.0,15.0,0.0,0.0,2.0,6.0,0.0,-1.0,13.0,0.0,0.0,-1.0,4.0,13.0
C:\Users\syuuj\gitProject\xdm\app\src\main\java\xdman\ui\components\XDMFrame.java,xdman.ui.components.XDMFrame$357,anonymous,1,0,0,,0.0,5,0,2,0,0,1,1,0.0,-1.0,3.0,0.0,0.0,-1.0,2.0,357,,,,,,,,,,,,,,,,,,,,
C:\Users\syuuj\gitProject\xdm\app\src\main\java\xdman\ui\components\XDMFrame.java,xdman.ui.components.XDMFrame$380,anonymous,1,0,1,,0.0,7,0,1,0,0,1,2,0.0,-1.0,2.0,0.0,0.0,-1.0,1.0,380,,,,,,,,,,,,,,,,,,,,
C:\Users\syuuj\gitProject\xdm\app\src\main\java\xdman\ui\components\MessageBox.java,xdman.ui.components.MessageBox$194,anonymous,1,0,0,0.0,0.0,8,0,1,0,0,2,2,0.0,-1.0,3.0,0.0,0.0,-1.0,2.0,194,,,,,,,,,,,,,,,,,,,,
C:\Users\syuuj\gitProject\xdm\app\src\main\java\xdman\ui\components\XDMFrame.java,xdman.ui.components.XDMFrame$200,anonymous,1,0,0,,0.0,7,0,4,0,0,1,1,0.0,0.0,4.0,0.0,0.0,-1.0,4.0,200,,,,,,,,,,,,,,,,,,,,
C:\Users\syuuj\gitProject\xdm\app\src\main\java\xdman\network\NetworkException.java,xdman.network.NetworkException,class,4,2,0,,0.0,5,0,0,0,0,1,1,0.0,0.0,0.0,0.0,-1.0,-1.0,0.0,6,4.0,2.0,0.0,,0.0,5.0,0.0,0.0,0.0,0.0,1.0,1.0,0.0,0.0,0.0,0.0,-1.0,-1.0,0.0,6.0
C:\Users\syuuj\gitProject\xdm\app\src\main\java\xdman\ui\res\CustomButton.java,xdman.ui.res.CustomButton,class,6,0,0,0.0,1.0,11,0,0,0,1,3,3,0.0,0.0,0.0,0.0,-1.0,-1.0,0.0,6,6.0,0.0,0.0,0.0,1.0,11.0,0.0,0.0,0.0,1.0,3.0,3.0,0.0,0.0,0.0,0.0,-1.0,-1.0,0.0,6.0
C:\Users\syuuj\gitProject\xdm\app\src\main\java\xdman\ui\components\ComponentInstaller.java,xdman.ui.components.ComponentInstaller,class,6,4,15,0.027777778,0.86666673,178,0,60,0,7,15,31,0.0,0.0,81.0,15.0,0.15625,-1.0,22.0,40,6.0,4.0,15.0,0.027777778,0.86666673,178.0,0.0,60.0,0.0,7.0,15.0,31.0,0.0,0.0,81.0,15.0,0.15625,-1.0,22.0,40.0
C:\Users\syuuj\gitProject\xdm\app\src\main\java\xdman\downloaders\metadata\manifests\F4MManifest.java,xdman.downloaders.metadata.manifests.F4MManifest,class,1,3,16,0.23809524,0.8945454,649,0,83,5,18,25,116,0.0,-1.0,119.0,112.0,0.4848485,-1.0,16.0,22,1.0,3.0,16.0,0.23809524,0.8945454,649.0,0.0,83.0,5.0,18.0,25.0,116.0,0.0,-1.0,119.0,112.0,0.4848485,-1.0,16.0,22.0
C:\Users\syuuj\gitProject\xdm\app\src\main\java\xdman\mediaconversion\MediaFormatInfo.java,xdman.mediaconversion.MediaFormatInfo,class,1,3,0,-1.0,,5,0,0,0,3,0,0,0.0,-1.0,0.0,0.0,-1.0,-1.0,0.0,5,1.0,3.0,0.0,-1.0,,5.0,0.0,0.0,0.0,3.0,0.0,0.0,0.0,-1.0,0.0,0.0,-1.0,-1.0,0.0,5.0
C:\Users\syuuj\gitProject\xdm\app\src\main\java\xdman\preview\FFmpegStream.java,xdman.preview.FFmpegStream,class,2,2,4,1.0,0.5277778,105,0,21,0,5,6,19,0.0,0.0,8.0,13.0,0.61904764,-1.0,5.0,11,2.0,2.0,4.0,1.0,0.5277778,105.0,0.0,21.0,0.0,5.0,6.0,19.0,0.0,0.0,8.0,13.0,0.61904764,-1.0,5.0,11.0
C:\Users\syuuj\gitProject\xdm\app\src\main\java\xdman\downloaders\hls\HlsPlaylistItem.java,xdman.downloaders.hls.HlsPlaylistItem,class,1,4,0,0.8666667,0.73333335,53,0,0,0,1,15,15,0.0,-1.0,0.0,24.0,1.0,-1.0,0.0,3,1.0,4.0,0.0,0.8666667,0.73333335,53.0,0.0,0.0,0.0,1.0,15.0,15.0,0.0,-1.0,0.0,24.0,1.0,-1.0,0.0,3.0
C:\Users\syuuj\gitProject\xdm\app\src\main\java\xdman\ui\laf\XDMProgressBarUI.java,xdman.ui.laf.XDMProgressBarUI,class,4,2,2,0.0,0.0,49,0,13,0,0,4,12,0.0,0.0,34.0,0.0,0.0,-1.0,9.0,15,4.0,2.0,2.0,0.0,0.0,49.0,0.0,13.0,0.0,0.0,4.0,12.0,0.0,0.0,34.0,0.0,0.0,-1.0,9.0,15.0
C:\Users\syuuj\gitProject\xdm\app\src\main\java\xdman\ui\components\MainWindow.java,xdman.ui.components.MainWindow$1064,anonymous,1,0,3,0.0,0.0,24,0,17,0,0,2,11,0.0,0.0,12.0,0.0,0.0,-1.0,4.0,1064,,,,,,,,,,,,,,,,,,,,
C:\Users\syuuj\gitProject\xdm\app\src\main\java\xdman\ui\components\MediaFormatWnd.java,xdman.ui.components.MediaFormatWnd$292,anonymous,1,0,2,,0.0,18,0,24,0,0,1,2,0.0,-1.0,47.0,0.0,0.0,-1.0,4.0,292,1.0,0.0,2.0,,0.0,18.0,0.0,24.0,0.0,0.0,1.0,2.0,0.0,-1.0,47.0,0.0,0.0,-1.0,4.0,292.0
C:\Users\syuuj\gitProject\xdm\app\src\main\java\xdman\util\Base64.java,xdman.util.Base64,class,1,3,1,1.0,0.0,50,0,7,0,1,2,12,0.0,-1.0,1.0,0.0,0.0,-1.0,1.0,3,1.0,2.0,1.0,1.0,0.0,50.0,0.0,7.0,0.0,1.0,2.0,12.0,0.0,-1.0,1.0,0.0,0.0,-1.0,1.0,3.0
C:\Users\syuuj\gitProject\xdm\app\src\main\java\xdman\ui\laf\XDMLabelUI.java,xdman.ui.laf.XDMLabelUI,class,4,2,1,0.0,0.0,11,0,2,0,0,2,2,0.0,0.0,6.0,0.0,0.0,-1.0,2.0,11,4.0,2.0,1.0,,0.0,5.0,0.0,0.0,0.0,0.0,1.0,1.0,0.0,0.0,0.0,0.0,-1.0,-1.0,0.0,7.0
C:\Users\syuuj\gitProject\xdm\app\src\main\java\xdman\ui\components\MediaConversionWnd.java,xdman.ui.components.MediaConversionWnd$228,anonymous,1,0,1,,0.0,5,0,1,0,0,1,1,0.0,-1.0,0.0,0.0,-1.0,-1.0,0.0,228,1.0,0.0,1.0,,0.0,5.0,0.0,1.0,0.0,0.0,1.0,1.0,0.0,-1.0,0.0,0.0,-1.0,-1.0,0.0,228.0
C:\Users\syuuj\gitProject\xdm\app\src\main\java\xdman\preview\Chunk.java,xdman.preview.Chunk,class,1,3,0,-1.0,,5,0,0,0,3,0,0,0.0,-1.0,0.0,0.0,-1.0,-1.0,0.0,3,1.0,3.0,0.0,-1.0,,5.0,0.0,0.0,0.0,3.0,0.0,0.0,0.0,-1.0,0.0,0.0,-1.0,-1.0,0.0,3.0
C:\Users\syuuj\gitProject\xdm\app\src\main\java\xdman\ui\components\MainWindow.java,xdman.ui.components.MainWindow$756,anonymous,1,0,1,,0.0,5,0,1,0,0,1,1,0.0,-1.0,0.0,0.0,-1.0,-1.0,0.0,756,,,,,,,,,,,,,,,,,,,,
C:\Users\syuuj\gitProject\xdm\app\src\main\java\xdman\ui\components\ComponentInstaller.java,xdman.ui.components.ComponentInstaller$214,anonymous,1,0,1,,0.0,5,0,1,0,0,1,1,0.0,-1.0,0.0,0.0,-1.0,-1.0,0.0,214,1.0,0.0,1.0,,0.0,5.0,0.0,1.0,0.0,0.0,1.0,1.0,0.0,-1.0,0.0,0.0,-1.0,-1.0,0.0,214.0
C:\Users\syuuj\gitProject\xdm\app\src\main\java\xdman\ui\components\XDMFrame.java,xdman.ui.components.XDMFrame$177,anonymous,1,0,0,,0.0,7,0,4,0,0,1,1,0.0,0.0,4.0,0.0,0.0,-1.0,4.0,177,,,,,,,,,,,,,,,,,,,,
C:\Users\syuuj\gitProject\xdm\app\src\main\java\xdman\downloaders\hls\HlsDownloader.java,xdman.downloaders.hls.HlsDownloader,class,2,3,26,0.20915033,0.8671329,607,0,120,0,11,26,133,34.0,0.28,116.0,141.0,0.5486381,0.9117647,18.0,36,2.0,3.0,26.0,0.20915033,0.8671329,607.0,0.0,120.0,0.0,11.0,26.0,133.0,34.0,0.28,116.0,141.0,0.5486381,0.9117647,18.0,36.0
C:\Users\syuuj\gitProject\xdm\app\src\main\java\xdman\downloaders\SegmentComparator.java,xdman.downloaders.SegmentComparator,class,1,2,1,,0.0,13,0,1,0,0,1,3,0.0,-1.0,4.0,0.0,0.0,-1.0,1.0,4,1.0,2.0,1.0,,0.0,13.0,0.0,1.0,0.0,0.0,1.0,3.0,0.0,-1.0,4.0,0.0,0.0,-1.0,1.0,4.0
C:\Users\syuuj\gitProject\xdm\app\src\main\java\xdman\ui\components\Page.java,xdman.ui.components.Page$112,anonymous,1,0,0,,0.0,6,0,3,0,0,1,1,0.0,0.0,6.0,0.0,0.0,-1.0,3.0,112,1.0,0.0,0.0,,0.0,6.0,0.0,3.0,0.0,0.0,1.0,1.0,0.0,0.0,6.0,0.0,0.0,-1.0,3.0,112.0
C:\Users\syuuj\gitProject\xdm\app\src\main\java\xdman\ui\components\PopupAdapter.java,xdman.ui.components.PopupAdapter$36,anonymous,1,0,0,0.0,0.0,8,0,0,0,0,3,3,0.0,-1.0,0.0,0.0,-1.0,-1.0,0.0,36,1.0,0.0,0.0,0.0,0.0,8.0,0.0,0.0,0.0,0.0,3.0,3.0,0.0,-1.0,0.0,0.0,-1.0,-1.0,0.0,36.0
C:\Users\syuuj\gitProject\xdm\app\src\main\java\xdman\downloaders\metadata\manifests\M3U8Manifest.java,xdman.downloaders.metadata.manifests.M3U8Manifest$M3U8MediaInfo,innerclass,1,0,1,0.6666667,0.33333334,47,0,6,0,1,6,13,0.0,-1.0,1.0,10.0,0.90909094,-1.0,1.0,157,1.0,0.0,1.0,0.6666667,0.33333334,47.0,0.0,6.0,0.0,1.0,6.0,13.0,0.0,-1.0,1.0,10.0,0.90909094,-1.0,1.0,157.0
C:\Users\syuuj\gitProject\xdm\app\src\main\java\xdman\ui\components\VideoPopup.java,xdman.ui.components.VideoPopup,class,6,3,17,0.4,0.82211536,367,0,119,0,13,16,63,0.0,0.0,216.0,41.0,0.15953307,-1.0,33.0,46,6.0,3.0,17.0,0.4,0.82211536,367.0,0.0,119.0,0.0,13.0,16.0,63.0,0.0,0.0,217.0,41.0,0.15891473,-1.0,34.0,46.0
C:\Users\syuuj\gitProject\xdm\app\src\main\java\xdman\videoparser\YoutubeDLHandler.java,xdman.videoparser.YoutubeDLHandler,class,1,3,8,1.0,0.625,105,0,35,0,7,6,23,0.0,-1.0,18.0,18.0,0.5,-1.0,6.0,17,1.0,3.0,8.0,1.0,0.625,105.0,0.0,35.0,0.0,7.0,6.0,23.0,0.0,-1.0,18.0,18.0,0.5,-1.0,6.0,17.0
C:\Users\syuuj\gitProject\xdm\app\src\main\java\xdman\downloaders\metadata\DashMetadata.java,xdman.downloaders.metadata.DashMetadata,class,2,11,4,0.13636364,0.7916666,51,0,13,0,3,12,12,3.0,0.2,5.0,18.0,0.7826087,0.0,2.0,7,2.0,11.0,4.0,0.13636364,0.7916666,51.0,0.0,13.0,0.0,3.0,12.0,12.0,3.0,0.2,5.0,18.0,0.7826087,0.0,2.0,7.0
C:\Users\syuuj\gitProject\xdm\app\src\main\java\xdman\ui\components\TrayHandler.java,xdman.ui.components.TrayHandler,class,1,1,7,,0.0,139,0,22,0,1,1,5,0.0,-1.0,68.0,9.0,0.116883114,-1.0,15.0,29,1.0,1.0,7.0,,0.0,139.0,0.0,23.0,0.0,1.0,1.0,5.0,0.0,-1.0,70.0,9.0,0.11392405,-1.0,16.0,29.0
C:\Users\syuuj\gitProject\xdm\app\src\main\java\xdman\ui\components\FFmpegExtractorWnd.java,xdman.ui.components.FFmpegExtractorWnd,class,6,2,12,0.0,0.8333333,137,0,53,0,10,7,20,0.0,0.0,109.0,24.0,0.18045112,-1.0,20.0,28,6.0,2.0,12.0,0.0,0.8333333,137.0,0.0,53.0,0.0,10.0,7.0,20.0,0.0,0.0,110.0,24.0,0.17910448,-1.0,21.0,28.0
C:\Users\syuuj\gitProject\xdm\app\src\main\java\xdman\ui\components\RefreshUrlPage.java,xdman.ui.components.RefreshUrlPage,class,6,4,20,0.2,0.8557692,266,0,67,0,8,13,33,4.0,0.16666667,181.0,21.0,0.103960395,0.25,21.0,36,6.0,4.0,20.0,0.2,0.8557692,232.0,0.0,63.0,0.0,8.0,13.0,29.0,4.0,0.16666667,175.0,21.0,0.10714286,0.25,20.0,32.0
C:\Users\syuuj\gitProject\xdm\app\src\main\java\xdman\ui\laf\XDMSliderUI.java,xdman.ui.laf.XDMSliderUI,class,4,2,3,0.0,0.0,20,0,5,0,0,5,5,0.0,0.0,21.0,0.0,0.0,-1.0,5.0,13,4.0,2.0,3.0,0.0,0.0,20.0,0.0,5.0,0.0,0.0,5.0,5.0,0.0,0.0,21.0,0.0,0.0,-1.0,5.0,13.0
C:\Users\syuuj\gitProject\xdm\app\src\main\java\xdman\ui\components\MainWindow.java,xdman.ui.components.MainWindow$528,anonymous,1,0,1,0.0,0.0,10,0,1,0,0,3,3,0.0,-1.0,2.0,0.0,0.0,-1.0,1.0,528,,,,,,,,,,,,,,,,,,,,
C:\Users\syuuj\gitProject\xdm\app\src\main\java\xdman\XDMApp.java,xdman.XDMApp$390,anonymous,1,0,1,,0.0,6,0,1,0,0,1,1,0.0,-1.0,1.0,0.0,0.0,-1.0,1.0,390,,,,,,,,,,,,,,,,,,,,
C:\Users\syuuj\gitProject\xdm\app\src\main\java\xdman\downloaders\ftp\FtpChannel.java,xdman.downloaders.ftp.FtpChannel,class,2,2,7,0.35714287,0.775,136,0,24,0,5,8,37,8.0,0.5714286,29.0,23.0,0.44230768,0.375,5.0,16,2.0,2.0,7.0,0.35714287,0.775,136.0,0.0,24.0,0.0,5.0,8.0,37.0,8.0,0.5714286,29.0,23.0,0.44230768,0.375,5.0,16.0
C:\Users\syuuj\gitProject\xdm\app\src\main\java\xdman\ui\components\SettingsPage.java,xdman.ui.components.SettingsPage$1283,anonymous,1,0,1,,0.0,5,0,1,0,0,1,1,0.0,0.0,0.0,0.0,-1.0,-1.0,0.0,1283,,,,,,,,,,,,,,,,,,,,
C:\Users\syuuj\gitProject\xdm\app\src\main\java\xdman\ui\components\MainWindow.java,xdman.ui.components.MainWindow$749,anonymous,1,0,0,,0.0,5,0,2,0,0,1,1,0.0,-1.0,2.0,0.0,0.0,-1.0,2.0,749,,,,,,,,,,,,,,,,,,,,
C:\Users\syuuj\gitProject\xdm\app\src\main\java\xdman\network\http\WebProxy.java,xdman.network.http.WebProxy,class,1,6,0,0.52380955,0.5714286,28,0,0,0,3,7,7,0.0,-1.0,0.0,8.0,1.0,-1.0,0.0,3,1.0,6.0,0.0,0.52380955,0.5714286,28.0,0.0,0.0,0.0,3.0,7.0,7.0,0.0,-1.0,0.0,8.0,1.0,-1.0,0.0,3.0
C:\Users\syuuj\gitProject\xdm\app\src\main\java\xdman\ui\components\SidePanel.java,xdman.ui.components.SidePanel,class,5,1,1,1.0,0.5,16,0,7,0,2,2,2,0.0,0.0,10.0,2.0,0.16666667,-1.0,4.0,12,5.0,1.0,1.0,1.0,0.5,13.0,0.0,7.0,0.0,2.0,2.0,2.0,0.0,0.0,5.0,2.0,0.2857143,-1.0,3.0,10.0
C:\Users\syuuj\gitProject\xdm\app\src\main\java\xdman\videoparser\ThumbnailDownloader.java,xdman.videoparser.ThumbnailDownloader,class,1,2,7,0.6,0.6,99,0,20,0,5,6,24,0.0,-1.0,8.0,17.0,0.68,-1.0,5.0,15,1.0,2.0,7.0,0.6,0.6,99.0,0.0,20.0,0.0,5.0,6.0,24.0,0.0,-1.0,8.0,17.0,0.68,-1.0,5.0,15.0
C:\Users\syuuj\gitProject\xdm\app\src\main\java\xdman\monitoring\InstagramHandler.java,xdman.monitoring.InstagramHandler,class,1,1,6,,0.0,47,0,20,0,1,1,8,0.0,-1.0,9.0,2.0,0.18181819,-1.0,4.0,17,1.0,1.0,6.0,,0.0,47.0,0.0,20.0,0.0,1.0,1.0,8.0,0.0,-1.0,9.0,2.0,0.18181819,-1.0,4.0,17.0
C:\Users\syuuj\gitProject\xdm\app\src\main\java\xdman\ui\laf\XDMComboBoxUI.java,xdman.ui.laf.XDMComboBoxUI,class,4,2,5,0.16666667,0.75,31,0,8,0,2,4,4,0.0,0.0,13.0,1.0,0.071428575,-1.0,9.0,17,4.0,2.0,5.0,0.16666667,0.75,31.0,0.0,8.0,0.0,2.0,4.0,4.0,0.0,0.0,13.0,1.0,0.071428575,-1.0,9.0,17.0
C:\Users\syuuj\gitProject\xdm\app\src\main\java\xdman\downloaders\metadata\manifests\M3U8Manifest.java,xdman.downloaders.metadata.manifests.M3U8Manifest,class,1,1,4,0.2,0.7407408,180,0,28,1,6,9,33,0.0,-1.0,8.0,12.0,0.6,-1.0,3.0,13,1.0,1.0,4.0,0.2,0.7407408,180.0,0.0,28.0,1.0,6.0,9.0,33.0,0.0,-1.0,8.0,12.0,0.6,-1.0,3.0,13.0
C:\Users\syuuj\gitProject\xdm\app\src\main\java\xdman\util\StringUtils.java,xdman.util.StringUtils,class,1,47,1,0.0,0.0,14,0,4,0,0,4,8,0.0,-1.0,2.0,0.0,0.0,-1.0,1.0,3,1.0,47.0,1.0,0.0,0.0,14.0,0.0,4.0,0.0,0.0,4.0,8.0,0.0,-1.0,2.0,0.0,0.0,-1.0,1.0,3.0
C:\Users\syuuj\gitProject\xdm\app\src\main\java\xdman\downloaders\metadata\HdsMetadata.java,xdman.downloaders.metadata.HdsMetadata,class,2,8,3,0.2,0.5,26,0,6,0,1,6,6,3.0,0.5,5.0,4.0,0.44444445,0.0,2.0,6,2.0,8.0,3.0,0.2,0.5,26.0,0.0,6.0,0.0,1.0,6.0,6.0,3.0,0.5,5.0,4.0,0.44444445,0.0,2.0,6.0
C:\Users\syuuj\gitProject\xdm\app\src\main\java\xdman\ClipboardMonitor.java,xdman.ClipboardMonitor,class,1,3,7,0.16666667,0.73333335,76,0,18,0,3,5,20,0.0,-1.0,8.0,9.0,0.5294118,-1.0,5.0,10,1.0,3.0,7.0,0.16666667,0.73333335,76.0,0.0,18.0,0.0,3.0,5.0,20.0,0.0,-1.0,8.0,9.0,0.5294118,-1.0,5.0,10.0
C:\Users\syuuj\gitProject\xdm\app\src\main\java\xdman\downloaders\metadata\manifests\HlsMediaEntry.java,xdman.downloaders.metadata.manifests.HlsMediaEntry,class,1,0,0,0.2,0.6666667,23,0,0,0,3,6,6,0.0,-1.0,0.0,6.0,1.0,-1.0,0.0,3,1.0,0.0,0.0,0.2,0.6666667,23.0,0.0,0.0,0.0,3.0,6.0,6.0,0.0,-1.0,0.0,6.0,1.0,-1.0,0.0,3.0
C:\Users\syuuj\gitProject\xdm\app\src\main\java\xdman\ui\laf\XDMLookAndFeel.java,xdman.ui.laf.XDMLookAndFeel,class,4,1,13,0.0,1.0,32,0,19,0,1,8,8,0.0,0.0,16.0,0.0,0.0,-1.0,5.0,10,4.0,1.0,14.0,0.0,1.0,32.0,0.0,20.0,0.0,1.0,8.0,8.0,0.0,0.0,17.0,0.0,0.0,-1.0,5.0,10.0
C:\Users\syuuj\gitProject\xdm\app\src\main\java\xdman\network\AuthenticationFailedException.java,xdman.network.AuthenticationFailedException,class,4,0,0,-1.0,,3,0,0,0,1,0,0,0.0,0.0,0.0,0.0,-1.0,-1.0,0.0,5,4.0,0.0,0.0,-1.0,,3.0,0.0,0.0,0.0,1.0,0.0,0.0,0.0,0.0,0.0,0.0,-1.0,-1.0,0.0,5.0
C:\Users\syuuj\gitProject\xdm\app\src\main\java\xdman\ui\components\XDMFileSelectionPanel.java,xdman.ui.components.XDMFileSelectionPanel,class,5,4,9,0.71428573,0.7166667,104,0,48,0,6,10,18,0.0,0.0,72.0,18.0,0.2,-1.0,15.0,27,5.0,4.0,9.0,0.71428573,0.7166667,104.0,0.0,48.0,0.0,6.0,10.0,18.0,0.0,0.0,72.0,18.0,0.2,-1.0,15.0,27.0
C:\Users\syuuj\gitProject\xdm\app\src\main\java\xdman\ui\components\XDMFrame.java,xdman.ui.components.XDMFrame$165,anonymous,1,0,0,,0.0,8,0,8,0,0,1,1,0.0,0.0,8.0,0.0,0.0,-1.0,4.0,165,,,,,,,,,,,,,,,,,,,,
C:\Users\syuuj\gitProject\xdm\app\src\main\java\xdman\util\XDMUtils.java,xdman.util.XDMUtils,class,1,92,10,0.048739497,0.8771429,430,0,79,0,8,35,138,0.0,-1.0,58.0,45.0,0.4368932,-1.0,21.0,26,1.0,92.0,10.0,0.05105105,0.88636374,450.0,0.0,80.0,0.0,9.0,36.0,143.0,0.0,-1.0,63.0,55.0,0.4661017,-1.0,21.0,26.0
C:\Users\syuuj\gitProject\xdm\app\src\main\java\xdman\videoparser\YdlResponse.java,xdman.videoparser.YdlResponse$YdlVideo,innerclass,1,0,1,-1.0,,7,0,0,0,5,0,0,0.0,-1.0,0.0,0.0,-1.0,-1.0,0.0,439,1.0,0.0,1.0,-1.0,,7.0,0.0,0.0,0.0,5.0,0.0,0.0,0.0,-1.0,0.0,0.0,-1.0,-1.0,0.0,439.0
C:\Users\syuuj\gitProject\xdm\app\src\main\java\xdman\monitoring\VimeoHandler.java,xdman.monitoring.VimeoHandler,class,1,2,7,,0.0,94,0,27,0,0,2,20,0.0,-1.0,8.0,0.0,0.0,-1.0,5.0,15,1.0,2.0,7.0,,0.0,94.0,0.0,27.0,0.0,0.0,2.0,20.0,0.0,-1.0,8.0,0.0,0.0,-1.0,5.0,15.0
C:\Users\syuuj\gitProject\xdm\app\src\main\java\xdman\downloaders\SegmentImpl.java,xdman.downloaders.SegmentImpl,class,1,5,6,0.7096774,0.86505187,245,0,28,0,12,34,63,0.0,-1.0,8.0,91.0,0.9191919,-1.0,4.0,11,1.0,5.0,6.0,0.7096774,0.86505187,245.0,0.0,28.0,0.0,12.0,34.0,63.0,0.0,-1.0,8.0,91.0,0.9191919,-1.0,4.0,11.0
C:\Users\syuuj\gitProject\xdm\app\src\main\java\xdman\network\http\JavaHttpClient.java,xdman.network.http.JavaHttpClient,class,2,5,6,1.0,0.6071429,61,0,30,0,4,7,14,5.0,0.8333333,18.0,12.0,0.4,0.8,9.0,9,2.0,5.0,6.0,1.0,0.6071429,61.0,0.0,30.0,0.0,4.0,7.0,14.0,5.0,0.8333333,18.0,12.0,0.4,0.8,9.0,9.0
C:\Users\syuuj\gitProject\xdm\app\src\main\java\xdman\preview\PreviewStream.java,xdman.preview.PreviewStream,class,2,2,6,1.0,0.62500006,122,0,15,0,7,7,28,0.0,0.0,15.0,34.0,0.6938776,-1.0,5.0,11,2.0,2.0,6.0,1.0,0.62500006,122.0,0.0,15.0,0.0,7.0,7.0,28.0,0.0,0.0,15.0,34.0,0.6938776,-1.0,5.0,11.0
C:\Users\syuuj\gitProject\xdm\app\src\main\java\xdman\mediaconversion\ConversionItem.java,xdman.mediaconversion.ConversionItem,class,1,4,2,-1.0,,10,0,0,0,8,0,0,0.0,-1.0,0.0,0.0,-1.0,-1.0,0.0,3,1.0,4.0,2.0,-1.0,,10.0,0.0,0.0,0.0,8.0,0.0,0.0,0.0,-1.0,0.0,0.0,-1.0,-1.0,0.0,3.0
C:\Users\syuuj\gitProject\xdm\app\src\main\java\xdman\ui\components\DownloadWindow.java,xdman.ui.components.DownloadWindow,class,6,4,18,0.3,0.79385966,313,0,101,0,17,12,45,0.0,0.0,273.0,52.0,0.16,-1.0,32.0,41,6.0,4.0,18.0,0.3,0.79385966,307.0,0.0,97.0,0.0,17.0,12.0,43.0,0.0,0.0,270.0,52.0,0.16149068,-1.0,31.0,39.0
C:\Users\syuuj\gitProject\xdm\app\src\main\java\xdman\ui\components\PropertiesPage.java,xdman.ui.components.PropertiesPage,class,6,2,8,0.0,0.575,155,0,19,0,5,4,5,4.0,0.0,172.0,19.0,0.09947644,0.0,12.0,17,6.0,2.0,8.0,0.0,0.575,155.0,0.0,19.0,0.0,5.0,4.0,5.0,4.0,0.0,172.0,19.0,0.09947644,0.0,12.0,17.0
C:\Users\syuuj\gitProject\xdm\app\src\main\java\xdman\mediaconversion\FormatLoader.java,xdman.mediaconversion.FormatLoader,class,1,2,4,0.0,0.0,81,0,22,0,0,2,22,0.0,-1.0,23.0,0.0,0.0,-1.0,4.0,13,1.0,2.0,4.0,0.0,0.0,81.0,0.0,22.0,0.0,0.0,2.0,22.0,0.0,-1.0,23.0,0.0,0.0,-1.0,4.0,13.0
C:\Users\syuuj\gitProject\xdm\app\src\main\java\xdman\ui\components\UpdateNotifyPanel.java,xdman.ui.components.UpdateNotifyPanel,class,5,1,4,1.0,0.375,58,0,14,0,3,2,7,0.0,0.0,41.0,6.0,0.12765957,-1.0,10.0,22,5.0,1.0,4.0,1.0,0.375,58.0,0.0,14.0,0.0,3.0,2.0,7.0,0.0,0.0,41.0,6.0,0.12765957,-1.0,10.0,22.0
C:\Users\syuuj\gitProject\xdm\app\src\main\java\xdman\network\http\HeaderCollection.java,xdman.network.http.HeaderCollection,class,1,19,3,0.6818182,0.16666667,82,0,19,0,1,12,26,0.0,-1.0,13.0,1.0,0.071428575,-1.0,2.0,8,1.0,19.0,3.0,0.6818182,0.16666667,82.0,0.0,19.0,0.0,1.0,12.0,26.0,0.0,-1.0,13.0,1.0,0.071428575,-1.0,2.0,8.0
C:\Users\syuuj\gitProject\xdm\app\src\main\java\xdman\preview\ChunkLoader.java,xdman.preview.ChunkLoader,class,1,2,6,,0.0,179,0,17,0,0,4,29,0.0,-1.0,25.0,0.0,0.0,-1.0,5.0,17,1.0,2.0,6.0,,0.0,179.0,0.0,17.0,0.0,0.0,4.0,29.0,0.0,-1.0,25.0,0.0,0.0,-1.0,5.0,17.0
C:\Users\syuuj\gitProject\xdm\app\src\main\java\xdman\ui\components\MainWindow.java,xdman.ui.components.MainWindow,class,7,7,39,0.06666667,0.95666665,1188,0,271,0,16,50,240,7.0,0.0,613.0,118.0,0.16142271,1.0,60.0,78,7.0,7.0,38.0,0.06666667,0.95666665,1178.0,0.0,263.0,0.0,16.0,50.0,238.0,7.0,0.0,607.0,118.0,0.16275862,1.0,58.0,74.0
C:\Users\syuuj\gitProject\xdm\app\src\main\java\xdman\ui\components\VideoConversionWnd.java,xdman.ui.components.VideoConversionWnd$588,anonymous,1,0,1,,0.0,6,0,3,0,0,1,1,0.0,-1.0,3.0,0.0,0.0,-1.0,3.0,588,1.0,0.0,1.0,,0.0,6.0,0.0,3.0,0.0,0.0,1.0,1.0,0.0,-1.0,3.0,0.0,0.0,-1.0,3.0,588.0
C:\Users\syuuj\gitProject\xdm\app\src\main\java\xdman\network\WebRequest.java,xdman.network.WebRequest,class,1,0,0,0.0,0.0,5,0,0,0,0,2,2,0.0,-1.0,0.0,0.0,-1.0,-1.0,0.0,3,1.0,0.0,0.0,0.0,0.0,5.0,0.0,0.0,0.0,0.0,2.0,2.0,0.0,-1.0,0.0,0.0,-1.0,-1.0,0.0,3.0
C:\Users\syuuj\gitProject\xdm\app\src\main\java\xdman\monitoring\F4mHandler.java,xdman.monitoring.F4mHandler,class,1,1,9,,0.0,55,0,17,0,0,1,12,0.0,-1.0,15.0,0.0,0.0,-1.0,8.0,16,1.0,1.0,9.0,,0.0,55.0,0.0,17.0,0.0,0.0,1.0,12.0,0.0,-1.0,15.0,0.0,0.0,-1.0,8.0,16.0
C:\Users\syuuj\gitProject\xdm\app\src\main\java\xdman\downloaders\SegmentDetails.java,xdman.downloaders.SegmentDetails,class,1,7,1,0.46666667,0.5,24,0,2,0,2,6,7,0.0,-1.0,0.0,4.0,1.0,-1.0,0.0,5,1.0,7.0,1.0,0.46666667,0.5,24.0,0.0,2.0,0.0,2.0,6.0,7.0,0.0,-1.0,0.0,4.0,1.0,-1.0,0.0,5.0
C:\Users\syuuj\gitProject\xdm\app\src\main\java\xdman\downloaders\hls\PlaylistParser.java,xdman.downloaders.hls.PlaylistParser,class,1,3,7,,0.0,220,0,35,0,0,7,64,0.0,-1.0,9.0,14.0,0.6086956,-1.0,3.0,16,1.0,3.0,7.0,,0.0,220.0,0.0,35.0,0.0,0.0,7.0,64.0,0.0,-1.0,9.0,14.0,0.6086956,-1.0,3.0,16.0
C:\Users\syuuj\gitProject\xdm\app\src\main\java\xdman\ui\components\VideoItemRenderer.java,xdman.ui.components.VideoItemRenderer,class,1,1,7,1.0,0.1,84,0,26,0,10,2,6,0.0,-1.0,72.0,21.0,0.22580644,-1.0,12.0,16,1.0,1.0,7.0,1.0,0.1,84.0,0.0,26.0,0.0,10.0,2.0,6.0,0.0,-1.0,72.0,21.0,0.22580644,-1.0,12.0,16.0
C:\Users\syuuj\gitProject\xdm\app\src\main\java\xdman\ui\components\MediaConversionWnd.java,xdman.ui.components.MediaConversionWnd,class,6,2,14,0.2,0.82638896,176,0,61,0,13,9,24,0.0,0.0,118.0,30.0,0.2027027,-1.0,22.0,32,6.0,2.0,14.0,0.2,0.82638896,176.0,0.0,61.0,0.0,13.0,9.0,24.0,0.0,0.0,119.0,30.0,0.20134228,-1.0,23.0,32.0
C:\Users\syuuj\gitProject\xdm\app\src\main\java\xdman\ui\laf\XDMTextAreaUI.java,xdman.ui.laf.XDMTextAreaUI,class,5,2,2,0.33333334,0.33333334,14,0,3,0,1,3,3,0.0,0.0,0.0,1.0,1.0,-1.0,0.0,10,5.0,2.0,2.0,0.33333334,0.33333334,14.0,0.0,3.0,0.0,1.0,3.0,3.0,0.0,0.0,0.0,1.0,1.0,-1.0,0.0,10.0
C:\Users\syuuj\gitProject\xdm\app\src\main\java\xdman\ui\res\FontResource.java,xdman.ui.res.FontResource,class,1,35,2,0.0,0.85714287,54,0,2,0,7,7,15,0.0,-1.0,21.0,21.0,0.5,-1.0,2.0,8,1.0,35.0,2.0,0.0,0.85714287,54.0,0.0,2.0,0.0,7.0,7.0,15.0,0.0,-1.0,21.0,21.0,0.5,-1.0,2.0,8.0
C:\Users\syuuj\gitProject\xdm\app\src\main\java\xdman\network\AutoProxyResolver.java,xdman.network.AutoProxyResolver,class,1,0,1,,0.0,5,0,0,0,0,1,1,0.0,-1.0,0.0,0.0,-1.0,-1.0,0.0,5,1.0,0.0,1.0,,0.0,5.0,0.0,0.0,0.0,0.0,1.0,1.0,0.0,-1.0,0.0,0.0,-1.0,-1.0,0.0,5.0
C:\Users\syuuj\gitProject\xdm\app\src\main\java\xdman\ui\components\MessageBox.java,xdman.ui.components.MessageBox$58,anonymous,1,0,0,-1.0,0.0,2,0,0,0,0,0,0,0.0,0.0,0.0,0.0,-1.0,-1.0,0.0,58,1.0,0.0,0.0,-1.0,0.0,2.0,0.0,0.0,0.0,0.0,0.0,0.0,0.0,0.0,0.0,0.0,-1.0,-1.0,0.0,58.0
C:\Users\syuuj\gitProject\xdm\app\src\main\java\xdman\ui\components\SegmentPanel.java,xdman.ui.components.SegmentPanel,class,4,1,3,1.0,0.33333334,30,0,12,0,3,2,8,0.0,0.0,15.0,5.0,0.25,-1.0,7.0,33,4.0,1.0,3.0,1.0,0.33333334,30.0,0.0,12.0,0.0,3.0,2.0,8.0,0.0,0.0,15.0,5.0,0.25,-1.0,7.0,33.0
C:\Users\syuuj\gitProject\xdm\app\src\main\java\xdman\ui\components\SettingsPage.java,xdman.ui.components.SettingsPage$164,anonymous,1,0,0,-1.0,0.0,2,0,0,0,0,0,0,0.0,0.0,0.0,0.0,-1.0,-1.0,0.0,164,,,,,,,,,,,,,,,,,,,,
C:\Users\syuuj\gitProject\xdm\app\src\main\java\xdman\ui\components\XDMFrame.java,xdman.ui.components.XDMFrame$GripMouseAdapter,innerclass,2,0,0,0.0,0.0,19,0,2,0,0,2,6,0.0,0.0,19.0,0.0,0.0,-1.0,3.0,390,2.0,0.0,0.0,0.0,0.0,19.0,0.0,2.0,0.0,0.0,2.0,6.0,0.0,0.0,19.0,0.0,0.0,-1.0,3.0,366.0
C:\Users\syuuj\gitProject\xdm\app\src\main\java\xdman\ui\components\LayeredPanel.java,xdman.ui.components.LayeredPanel,class,5,1,1,1.0,0.5,22,0,11,0,2,2,3,0.0,0.0,6.0,2.0,0.25,-1.0,4.0,10,5.0,1.0,1.0,1.0,0.5,22.0,0.0,11.0,0.0,2.0,2.0,3.0,0.0,0.0,6.0,2.0,0.25,-1.0,4.0,10.0
C:\Users\syuuj\gitProject\xdm\app\src\main\java\xdman\ui\components\MediaDownloaderWnd.java,xdman.ui.components.MediaDownloaderWnd$467,anonymous,1,0,2,,0.0,41,0,4,0,0,1,3,0.0,0.0,12.0,0.0,0.0,-1.0,7.0,467,1.0,0.0,2.0,,0.0,41.0,0.0,4.0,0.0,0.0,1.0,3.0,0.0,0.0,12.0,0.0,0.0,-1.0,7.0,467.0
C:\Users\syuuj\gitProject\xdm\app\src\main\java\xdman\ui\laf\XDMMenuUI.java,xdman.ui.laf.XDMMenuUI,class,6,2,3,0.3,0.6,36,0,16,0,1,5,9,0.0,0.0,17.0,4.0,0.1904762,-1.0,6.0,19,6.0,2.0,3.0,0.3,0.6,36.0,0.0,16.0,0.0,1.0,5.0,9.0,0.0,0.0,17.0,4.0,0.1904762,-1.0,6.0,19.0
C:\Users\syuuj\gitProject\xdm\app\src\main\java\xdman\util\MacUtils.java,xdman.util.MacUtils,class,1,4,4,0.0,0.0,158,0,27,0,0,12,34,0.0,-1.0,15.0,3.0,0.16666667,-1.0,5.0,9,1.0,4.0,4.0,0.0,0.0,158.0,0.0,27.0,0.0,0.0,12.0,34.0,0.0,-1.0,15.0,3.0,0.16666667,-1.0,5.0,9.0
C:\Users\syuuj\gitProject\xdm\app\src\main\java\xdman\ui\components\DownloadSorter.java,xdman.ui.components.DownloadSorter,class,1,1,3,,0.0,29,0,10,0,0,1,8,0.0,-1.0,16.0,0.0,0.0,-1.0,3.0,7,1.0,1.0,3.0,,0.0,29.0,0.0,10.0,0.0,0.0,1.0,8.0,0.0,-1.0,16.0,0.0,0.0,-1.0,3.0,7.0
C:\Users\syuuj\gitProject\xdm\app\src\main\java\xdman\network\FixedRangeInputStream.java,xdman.network.FixedRangeInputStream,class,2,1,1,1.0,0.2,49,0,3,0,2,5,16,0.0,0.0,0.0,14.0,1.0,-1.0,0.0,6,2.0,1.0,1.0,1.0,0.2,49.0,0.0,3.0,0.0,2.0,5.0,16.0,0.0,0.0,0.0,14.0,1.0,-1.0,0.0,6.0
C:\Users\syuuj\gitProject\xdm\app\src\main\java\xdman\ui\components\TitlePanel.java,xdman.ui.components.TitlePanel$28,anonymous,1,0,0,,0.0,6,0,3,0,0,1,1,0.0,0.0,6.0,0.0,0.0,-1.0,3.0,28,1.0,0.0,0.0,,0.0,6.0,0.0,3.0,0.0,0.0,1.0,1.0,0.0,0.0,6.0,0.0,0.0,-1.0,3.0,28.0
C:\Users\syuuj\gitProject\xdm\app\src\main\java\xdman\ui\components\XDMFrame.java,xdman.ui.components.XDMFrame$295,anonymous,1,0,0,,0.0,5,0,1,0,0,1,1,0.0,-1.0,1.0,0.0,0.0,-1.0,1.0,295,,,,,,,,,,,,,,,,,,,,
C:\Users\syuuj\gitProject\xdm\app\src\main\java\xdman\ui\components\XDMFrame.java,xdman.ui.components.XDMFrame$DpiUtils,innerclass,1,0,1,0.0,0.0,13,0,21,0,0,3,3,0.0,-1.0,16.0,1.0,0.05882353,-1.0,6.0,530,,,,,,,,,,,,,,,,,,,,
C:\Users\syuuj\gitProject\xdm\app\src\main\java\xdman\ui\res\ColorResource.java,xdman.ui.res.ColorResource,class,1,44,0,0.032967035,0.9090908,55,0,0,0,11,14,14,0.0,-1.0,0.0,14.0,1.0,-1.0,0.0,5,1.0,44.0,0.0,0.032967035,0.9090908,55.0,0.0,0.0,0.0,11.0,14.0,14.0,0.0,-1.0,0.0,14.0,1.0,-1.0,0.0,5.0
C:\Users\syuuj\gitProject\xdm\app\src\main\java\xdman\ui\components\BrowserAddonDlg.java,xdman.ui.components.BrowserAddonDlg,class,6,2,10,1.0,0.6666667,93,0,50,0,2,4,10,0.0,0.0,85.0,4.0,0.04494382,-1.0,20.0,26,6.0,2.0,10.0,1.0,0.6666667,93.0,0.0,50.0,0.0,2.0,4.0,10.0,0.0,0.0,86.0,4.0,0.044444446,-1.0,21.0,26.0
C:\Users\syuuj\gitProject\xdm\app\src\main\java\xdman\util\DateTimeUtils.java,xdman.util.DateTimeUtils,class,1,3,1,0.0,0.0,50,0,7,0,0,7,8,0.0,-1.0,51.0,1.0,0.01923077,-1.0,1.0,6,1.0,3.0,1.0,0.0,0.0,50.0,0.0,7.0,0.0,0.0,7.0,8.0,0.0,-1.0,51.0,1.0,0.01923077,-1.0,1.0,6.0
C:\Users\syuuj\gitProject\xdm\app\src\main\java\xdman\ui\components\BatchVideoWnd.java,xdman.ui.components.BatchVideoWnd,class,6,2,19,0.0,0.7625,221,0,80,0,9,8,25,0.0,0.0,235.0,20.0,0.078431375,-1.0,30.0,42,6.0,2.0,19.0,0.0,0.7625,221.0,0.0,80.0,0.0,9.0,8.0,25.0,0.0,0.0,236.0,20.0,0.078125,-1.0,31.0,42.0
C:\Users\syuuj\gitProject\xdm\app\src\main\java\xdman\monitoring\FBHandler.java,xdman.monitoring.FBHandler,class,1,2,7,,0.0,115,0,30,0,0,3,26,0.0,-1.0,32.0,0.0,0.0,-1.0,5.0,16,1.0,2.0,7.0,,0.0,115.0,0.0,30.0,0.0,0.0,3.0,26.0,0.0,-1.0,32.0,0.0,0.0,-1.0,5.0,16.0
C:\Users\syuuj\gitProject\xdm\app\src\main\java\xdman\ui\components\MediaDownloaderWnd.java,xdman.ui.components.MediaDownloaderWnd,class,6,5,31,1.0,0.79761904,541,0,138,1,18,16,65,0.0,0.0,378.0,44.0,0.1042654,-1.0,43.0,64,6.0,5.0,31.0,1.0,0.79761904,541.0,0.0,138.0,1.0,18.0,16.0,65.0,0.0,0.0,379.0,44.0,0.10401891,-1.0,44.0,64.0
C:\Users\syuuj\gitProject\xdm\app\src\main\java\xdman\ui\components\DarkScrollBar.java,xdman.ui.components.DarkScrollBar,class,5,10,0,0.0,1.0,8,0,0,0,1,2,2,0.0,0.0,0.0,0.0,-1.0,-1.0,0.0,5,5.0,10.0,0.0,0.0,1.0,8.0,0.0,0.0,0.0,1.0,2.0,2.0,0.0,0.0,0.0,0.0,-1.0,-1.0,0.0,5.0
C:\Users\syuuj\gitProject\xdm\app\src\main\java\xdman\ui\components\VideoDownloadWindow.java,xdman.ui.components.VideoDownloadWindow$76,anonymous,1,0,1,,0.0,5,0,1,0,0,1,1,0.0,0.0,1.0,0.0,0.0,-1.0,1.0,76,1.0,0.0,1.0,,0.0,5.0,0.0,1.0,0.0,0.0,1.0,1.0,0.0,0.0,1.0,0.0,0.0,-1.0,1.0,76.0
C:\Users\syuuj\gitProject\xdm\app\src\main\java\xdman\downloaders\metadata\manifests\F4MManifest.java,xdman.downloaders.metadata.manifests.F4MManifest$Segment,innerclass,1,0,0,0.33333334,0.5,16,0,0,0,2,4,4,0.0,-1.0,0.0,4.0,1.0,-1.0,0.0,646,1.0,0.0,0.0,0.33333334,0.5,16.0,0.0,0.0,0.0,2.0,4.0,4.0,0.0,-1.0,0.0,4.0,1.0,-1.0,0.0,646.0
C:\Users\syuuj\gitProject\xdm\app\src\main\java\xdman\ui\components\VideoConversionWnd.java,xdman.ui.components.VideoConversionWnd$127,anonymous,1,0,2,,0.0,21,0,6,0,0,2,5,0.0,-1.0,3.0,1.0,0.25,-1.0,3.0,127,1.0,0.0,2.0,,0.0,21.0,0.0,6.0,0.0,0.0,2.0,5.0,0.0,-1.0,3.0,1.0,0.25,-1.0,3.0,127.0
C:\Users\syuuj\gitProject\xdm\app\src\main\java\xdman\DownloadEntry.java,xdman.DownloadEntry,class,1,14,3,0.044334974,0.9285713,102,0,4,0,10,29,30,0.0,-1.0,2.0,31.0,0.93939394,-1.0,1.0,5,1.0,14.0,3.0,0.044334974,0.9285713,102.0,0.0,4.0,0.0,10.0,29.0,30.0,0.0,-1.0,2.0,31.0,0.93939394,-1.0,1.0,5.0
C:\Users\syuuj\gitProject\xdm\app\src\main\java\xdman\ui\components\BatchPatternDialog.java,xdman.ui.components.BatchPatternDialog$326,anonymous,1,0,0,0.0,0.0,7,0,1,0,0,2,2,0.0,-1.0,0.0,0.0,-1.0,-1.0,0.0,326,1.0,0.0,0.0,0.0,0.0,7.0,0.0,1.0,0.0,0.0,2.0,2.0,0.0,-1.0,0.0,0.0,-1.0,-1.0,0.0,326.0
C:\Users\syuuj\gitProject\xdm\app\src\main\java\xdman\downloaders\SegmentDownloader.java,xdman.downloaders.SegmentDownloader$592,anonymous,1,0,4,,0.0,22,0,6,0,0,1,4,0.0,-1.0,7.0,0.0,0.0,-1.0,3.0,592,1.0,0.0,4.0,,0.0,22.0,0.0,6.0,0.0,0.0,1.0,4.0,0.0,-1.0,7.0,0.0,0.0,-1.0,3.0,592.0
C:\Users\syuuj\gitProject\xdm\app\src\main\java\xdman\ui\components\SettingsPage.java,xdman.ui.components.SettingsPage$214,anonymous,1,0,0,,0.0,6,0,3,0,0,1,1,0.0,0.0,6.0,0.0,0.0,-1.0,3.0,214,,,,,,,,,,,,,,,,,,,,
C:\Users\syuuj\gitProject\xdm\app\src\main\java\xdman\downloaders\metadata\manifests\F4MManifest.java,xdman.downloaders.metadata.manifests.F4MManifest$Fragment,innerclass,1,0,0,0.14285715,0.75,30,0,0,0,4,8,8,0.0,-1.0,0.0,8.0,1.0,-1.0,0.0,667,1.0,0.0,0.0,0.14285715,0.75,30.0,0.0,0.0,0.0,4.0,8.0,8.0,0.0,-1.0,0.0,8.0,1.0,-1.0,0.0,667.0
C:\Users\syuuj\gitProject\xdm\app\src\main\java\xdman\DownloadQueue.java,xdman.DownloadQueue,class,1,12,5,0.5353846,0.8636364,194,0,21,0,10,26,58,0.0,-1.0,33.0,53.0,0.61627907,-1.0,5.0,8,1.0,12.0,5.0,0.5353846,0.8636364,194.0,0.0,21.0,0.0,10.0,26.0,58.0,0.0,-1.0,33.0,53.0,0.61627907,-1.0,5.0,8.0
C:\Users\syuuj\gitProject\xdm\app\src\main\java\xdman\ui\components\Page.java,xdman.ui.components.Page$120,anonymous,1,0,0,,0.0,5,0,3,0,0,1,1,0.0,0.0,5.0,0.0,0.0,-1.0,3.0,120,1.0,0.0,0.0,,0.0,5.0,0.0,3.0,0.0,0.0,1.0,1.0,0.0,0.0,5.0,0.0,0.0,-1.0,3.0,120.0
C:\Users\syuuj\gitProject\xdm\app\src\main\java\xdman\QueueScheduler.java,xdman.QueueScheduler,class,1,2,8,0.33333334,0.625,114,0,29,0,2,4,30,0.0,-1.0,30.0,6.0,0.16666667,-1.0,7.0,12,1.0,2.0,8.0,0.33333334,0.625,114.0,0.0,29.0,0.0,2.0,4.0,30.0,0.0,-1.0,30.0,6.0,0.16666667,-1.0,7.0,12.0
C:\Users\syuuj\gitProject\xdm\app\src\main\java\xdman\ui\components\MediaFormatRender.java,xdman.ui.components.MediaFormatRender,class,1,1,5,1.0,0.0,44,0,24,0,3,2,9,0.0,-1.0,27.0,6.0,0.18181819,-1.0,7.0,18,1.0,1.0,5.0,1.0,0.0,44.0,0.0,24.0,0.0,3.0,2.0,9.0,0.0,-1.0,27.0,6.0,0.18181819,-1.0,7.0,18.0
C:\Users\syuuj\gitProject\xdm\app\src\main\java\xdman\ui\components\RefreshUrlPage.java,xdman.ui.components.RefreshUrlPage$129,anonymous,1,0,1,,0.0,5,0,2,0,0,1,1,0.0,-1.0,0.0,0.0,-1.0,-1.0,0.0,129,,,,,,,,,,,,,,,,,,,,
C:\Users\syuuj\gitProject\xdm\app\src\main\java\xdman\ui\components\MediaDownloaderWnd.java,xdman.ui.components.MediaDownloaderWnd$467$517,anonymous,1,0,1,,0.0,5,0,1,0,0,1,2,0.0,-1.0,1.0,0.0,0.0,-1.0,1.0,517,1.0,0.0,1.0,,0.0,5.0,0.0,1.0,0.0,0.0,1.0,2.0,0.0,-1.0,1.0,0.0,0.0,-1.0,1.0,517.0
C:\Users\syuuj\gitProject\xdm\app\src\main\java\xdman\ui\components\Page.java,xdman.ui.components.Page$80,anonymous,1,0,1,,0.0,5,0,1,0,0,1,1,0.0,0.0,0.0,0.0,-1.0,-1.0,0.0,80,1.0,0.0,1.0,,0.0,5.0,0.0,1.0,0.0,0.0,1.0,1.0,0.0,0.0,0.0,0.0,-1.0,-1.0,0.0,80.0
C:\Users\syuuj\gitProject\xdm\app\src\main\java\xdman\downloaders\SegmentInfo.java,xdman.downloaders.SegmentInfo,class,1,6,0,0.2,0.6666667,21,0,0,0,1,6,6,0.0,-1.0,0.0,6.0,1.0,-1.0,0.0,3,1.0,6.0,0.0,0.2,0.6666667,21.0,0.0,0.0,0.0,1.0,6.0,6.0,0.0,-1.0,0.0,6.0,1.0,-1.0,0.0,3.0
C:\Users\syuuj\gitProject\xdm\app\src\main\java\xdman\ui\components\FormatImageLabel.java,xdman.ui.components.FormatImageLabel,class,5,1,2,1.0,0.5833333,25,0,14,0,4,3,4,0.0,0.0,9.0,6.0,0.4,-1.0,5.0,13,5.0,1.0,2.0,1.0,0.5833333,25.0,0.0,14.0,0.0,4.0,3.0,4.0,0.0,0.0,9.0,6.0,0.4,-1.0,5.0,12.0
C:\Users\syuuj\gitProject\xdm\app\src\main\java\xdman\downloaders\hls\HlsDownloader.java,xdman.downloaders.hls.HlsDownloader$571,anonymous,1,0,4,,0.0,22,0,6,0,0,1,4,0.0,-1.0,7.0,0.0,0.0,-1.0,3.0,571,1.0,0.0,4.0,,0.0,22.0,0.0,6.0,0.0,0.0,1.0,4.0,0.0,-1.0,7.0,0.0,0.0,-1.0,3.0,571.0
C:\Users\syuuj\gitProject\xdm\app\src\main\java\xdman\ui\components\SettingsPage.java,xdman.ui.components.SettingsPage,class,5,5,29,0.47619048,0.9362821,2053,0,327,0,52,46,221,0.0,0.0,1734.0,238.0,0.12068965,-1.0,50.0,72,5.0,5.0,27.0,0.47619048,0.9363173,2019.0,0.0,318.0,0.0,50.0,46.0,221.0,0.0,0.0,1701.0,234.0,0.12093023,-1.0,49.0,70.0
C:\Users\syuuj\gitProject\xdm\app\src\main\java\xdman\ui\components\LayeredPanel.java,xdman.ui.components.LayeredPanel$25,anonymous,1,0,0,-1.0,0.0,2,0,0,0,0,0,0,0.0,0.0,0.0,0.0,-1.0,-1.0,0.0,25,1.0,0.0,0.0,-1.0,0.0,2.0,0.0,0.0,0.0,0.0,0.0,0.0,0.0,0.0,0.0,0.0,-1.0,-1.0,0.0,25.0
C:\Users\syuuj\gitProject\xdm\app\src\main\java\xdman\ui\components\SettingsPage.java,xdman.ui.components.PasswordItem,class,1,2,0,,0.33333334,8,0,0,0,3,1,1,0.0,-1.0,0.0,2.0,1.0,-1.0,0.0,2524,1.0,2.0,0.0,,0.33333334,8.0,0.0,0.0,0.0,3.0,1.0,1.0,0.0,-1.0,0.0,2.0,1.0,-1.0,0.0,2485.0
C:\Users\syuuj\gitProject\xdm\app\src\main\java\xdman\ui\laf\XDMSpinnerUI.java,xdman.ui.laf.XDMSpinnerUI,class,4,2,4,0.0,0.0,29,0,11,0,0,3,3,0.0,0.0,20.0,0.0,0.0,-1.0,6.0,15,4.0,2.0,4.0,0.0,0.0,29.0,0.0,11.0,0.0,0.0,3.0,3.0,0.0,0.0,20.0,0.0,0.0,-1.0,6.0,15.0
C:\Users\syuuj\gitProject\xdm\app\src\main\java\xdman\downloaders\metadata\manifests\F4MManifest.java,xdman.downloaders.metadata.manifests.F4MManifest$F4MMedia,innerclass,1,0,1,0.09090909,0.8333333,44,0,0,0,6,12,12,0.0,-1.0,0.0,12.0,1.0,-1.0,0.0,748,1.0,0.0,1.0,0.09090909,0.8333333,44.0,0.0,0.0,0.0,6.0,12.0,12.0,0.0,-1.0,0.0,12.0,1.0,-1.0,0.0,748.0
C:\Users\syuuj\gitProject\xdm\app\src\main\java\xdman\downloaders\metadata\manifests\F4MManifest.java,xdman.downloaders.metadata.manifests.F4MManifest$BoxInfo,innerclass,1,0,0,0.33333334,0.5,16,0,0,0,2,4,4,0.0,-1.0,0.0,4.0,1.0,-1.0,0.0,706,1.0,0.0,0.0,0.33333334,0.5,16.0,0.0,0.0,0.0,2.0,4.0,4.0,0.0,-1.0,0.0,4.0,1.0,-1.0,0.0,706.0
C:\Users\syuuj\gitProject\xdm\app\src\main\java\xdman\ui\components\SettingsPage.java,xdman.ui.components.SettingsPage$964,anonymous,1,0,0,,0.0,5,0,2,0,0,1,1,0.0,-1.0,2.0,0.0,0.0,-1.0,2.0,964,,,,,,,,,,,,,,,,,,,,
C:\Users\syuuj\gitProject\xdm\app\src\main\java\xdman\downloaders\metadata\manifests\F4MManifest.java,xdman.downloaders.metadata.manifests.F4MManifest$BufferPointer,innerclass,1,0,1,0.33333334,0.5,16,0,0,0,2,4,4,0.0,-1.0,0.0,4.0,1.0,-1.0,0.0,727,1.0,0.0,1.0,0.33333334,0.5,16.0,0.0,0.0,0.0,2.0,4.0,4.0,0.0,-1.0,0.0,4.0,1.0,-1.0,0.0,727.0
C:\Users\syuuj\gitProject\xdm\app\src\main\java\xdman\downloaders\hls\HlsEncryptedSouce.java,xdman.downloaders.hls.HlsEncryptedSouce,interface,1,2,1,0.0,0.0,6,0,0,0,0,4,4,0.0,-1.0,0.0,0.0,-1.0,-1.0,0.0,3,1.0,2.0,1.0,0.0,0.0,6.0,0.0,0.0,0.0,0.0,4.0,4.0,0.0,-1.0,0.0,0.0,-1.0,-1.0,0.0,3.0
C:\Users\syuuj\gitProject\xdm\app\src\main\java\xdman\util\LinuxUtils.java,xdman.util.LinuxUtils,class,1,3,4,0.0,0.9,144,0,31,0,1,10,34,0.0,-1.0,18.0,4.0,0.18181819,-1.0,6.0,10,1.0,3.0,4.0,0.0,0.9,144.0,0.0,31.0,0.0,1.0,10.0,34.0,0.0,-1.0,18.0,4.0,0.18181819,-1.0,6.0,10.0
C:\Users\syuuj\gitProject\xdm\app\src\main\java\xdman\ui\components\Page.java,xdman.ui.components.Page$137,anonymous,1,0,0,,0.0,5,0,2,0,0,1,1,0.0,-1.0,2.0,0.0,0.0,-1.0,2.0,137,1.0,0.0,0.0,,0.0,5.0,0.0,2.0,0.0,0.0,1.0,1.0,0.0,-1.0,2.0,0.0,0.0,-1.0,2.0,137.0
C:\Users\syuuj\gitProject\xdm\app\src\main\java\xdman\ui\components\BatchDownloadWnd.java,xdman.ui.components.BatchItem,class,1,3,1,,0.6666667,8,0,0,0,3,1,1,0.0,-1.0,0.0,1.0,1.0,-1.0,0.0,371,1.0,3.0,1.0,,0.6666667,8.0,0.0,0.0,0.0,3.0,1.0,1.0,0.0,-1.0,0.0,1.0,1.0,-1.0,0.0,371.0
C:\Users\syuuj\gitProject\xdm\app\src\main\java\xdman\mediaconversion\FormatGroup.java,xdman.mediaconversion.FormatGroup,class,1,3,1,0.23809524,0.6666667,26,0,0,0,3,7,7,0.0,-1.0,0.0,7.0,1.0,-1.0,0.0,6,1.0,3.0,1.0,0.23809524,0.6666667,26.0,0.0,0.0,0.0,3.0,7.0,7.0,0.0,-1.0,0.0,7.0,1.0,-1.0,0.0,6.0
C:\Users\syuuj\gitProject\xdm\app\src\main\java\xdman\util\WinUtils.java,xdman.util.WinUtils,class,1,3,4,0.0,0.0,99,0,14,0,0,9,17,0.0,-1.0,12.0,0.0,0.0,-1.0,4.0,10,1.0,3.0,4.0,0.0,0.0,99.0,0.0,14.0,0.0,0.0,9.0,17.0,0.0,-1.0,12.0,0.0,0.0,-1.0,4.0,10.0
C:\Users\syuuj\gitProject\xdm\app\src\main\java\xdman\network\ParsedURL.java,xdman.network.ParsedURL,class,1,2,2,0.0,0.6666667,47,0,7,0,5,6,10,0.0,-1.0,6.0,15.0,0.71428573,-1.0,1.0,7,1.0,2.0,2.0,0.0,0.6666667,47.0,0.0,7.0,0.0,5.0,6.0,10.0,0.0,-1.0,6.0,15.0,0.71428573,-1.0,1.0,7.0
C:\Users\syuuj\gitProject\xdm\app\src\main\java\xdman\ui\components\SettingsPage.java,xdman.ui.components.SettingsPage$1673,anonymous,1,0,1,,0.0,11,0,4,0,0,1,3,0.0,-1.0,8.0,0.0,0.0,-1.0,4.0,1673,,,,,,,,,,,,,,,,,,,,
C:\Users\syuuj\gitProject\xdm\app\src\main\java\xdman\ui\components\XDMFrame.java,xdman.ui.components.XDMFrame$304,anonymous,1,0,1,,0.0,21,0,10,0,0,1,2,0.0,-1.0,28.0,0.0,0.0,-1.0,8.0,304,,,,,,,,,,,,,,,,,,,,
C:\Users\syuuj\gitProject\xdm\app\src\main\java\xdman\ui\laf\XDMButtonUI.java,xdman.ui.laf.XDMButtonUI,class,4,2,3,0.0,0.8333333,61,0,18,0,1,6,12,0.0,0.0,42.0,3.0,0.06666667,-1.0,8.0,18,4.0,2.0,3.0,0.0,0.8333333,52.0,0.0,17.0,0.0,1.0,6.0,12.0,0.0,0.0,18.0,3.0,0.14285715,-1.0,7.0,17.0
C:\Users\syuuj\gitProject\xdm\app\src\main\java\xdman\util\ParamUtils.java,xdman.util.ParamUtils,class,1,1,1,,0.0,42,0,20,0,0,1,6,0.0,-1.0,7.0,0.0,0.0,-1.0,4.0,12,1.0,1.0,1.0,,0.0,42.0,0.0,20.0,0.0,0.0,1.0,6.0,0.0,-1.0,7.0,0.0,0.0,-1.0,4.0,12.0
C:\Users\syuuj\gitProject\xdm\app\src\main\java\xdman\videoparser\YdlResponse.java,xdman.videoparser.YdlResponse,class,1,2,11,0.0,0.8125,446,0,43,3,2,8,112,0.0,-1.0,172.0,33.0,0.1609756,-1.0,9.0,20,1.0,2.0,11.0,0.0,0.8125,446.0,0.0,43.0,3.0,2.0,8.0,112.0,0.0,-1.0,172.0,33.0,0.1609756,-1.0,9.0,20.0
C:\Users\syuuj\gitProject\xdm\app\src\test\java\xdman\AppTest.java,xdman.AppTest,class,2,1,4,0.0,0.0,11,0,1,0,0,3,3,0.0,0.0,0.0,1.0,1.0,-1.0,0.0,10,2.0,1.0,4.0,0.0,0.0,11.0,0.0,1.0,0.0,0.0,3.0,3.0,0.0,0.0,0.0,1.0,1.0,-1.0,0.0,10.0
C:\Users\syuuj\gitProject\xdm\app\src\main\java\xdman\ui\components\ConversionItemRender.java,xdman.ui.components.ConversionItemRender,class,1,1,7,1.0,0.14285715,93,0,23,0,7,2,14,0.0,-1.0,80.0,14.0,0.14893617,-1.0,10.0,17,1.0,1.0,7.0,1.0,0.14285715,93.0,0.0,23.0,0.0,7.0,2.0,14.0,0.0,-1.0,80.0,14.0,0.14893617,-1.0,10.0,16.0
C:\Users\syuuj\gitProject\xdm\app\src\main\java\xdman\ui\components\VideoPopupItem.java,xdman.ui.components.VideoPopupItem,class,1,4,2,0.33333334,0.7222222,36,0,3,0,4,9,12,0.0,-1.0,0.0,12.0,1.0,-1.0,0.0,6,1.0,3.0,2.0,0.33333334,0.7222222,36.0,0.0,3.0,0.0,4.0,9.0,12.0,0.0,-1.0,0.0,12.0,1.0,-1.0,0.0,6.0
C:\Users\syuuj\gitProject\xdm\app\src\main\java\xdman\ui\res\ImageResource.java,xdman.ui.res.ImageResource$64,anonymous,1,0,0,,0.0,5,0,0,0,0,1,1,0.0,-1.0,0.0,0.0,-1.0,-1.0,0.0,64,,,,,,,,,,,,,,,,,,,,
C:\Users\syuuj\gitProject\xdm\app\src\main\java\xdman\downloaders\http\HttpDownloader.java,xdman.downloaders.http.HttpDownloader,class,3,3,12,0.71428573,0.5714286,68,0,20,0,3,7,18,35.0,1.0,17.0,15.0,0.46875,0.08571429,8.0,14,3.0,3.0,12.0,0.71428573,0.5714286,68.0,0.0,20.0,0.0,3.0,7.0,18.0,35.0,1.0,17.0,15.0,0.46875,0.08571429,8.0,14.0
C:\Users\syuuj\gitProject\xdm\app\src\main\java\xdman\ui\components\RefreshUrlPage.java,xdman.ui.components.RefreshUrlPage$163,anonymous,1,0,6,,0.0,20,0,8,0,0,1,4,0.0,-1.0,15.0,0.0,0.0,-1.0,6.0,163,,,,,,,,,,,,,,,,,,,,
C:\Users\syuuj\gitProject\xdm\app\src\main\java\xdman\ui\components\MediaDownloaderWnd.java,xdman.ui.components.MediaDownloaderWnd$VideoWrapper,innerclass,1,0,1,-1.0,,4,0,0,0,2,0,0,0.0,-1.0,0.0,0.0,-1.0,-1.0,0.0,636,1.0,0.0,1.0,-1.0,,4.0,0.0,0.0,0.0,2.0,0.0,0.0,0.0,-1.0,0.0,0.0,-1.0,-1.0,0.0,636.0
C:\Users\syuuj\gitProject\xdm\app\src\main\java\xdman\ui\components\VideoTableModel.java,xdman.ui.components.VideoItemWrapper,class,1,5,1,-1.0,,4,0,0,0,2,0,0,0.0,-1.0,0.0,0.0,-1.0,-1.0,0.0,75,1.0,5.0,1.0,-1.0,,4.0,0.0,0.0,0.0,2.0,0.0,0.0,0.0,-1.0,0.0,0.0,-1.0,-1.0,0.0,75.0
C:\Users\syuuj\gitProject\xdm\app\src\main\java\xdman\network\KeepAliveInfo.java,xdman.network.KeepAliveInfo,class,1,1,0,0.14285715,0.75,30,0,0,0,4,8,8,0.0,-1.0,0.0,8.0,1.0,-1.0,0.0,5,1.0,1.0,0.0,0.14285715,0.75,30.0,0.0,0.0,0.0,4.0,8.0,8.0,0.0,-1.0,0.0,8.0,1.0,-1.0,0.0,5.0
C:\Users\syuuj\gitProject\xdm\app\src\main\java\xdman\ui\components\VideoConversionWnd.java,xdman.ui.components.VideoConversionWnd$661,anonymous,1,0,0,,0.0,5,0,1,0,0,1,1,0.0,-1.0,1.0,0.0,0.0,-1.0,1.0,661,1.0,0.0,0.0,,0.0,5.0,0.0,1.0,0.0,0.0,1.0,1.0,0.0,-1.0,1.0,0.0,0.0,-1.0,1.0,661.0
C:\Users\syuuj\gitProject\xdm\app\src\main\java\xdman\ui\laf\XDMToolBarButtonUI.java,xdman.ui.laf.XDMToolBarButtonUI,class,4,1,1,0.0,0.75,26,0,10,0,1,4,5,0.0,0.0,7.0,2.0,0.22222222,-1.0,4.0,12,4.0,1.0,1.0,0.0,0.75,26.0,0.0,10.0,0.0,1.0,4.0,5.0,0.0,0.0,7.0,2.0,0.22222222,-1.0,4.0,12.0
C:\Users\syuuj\gitProject\xdm\app\src\main\java\xdman\videoparser\ThumbnailListener.java,xdman.videoparser.ThumbnailListener,interface,1,2,0,,0.0,3,0,0,0,0,1,1,0.0,-1.0,0.0,0.0,-1.0,-1.0,0.0,3,1.0,2.0,0.0,,0.0,3.0,0.0,0.0,0.0,0.0,1.0,1.0,0.0,-1.0,0.0,0.0,-1.0,-1.0,0.0,3.0
C:\Users\syuuj\gitProject\xdm\app\src\main\java\xdman\util\UpdateChecker.java,xdman.util.UpdateChecker,class,1,3,6,0.0,0.9142858,102,0,28,0,2,7,25,0.0,-1.0,14.0,4.0,0.22222222,-1.0,7.0,14,1.0,3.0,6.0,0.0,0.9142858,102.0,0.0,28.0,0.0,2.0,7.0,25.0,0.0,-1.0,14.0,4.0,0.22222222,-1.0,7.0,14.0
C:\Users\syuuj\gitProject\xdm\app\src\main\java\xdman\util\NativeMessagingHostInstaller.java,xdman.util.NativeMessagingHostInstaller,class,1,3,6,0.0,0.8333334,96,0,24,1,3,6,24,0.0,-1.0,42.0,8.0,0.16,-1.0,8.0,16,,,,,,,,,,,,,,,,,,,,
C:\Users\syuuj\gitProject\xdm\app\src\main\java\xdman\downloaders\Segment.java,xdman.downloaders.Segment,interface,1,14,2,0.0,0.0,30,0,0,0,0,28,28,0.0,-1.0,0.0,0.0,-1.0,-1.0,0.0,6,1.0,14.0,2.0,0.0,0.0,30.0,0.0,0.0,0.0,0.0,28.0,28.0,0.0,-1.0,0.0,0.0,-1.0,-1.0,0.0,6.0
C:\Users\syuuj\gitProject\xdm\app\src\main\java\xdman\monitoring\Request.java,xdman.monitoring.Request,class,1,1,3,1.0,0.6666667,58,0,9,0,4,9,16,0.0,-1.0,3.0,13.0,0.8125,-1.0,3.0,9,1.0,1.0,3.0,1.0,0.6666667,58.0,0.0,9.0,0.0,4.0,9.0,16.0,0.0,-1.0,3.0,13.0,0.8125,-1.0,3.0,9.0
C:\Users\syuuj\gitProject\xdm\app\src\main\java\xdman\ui\components\SettingsPage.java,xdman.ui.components.SettingsPage$222,anonymous,1,0,0,,0.0,5,0,3,0,0,1,1,0.0,0.0,5.0,0.0,0.0,-1.0,3.0,222,,,,,,,,,,,,,,,,,,,,
C:\Users\syuuj\gitProject\xdm\app\src\main\java\xdman\ui\laf\XDMComboBoxUI.java,xdman.ui.laf.XDMComboBoxUI$45,anonymous,1,0,1,,1.0,8,0,1,0,1,1,1,0.0,0.0,5.0,0.0,0.0,-1.0,3.0,45,1.0,0.0,1.0,,1.0,8.0,0.0,1.0,0.0,1.0,1.0,1.0,0.0,0.0,5.0,0.0,0.0,-1.0,3.0,45.0
C:\Users\syuuj\gitProject\xdm\app\src\main\java\xdman\XDMApp.java,xdman.XDMApp$184,anonymous,1,0,2,,0.0,8,0,3,0,0,1,2,0.0,-1.0,2.0,0.0,0.0,-1.0,2.0,184,,,,,,,,,,,,,,,,,,,,
C:\Users\syuuj\gitProject\xdm\app\src\main\java\xdman\ui\components\SettingsPage.java,xdman.ui.components.SettingsPage$1301,anonymous,1,0,1,,0.0,5,0,1,0,0,1,1,0.0,0.0,0.0,0.0,-1.0,-1.0,0.0,1301,,,,,,,,,,,,,,,,,,,,
C:\Users\syuuj\gitProject\xdm\app\src\main\java\xdman\ui\components\VideoDownloadWindow.java,xdman.ui.components.VideoDownloadWindow,class,6,2,17,0.2,0.810606,240,0,88,0,9,12,37,0.0,0.0,180.0,33.0,0.15492958,-1.0,31.0,44,6.0,2.0,17.0,0.2,0.810606,240.0,0.0,88.0,0.0,9.0,12.0,37.0,0.0,0.0,181.0,33.0,0.1542056,-1.0,32.0,44.0
C:\Users\syuuj\gitProject\xdm\app\src\main\java\xdman\util\FFmpegDownloader.java,xdman.util.FFmpegDownloader,class,1,4,14,0.54545456,0.84415585,150,0,36,0,7,14,38,0.0,-1.0,35.0,21.0,0.375,-1.0,10.0,20,1.0,4.0,14.0,0.54545456,0.84415585,150.0,0.0,36.0,0.0,7.0,14.0,38.0,0.0,-1.0,35.0,21.0,0.375,-1.0,10.0,20.0
C:\Users\syuuj\gitProject\xdm\app\src\main\java\xdman\monitoring\BrowserMonitor.java,xdman.monitoring.BrowserMonitor,class,1,7,8,0.0,0.8888889,150,0,48,0,3,9,28,0.0,-1.0,51.0,7.0,0.12068965,-1.0,10.0,24,1.0,2.0,4.0,0.0,0.6666667,35.0,0.0,9.0,0.0,1.0,3.0,7.0,0.0,-1.0,1.0,3.0,0.75,-1.0,1.0,11.0
C:\Users\syuuj\gitProject\xdm\app\src\main\java\xdman\util\UpdateChecker.java,xdman.util.UpdateChecker$58,anonymous,1,0,0,,0.0,5,0,1,0,0,1,1,0.0,-1.0,0.0,0.0,-1.0,-1.0,0.0,58,1.0,0.0,0.0,,0.0,5.0,0.0,1.0,0.0,0.0,1.0,1.0,0.0,-1.0,0.0,0.0,-1.0,-1.0,0.0,58.0
C:\Users\syuuj\gitProject\xdm\app\src\main\java\xdman\monitoring\YtUtil.java,xdman.monitoring.DASH_INFO,class,1,2,1,-1.0,,9,0,0,0,7,0,0,0.0,-1.0,0.0,0.0,-1.0,-1.0,0.0,160,1.0,2.0,1.0,-1.0,,9.0,0.0,0.0,0.0,7.0,0.0,0.0,0.0,-1.0,0.0,0.0,-1.0,-1.0,0.0,160.0
C:\Users\syuuj\gitProject\xdm\app\src\main\java\xdman\CredentialManager.java,xdman.CredentialManager,class,1,5,6,0.22222222,0.6944444,118,0,35,0,3,12,30,0.0,-1.0,21.0,5.0,0.1923077,-1.0,5.0,21,1.0,5.0,6.0,0.22222222,0.6944444,118.0,0.0,35.0,0.0,3.0,12.0,30.0,0.0,-1.0,21.0,5.0,0.1923077,-1.0,5.0,21.0
C:\Users\syuuj\gitProject\xdm\app\src\main\java\xdman\ui\components\MessageBox.java,xdman.ui.components.MessageBox,class,6,7,10,0.4,0.8286714,240,0,55,1,15,13,22,0.0,0.0,144.0,58.0,0.28712872,-1.0,20.0,36,6.0,6.0,10.0,0.30555555,0.8223141,234.0,0.0,54.0,1.0,15.0,11.0,20.0,0.0,0.0,144.0,54.0,0.27272728,-1.0,20.0,36.0
C:\Users\syuuj\gitProject\xdm\app\src\main\java\xdman\DownloadListener.java,xdman.DownloadListener,interface,1,12,0,0.0,0.0,9,0,0,0,0,7,7,0.0,-1.0,0.0,0.0,-1.0,-1.0,0.0,3,1.0,12.0,0.0,0.0,0.0,9.0,0.0,0.0,0.0,0.0,7.0,7.0,0.0,-1.0,0.0,0.0,-1.0,-1.0,0.0,3.0
C:\Users\syuuj\gitProject\xdm\app\src\main\java\xdman\ui\components\MessageBox.java,xdman.ui.components.MessageBox$178,anonymous,1,0,0,0.0,0.0,8,0,1,0,0,2,2,0.0,-1.0,3.0,0.0,0.0,-1.0,2.0,178,,,,,,,,,,,,,,,,,,,,
C:\Users\syuuj\gitProject\xdm\app\src\main\java\xdman\ui\components\BarPanel.java,xdman.ui.components.BarPanel,class,5,1,1,1.0,0.5,21,0,9,0,2,2,3,0.0,0.0,10.0,2.0,0.16666667,-1.0,4.0,11,5.0,1.0,1.0,1.0,0.5,13.0,0.0,7.0,0.0,2.0,2.0,2.0,0.0,0.0,5.0,2.0,0.2857143,-1.0,3.0,9.0
C:\Users\syuuj\gitProject\xdm\app\src\main\java\xdman\network\http\HttpContext.java,xdman.network.http.HttpContext$58,anonymous,1,0,0,0.0,0.0,17,0,0,0,0,7,7,0.0,0.0,0.0,0.0,-1.0,-1.0,0.0,58,1.0,0.0,0.0,0.0,0.0,17.0,0.0,0.0,0.0,0.0,7.0,7.0,0.0,0.0,0.0,0.0,-1.0,-1.0,0.0,58.0
C:\Users\syuuj\gitProject\xdm\app\src\main\java\xdman\ui\components\VideoConversionWnd.java,xdman.ui.components.VideoConversionWnd$553,anonymous,1,0,1,,0.0,5,0,1,0,0,1,1,0.0,-1.0,0.0,0.0,-1.0,-1.0,0.0,553,1.0,0.0,1.0,,0.0,5.0,0.0,1.0,0.0,0.0,1.0,1.0,0.0,-1.0,0.0,0.0,-1.0,-1.0,0.0,553.0
C:\Users\syuuj\gitProject\xdm\app\src\main\java\xdman\network\http\ChunkedInputStream.java,xdman.network.http.ChunkedInputStream,class,2,2,2,0.6666667,0.6262626,164,0,16,0,11,9,44,0.0,0.0,1.0,55.0,0.98214287,-1.0,1.0,48,2.0,2.0,2.0,0.6666667,0.6262626,164.0,0.0,16.0,0.0,11.0,9.0,44.0,0.0,0.0,1.0,55.0,0.98214287,-1.0,1.0,48.0
C:\Users\syuuj\gitProject\xdm\app\src\main\java\xdman\Config.java,xdman.Config,class,1,56,5,0.6231488,0.96957517,794,0,36,0,45,134,220,0.0,-1.0,15.0,308.0,0.95356035,-1.0,4.0,15,1.0,54.0,5.0,0.6575428,0.9677419,769.0,0.0,36.0,0.0,43.0,128.0,213.0,0.0,-1.0,15.0,299.0,0.9522293,-1.0,4.0,15.0
C:\Users\syuuj\gitProject\xdm\app\src\main\java\xdman\mediaconversion\MediaConversionListener.java,xdman.mediaconversion.MediaConversionListener,interface,1,7,0,,0.0,3,0,0,0,0,1,1,0.0,-1.0,0.0,0.0,-1.0,-1.0,0.0,3,1.0,7.0,0.0,,0.0,3.0,0.0,0.0,0.0,0.0,1.0,1.0,0.0,-1.0,0.0,0.0,-1.0,-1.0,0.0,3.0
C:\Users\syuuj\gitProject\xdm\app\src\main\java\xdman\network\http\JavaClientRequiredException.java,xdman.network.http.JavaClientRequiredException,class,4,3,0,-1.0,,3,0,0,0,1,0,0,0.0,0.0,0.0,0.0,-1.0,-1.0,0.0,5,4.0,3.0,0.0,-1.0,,3.0,0.0,0.0,0.0,1.0,0.0,0.0,0.0,0.0,0.0,0.0,-1.0,-1.0,0.0,5.0
C:\Users\syuuj\gitProject\xdm\app\src\main\java\xdman\mediaconversion\MediaInfoExtractor.java,xdman.mediaconversion.MediaInfoExtractor,class,1,1,5,1.0,0.33333334,92,0,26,0,3,3,17,0.0,-1.0,19.0,8.0,0.2962963,-1.0,5.0,17,1.0,1.0,5.0,1.0,0.33333334,92.0,0.0,26.0,0.0,3.0,3.0,17.0,0.0,-1.0,19.0,8.0,0.2962963,-1.0,5.0,17.0
C:\Users\syuuj\gitProject\xdm\app\src\main\java\xdman\downloaders\AbstractChannel.java,xdman.downloaders.AbstractChannel,class,1,12,6,0.16666667,0.7884616,164,2,27,0,8,13,41,0.0,-1.0,24.0,31.0,0.56363636,-1.0,3.0,8,1.0,12.0,6.0,0.16666667,0.7884616,164.0,2.0,27.0,0.0,8.0,13.0,41.0,0.0,-1.0,24.0,31.0,0.56363636,-1.0,3.0,8.0
C:\Users\syuuj\gitProject\xdm\app\src\main\java\xdman\ui\components\VideoPopup.java,xdman.ui.components.VideoPopup$193,anonymous,1,0,0,0.0,0.0,19,0,6,0,0,2,4,0.0,0.0,7.0,0.0,0.0,-1.0,3.0,193,1.0,0.0,0.0,0.0,0.0,19.0,0.0,6.0,0.0,0.0,2.0,4.0,0.0,0.0,7.0,0.0,0.0,-1.0,3.0,193.0
C:\Users\syuuj\gitProject\xdm\app\src\main\java\xdman\downloaders\SegmentDownloader.java,xdman.downloaders.SegmentDownloader,class,2,6,22,0.018181818,0.8977273,529,2,93,0,4,22,114,34.0,0.14285715,97.0,140.0,0.5907173,0.9411765,12.0,28,2.0,6.0,22.0,0.018181818,0.8977273,529.0,2.0,93.0,0.0,4.0,22.0,114.0,34.0,0.14285715,97.0,140.0,0.5907173,0.9411765,12.0,28.0
C:\Users\syuuj\gitProject\xdm\app\src\main\java\xdman\network\ProxyResolver.java,xdman.network.ProxyResolver,class,1,4,2,,0.0,29,0,8,0,0,1,10,0.0,-1.0,13.0,0.0,0.0,-1.0,2.0,6,1.0,4.0,2.0,,0.0,29.0,0.0,8.0,0.0,0.0,1.0,10.0,0.0,-1.0,13.0,0.0,0.0,-1.0,2.0,6.0
C:\Users\syuuj\gitProject\xdm\app\src\main\java\xdman\ui\components\SimpleListRenderer.java,xdman.ui.components.SimpleListRenderer,class,5,5,4,0.0,1.0,20,0,12,0,1,2,4,0.0,0.0,16.0,0.0,0.0,-1.0,6.0,17,5.0,5.0,4.0,0.0,1.0,20.0,0.0,12.0,0.0,1.0,2.0,4.0,0.0,0.0,16.0,0.0,0.0,-1.0,6.0,17.0
C:\Users\syuuj\gitProject\xdm\app\src\main\java\xdman\ui\res\ImageResource.java,xdman.ui.res.ImageResource,class,1,34,2,0.0,0.0,50,0,9,0,0,2,4,0.0,-1.0,15.0,0.0,0.0,-1.0,4.0,22,1.0,35.0,2.0,0.0,0.6666667,39.0,0.0,7.0,0.0,2.0,3.0,10.0,0.0,-1.0,4.0,4.0,0.5,-1.0,3.0,10.0
C:\Users\syuuj\gitProject\xdm\app\src\main\java\xdman\XDMApp.java,xdman.XDMApp,class,1,36,39,0.2053872,0.95777774,1148,0,232,0,24,75,286,0.0,-1.0,375.0,63.0,0.14383562,-1.0,35.0,64,1.0,35.0,37.0,0.21698113,0.9510763,1104.0,0.0,226.0,0.0,21.0,73.0,282.0,0.0,-1.0,356.0,58.0,0.14009662,-1.0,33.0,62.0
C:\Users\syuuj\gitProject\xdm\app\src\main\java\xdman\downloaders\ftp\FtpDownloader.java,xdman.downloaders.ftp.FtpDownloader,class,3,1,5,0.14285715,0.5714286,25,0,1,0,1,7,7,35.0,1.0,2.0,2.0,0.5,0.0,2.0,9,3.0,1.0,5.0,0.14285715,0.5714286,25.0,0.0,1.0,0.0,1.0,7.0,7.0,35.0,1.0,2.0,2.0,0.5,0.0,2.0,9.0
C:\Users\syuuj\gitProject\xdm\app\src\main\java\xdman\downloaders\http\HttpChannel.java,xdman.downloaders.http.HttpChannel,class,2,9,14,1.0,0.7878788,260,1,43,0,9,11,66,8.0,0.4,44.0,61.0,0.5809524,0.375,7.0,26,2.0,9.0,14.0,1.0,0.7878788,254.0,1.0,40.0,0.0,9.0,11.0,65.0,8.0,0.4,41.0,61.0,0.5980392,0.375,6.0,23.0
C:\Users\syuuj\gitProject\xdm\app\src\main\java\xdman\win32\NativeMethods.java,xdman.win32.NativeMethods,class,1,2,3,0.0,0.875,24,0,5,0,1,8,10,0.0,-1.0,3.0,3.0,0.5,-1.0,2.0,8,1.0,2.0,3.0,0.0,0.875,24.0,0.0,5.0,0.0,1.0,8.0,10.0,0.0,-1.0,3.0,3.0,0.5,-1.0,2.0,8.0
C:\Users\syuuj\gitProject\xdm\app\src\main\java\xdman\network\http\HttpHeader.java,xdman.network.http.HttpHeader,class,1,11,1,0.47619048,0.5714286,29,0,3,0,1,7,8,0.0,-1.0,0.0,6.0,1.0,-1.0,0.0,3,1.0,11.0,1.0,0.47619048,0.5714286,29.0,0.0,3.0,0.0,1.0,7.0,8.0,0.0,-1.0,0.0,6.0,1.0,-1.0,0.0,3.0
C:\Users\syuuj\gitProject\xdm\app\src\main\java\xdman\ui\components\MediaFormatWnd.java,xdman.ui.components.MediaFormatWnd,class,6,3,18,0.16666667,0.6984127,287,0,90,0,6,9,21,0.0,0.0,276.0,48.0,0.14814815,-1.0,28.0,38,6.0,3.0,18.0,0.16666667,0.6984127,287.0,0.0,90.0,0.0,6.0,9.0,21.0,0.0,0.0,277.0,48.0,0.14769231,-1.0,29.0,38.0
C:\Users\syuuj\gitProject\xdm\app\src\main\java\xdman\ui\components\NewDownloadWindow.java,xdman.ui.components.NewDownloadWindow,class,6,2,15,0.2,0.78787875,262,0,94,0,7,11,38,0.0,0.0,194.0,27.0,0.122171946,-1.0,31.0,44,6.0,2.0,15.0,0.2,0.78787875,259.0,0.0,93.0,0.0,7.0,11.0,38.0,0.0,0.0,194.0,27.0,0.122171946,-1.0,32.0,44.0
C:\Users\syuuj\gitProject\xdm\app\src\main\java\xdman\ui\res\StringResource.java,xdman.ui.res.StringResource,class,1,36,3,,0.5,52,0,12,0,1,2,10,0.0,-1.0,5.0,4.0,0.44444445,-1.0,3.0,12,1.0,36.0,3.0,,0.5,37.0,0.0,11.0,0.0,1.0,2.0,7.0,0.0,-1.0,4.0,4.0,0.5,-1.0,3.0,12.0
C:\Users\syuuj\gitProject\xdm\app\src\main\java\xdman\LinkRefreshCallback.java,xdman.LinkRefreshCallback,interface,1,2,1,0.0,0.0,4,0,0,0,0,2,2,0.0,-1.0,0.0,0.0,-1.0,-1.0,0.0,5,1.0,2.0,1.0,0.0,0.0,4.0,0.0,0.0,0.0,0.0,2.0,2.0,0.0,-1.0,0.0,0.0,-1.0,-1.0,0.0,5.0
C:\Users\syuuj\gitProject\xdm\app\src\main\java\xdman\downloaders\metadata\HttpMetadata.java,xdman.downloaders.metadata.HttpMetadata,class,1,38,9,0.8666667,0.7066667,213,3,46,0,5,15,53,0.0,-1.0,31.0,32.0,0.50793654,-1.0,7.0,11,1.0,37.0,9.0,0.8666667,0.7066667,213.0,3.0,46.0,0.0,5.0,15.0,53.0,0.0,-1.0,31.0,32.0,0.50793654,-1.0,7.0,11.0
C:\Users\syuuj\gitProject\xdm\app\src\main\java\xdman\ui\components\BatchPatternDialog.java,xdman.ui.components.BatchPatternDialog,class,6,3,12,0.0,0.7611336,374,0,90,0,11,13,36,0.0,0.0,280.0,48.0,0.14634146,-1.0,26.0,48,6.0,3.0,12.0,0.0,0.7611336,374.0,0.0,90.0,0.0,11.0,13.0,36.0,0.0,0.0,281.0,48.0,0.14589666,-1.0,27.0,48.0
C:\Users\syuuj\gitProject\xdm\app\src\main\java\xdman\ui\components\UpdateNotifyPanel.java,xdman.ui.components.UpdateNotifyPanel$47,anonymous,1,0,3,,0.0,12,0,4,0,0,1,2,0.0,-1.0,5.0,0.0,0.0,-1.0,3.0,47,1.0,0.0,3.0,,0.0,12.0,0.0,4.0,0.0,0.0,1.0,2.0,0.0,-1.0,5.0,0.0,0.0,-1.0,3.0,47.0
C:\Users\syuuj\gitProject\xdm\app\src\main\java\xdman\videoparser\YdlResponse.java,xdman.videoparser.YdlResponse$260,anonymous,1,0,1,,0.0,21,0,0,0,0,1,5,0.0,-1.0,8.0,0.0,0.0,-1.0,1.0,260,1.0,0.0,1.0,,0.0,21.0,0.0,0.0,0.0,0.0,1.0,5.0,0.0,-1.0,8.0,0.0,0.0,-1.0,1.0,260.0
C:\Users\syuuj\gitProject\xdm\app\src\main\java\xdman\monitoring\Response.java,xdman.monitoring.Response,class,1,1,2,1.0,0.6666667,56,0,7,0,4,9,17,0.0,-1.0,5.0,17.0,0.77272725,-1.0,2.0,8,1.0,1.0,2.0,1.0,0.6666667,46.0,0.0,7.0,0.0,4.0,9.0,15.0,0.0,-1.0,4.0,15.0,0.7894737,-1.0,2.0,8.0
C:\Users\syuuj\gitProject\xdm\app\src\main\java\xdman\network\http\XDMHttpClient.java,xdman.network.http.XDMHttpClient,class,2,3,11,1.0,0.6666667,115,0,35,0,7,9,23,5.0,0.625,27.0,22.0,0.4489796,0.6,8.0,14,2.0,3.0,11.0,1.0,0.6666667,115.0,0.0,35.0,0.0,7.0,9.0,23.0,5.0,0.625,27.0,22.0,0.4489796,0.6,8.0,14.0
C:\Users\syuuj\gitProject\xdm\app\src\main\java\xdman\util\BrowserLauncher.java,xdman.util.BrowserLauncher,class,1,1,2,0.0,0.0,59,0,7,0,0,2,20,0.0,-1.0,20.0,0.0,0.0,-1.0,4.0,5,1.0,1.0,2.0,0.0,0.0,59.0,0.0,7.0,0.0,0.0,2.0,20.0,0.0,-1.0,19.0,0.0,0.0,-1.0,4.0,5.0
C:\Users\syuuj\gitProject\xdm\app\src\main\java\xdman\ui\laf\XDMTheme.java,xdman.ui.laf.XDMTheme,class,4,1,3,0.23076923,0.84285706,108,0,11,0,8,14,14,0.0,0.0,57.0,13.0,0.18571429,-1.0,4.0,15,4.0,1.0,3.0,0.23076923,0.84285706,108.0,0.0,11.0,0.0,8.0,14.0,14.0,0.0,0.0,57.0,13.0,0.18571429,-1.0,4.0,15.0
C:\Users\syuuj\gitProject\xdm\app\src\main\java\xdman\ui\components\VideoDownloadItem.java,xdman.ui.components.VideoDownloadItem,class,1,1,0,-1.0,,3,0,0,0,1,0,0,0.0,-1.0,0.0,0.0,-1.0,-1.0,0.0,3,1.0,1.0,0.0,-1.0,,3.0,0.0,0.0,0.0,1.0,0.0,0.0,0.0,-1.0,0.0,0.0,-1.0,-1.0,0.0,3.0
C:\Users\syuuj\gitProject\xdm\app\src\main\java\xdman\ui\components\XDMFrame.java,xdman.ui.components.XDMFrame$372,anonymous,1,0,1,,0.0,7,0,1,0,0,1,2,0.0,-1.0,2.0,0.0,0.0,-1.0,1.0,372,,,,,,,,,,,,,,,,,,,,
C:\Users\syuuj\gitProject\xdm\app\src\main\java\xdman\preview\ChunkLoader.java,xdman.preview.ChunkComparator,class,1,1,1,,0.0,13,0,0,0,0,1,3,0.0,-1.0,4.0,0.0,0.0,-1.0,1.0,186,1.0,1.0,1.0,,0.0,13.0,0.0,0.0,0.0,0.0,1.0,3.0,0.0,-1.0,4.0,0.0,0.0,-1.0,1.0,186.0
C:\Users\syuuj\gitProject\xdm\app\src\main\java\xdman\ui\components\NewDownloadWindow.java,xdman.ui.components.NewDownloadWindow$83,anonymous,1,0,0,,0.0,5,0,1,0,0,1,1,0.0,0.0,0.0,0.0,-1.0,-1.0,0.0,83,,,,,,,,,,,,,,,,,,,,
C:\Users\syuuj\gitProject\xdm\app\src\main\java\xdman\ui\components\VideoConversionWnd.java,xdman.ui.components.VideoConversionWnd$428,anonymous,1,0,1,,0.0,11,0,5,0,0,1,3,0.0,-1.0,5.0,0.0,0.0,-1.0,3.0,428,1.0,0.0,1.0,,0.0,11.0,0.0,5.0,0.0,0.0,1.0,3.0,0.0,-1.0,5.0,0.0,0.0,-1.0,3.0,428.0
C:\Users\syuuj\gitProject\xdm\app\src\main\java\xdman\network\HostUnreachableException.java,xdman.network.HostUnreachableException,class,4,1,0,0.0,0.0,7,0,0,0,0,2,2,0.0,0.0,0.0,0.0,-1.0,-1.0,0.0,6,4.0,1.0,0.0,0.0,0.0,7.0,0.0,0.0,0.0,0.0,2.0,2.0,0.0,0.0,0.0,0.0,-1.0,-1.0,0.0,6.0
C:\Users\syuuj\gitProject\xdm\app\src\main\java\xdman\ui\components\TrayHandler.java,xdman.ui.components.TrayHandler$55,anonymous,1,0,8,,0.0,45,0,16,0,0,1,13,0.0,-1.0,16.0,0.0,0.0,-1.0,8.0,55,1.0,0.0,8.0,,0.0,45.0,0.0,16.0,0.0,0.0,1.0,13.0,0.0,-1.0,16.0,0.0,0.0,-1.0,8.0,55.0
C:\Users\syuuj\gitProject\xdm\app\src\main\java\xdman\ui\components\TrayHandler.java,xdman.ui.components.TrayHandler$150,anonymous,1,0,1,,0.0,7,0,4,0,0,1,3,0.0,0.0,4.0,0.0,0.0,-1.0,2.0,150,1.0,0.0,1.0,,0.0,7.0,0.0,4.0,0.0,0.0,1.0,3.0,0.0,0.0,4.0,0.0,0.0,-1.0,2.0,150.0
C:\Users\syuuj\gitProject\xdm\app\src\main\java\xdman\ui\laf\XDMMenuItemUI.java,xdman.ui.laf.XDMMenuItemUI,class,5,2,3,0.2,0.6666667,54,0,19,0,1,6,13,0.0,0.0,26.0,4.0,0.13333334,-1.0,8.0,22,5.0,2.0,3.0,0.2,0.6666667,54.0,0.0,19.0,0.0,1.0,6.0,13.0,0.0,0.0,26.0,4.0,0.13333334,-1.0,8.0,22.0
C:\Users\syuuj\gitProject\xdm\app\src\main\java\xdman\ui\components\VideoConversionWnd.java,xdman.ui.components.VideoConversionWnd$607,anonymous,1,0,1,,0.0,5,0,1,0,0,1,1,0.0,-1.0,0.0,0.0,-1.0,-1.0,0.0,607,1.0,0.0,1.0,,0.0,5.0,0.0,1.0,0.0,0.0,1.0,1.0,0.0,-1.0,0.0,0.0,-1.0,-1.0,0.0,607.0
C:\Users\syuuj\gitProject\xdm\app\src\main\java\xdman\network\ftp\FtpClient.java,xdman.network.ftp.FtpClient,class,1,2,4,1.0,0.84615386,146,0,25,0,10,16,32,0.0,-1.0,19.0,52.0,0.73239434,-1.0,4.0,14,1.0,2.0,4.0,1.0,0.84615386,146.0,0.0,25.0,0.0,10.0,16.0,32.0,0.0,-1.0,19.0,52.0,0.73239434,-1.0,4.0,14.0
C:\Users\syuuj\gitProject\xdm\app\src\main\java\xdman\downloaders\Downloader.java,xdman.downloaders.Downloader,class,1,14,13,0.24444444,0.9566667,244,4,32,0,25,36,75,0.0,-1.0,26.0,32.0,0.55172414,-1.0,10.0,19,1.0,14.0,13.0,0.24444444,0.9566667,244.0,4.0,32.0,0.0,25.0,36.0,75.0,0.0,-1.0,26.0,32.0,0.55172414,-1.0,10.0,19.0
C:\Users\syuuj\gitProject\xdm\app\src\main\java\xdman\network\ICredentialManager.java,xdman.network.ICredentialManager,interface,1,2,0,0.0,0.0,8,0,0,0,0,6,6,0.0,-1.0,0.0,0.0,-1.0,-1.0,0.0,3,1.0,2.0,0.0,0.0,0.0,8.0,0.0,0.0,0.0,0.0,6.0,6.0,0.0,-1.0,0.0,0.0,-1.0,-1.0,0.0,3.0
C:\Users\syuuj\gitProject\xdm\app\src\main\java\xdman\ui\components\MainWindow.java,xdman.ui.components.MainWindow$485,anonymous,1,0,1,,0.0,5,0,1,0,0,1,1,0.0,0.0,1.0,0.0,0.0,-1.0,1.0,485,,,,,,,,,,,,,,,,,,,,
C:\Users\syuuj\gitProject\xdm\app\src\main\java\xdman\ui\components\ComponentInstaller.java,xdman.ui.components.ComponentInstaller$222,anonymous,1,0,1,,0.0,5,0,1,0,0,1,1,0.0,0.0,0.0,0.0,-1.0,-1.0,0.0,222,1.0,0.0,1.0,,0.0,5.0,0.0,1.0,0.0,0.0,1.0,1.0,0.0,0.0,0.0,0.0,-1.0,-1.0,0.0,222.0
C:\Users\syuuj\gitProject\xdm\app\src\main\java\xdman\network\http\proxy\ProxyHandler.java,xdman.network.http.proxy.ProxyHandler,interface,1,0,2,0.0,0.0,6,0,0,0,0,4,4,0.0,-1.0,0.0,0.0,-1.0,-1.0,0.0,5,1.0,0.0,2.0,0.0,0.0,6.0,0.0,0.0,0.0,0.0,4.0,4.0,0.0,-1.0,0.0,0.0,-1.0,-1.0,0.0,5.0
C:\Users\syuuj\gitProject\xdm\app\src\main\java\xdman\ui\components\MediaImageSource.java,xdman.ui.components.MediaImageSource,interface,1,3,0,,0.0,3,0,0,0,0,1,1,0.0,-1.0,0.0,0.0,-1.0,-1.0,0.0,5,1.0,3.0,0.0,,0.0,3.0,0.0,0.0,0.0,0.0,1.0,1.0,0.0,-1.0,0.0,0.0,-1.0,-1.0,0.0,5.0
C:\Users\syuuj\gitProject\xdm\app\src\main\java\xdman\mediaconversion\Format.java,xdman.mediaconversion.Format,class,1,7,1,0.6030748,0.94814825,426,0,21,0,25,54,144,0.0,-1.0,1.0,96.0,0.9896907,-1.0,1.0,9,1.0,7.0,1.0,0.6030748,0.94814825,426.0,0.0,21.0,0.0,25.0,54.0,144.0,0.0,-1.0,1.0,96.0,0.9896907,-1.0,1.0,9.0
C:\Users\syuuj\gitProject\xdm\app\src\main\java\xdman\ui\components\BatchDownloadWnd.java,xdman.ui.components.BatchDownloadWnd$345,anonymous,1,0,1,,0.0,8,0,5,0,0,1,1,0.0,0.0,5.0,0.0,0.0,-1.0,4.0,345,1.0,0.0,1.0,,0.0,8.0,0.0,5.0,0.0,0.0,1.0,1.0,0.0,0.0,5.0,0.0,0.0,-1.0,4.0,345.0
C:\Users\syuuj\gitProject\xdm\app\src\main\java\xdman\ui\components\MessageBox.java,xdman.ui.components.MessageBox$252,anonymous,1,0,0,,0.0,6,0,3,0,0,1,1,0.0,0.0,8.0,0.0,0.0,-1.0,3.0,252,,,,,,,,,,,,,,,,,,,,
C:\Users\syuuj\gitProject\xdm\app\src\main\java\xdman\ui\components\MessageBox.java,xdman.ui.components.MessageBox$262,anonymous,1,0,0,,0.0,11,0,6,0,0,1,3,0.0,0.0,7.0,0.0,0.0,-1.0,4.0,262,,,,,,,,,,,,,,,,,,,,
C:\Users\syuuj\gitProject\xdm\app\src\main\java\xdman\ui\res\ImageResource.java,xdman.ui.res.ImageResource$72,anonymous,1,0,0,0.0,0.0,15,0,4,0,0,3,3,0.0,-1.0,6.0,0.0,0.0,-1.0,2.0,72,,,,,,,,,,,,,,,,,,,,
C:\Users\syuuj\gitProject\xdm\app\src\main\java\xdman\util\NativeMessagingHostInstaller.java,xdman.util.NativeMessagingHostInstaller$BrowserType,enum,1,0,0,-1.0,0.0,1,0,0,0,0,0,0,0.0,0.0,0.0,0.0,-1.0,-1.0,0.0,142,,,,,,,,,,,,,,,,,,,,
C:\Users\syuuj\gitProject\xdm\app\src\main\java\xdman\monitoring\M3U8Handler.java,xdman.monitoring.M3U8Handler,class,1,1,9,,0.0,58,0,23,0,0,1,13,0.0,-1.0,26.0,0.0,0.0,-1.0,8.0,14,1.0,1.0,9.0,,0.0,51.0,0.0,21.0,0.0,0.0,1.0,13.0,0.0,-1.0,26.0,0.0,0.0,-1.0,8.0,14.0
C:\Users\syuuj\gitProject\xdm\app\src\main\java\xdman\ui\components\TitlePanel.java,xdman.ui.components.TitlePanel$38,anonymous,1,0,0,,0.0,5,0,3,0,0,1,1,0.0,0.0,5.0,0.0,0.0,-1.0,3.0,38,1.0,0.0,0.0,,0.0,5.0,0.0,3.0,0.0,0.0,1.0,1.0,0.0,0.0,5.0,0.0,0.0,-1.0,3.0,38.0
C:\Users\syuuj\gitProject\xdm\app\src\main\java\xdman\ui\components\XDMFrame.java,xdman.ui.components.XDMFrame$363,anonymous,1,0,1,,0.0,7,0,1,0,0,1,2,0.0,-1.0,2.0,0.0,0.0,-1.0,1.0,363,,,,,,,,,,,,,,,,,,,,
C:\Users\syuuj\gitProject\xdm\app\src\main\java\xdman\monitoring\YtUtil.java,xdman.monitoring.YtUtil,class,1,1,2,0.1,0.4,140,0,8,0,4,4,29,0.0,-1.0,13.0,5.0,0.2777778,-1.0,3.0,8,1.0,1.0,2.0,0.1,0.4,140.0,0.0,8.0,0.0,4.0,4.0,29.0,0.0,-1.0,13.0,5.0,0.2777778,-1.0,3.0,8.0
C:\Users\syuuj\gitProject\xdm\app\src\main\java\xdman\ui\components\VideoTableModel.java,xdman.ui.components.VideoTableModel,class,2,2,2,0.46666667,0.75,44,0,7,0,2,10,12,0.0,0.0,6.0,1.0,0.14285715,-1.0,2.0,8,2.0,2.0,2.0,0.46666667,0.75,44.0,0.0,7.0,0.0,2.0,10.0,12.0,0.0,0.0,6.0,1.0,0.14285715,-1.0,2.0,8.0
C:\Users\syuuj\gitProject\xdm\app\src\main\java\xdman\ui\laf\XDMScrollBarUI.java,xdman.ui.laf.XDMScrollBarUI,class,4,2,5,0.21428572,0.6031746,93,0,21,0,4,9,24,0.0,0.0,60.0,23.0,0.27710843,-1.0,10.0,22,4.0,2.0,5.0,0.21428572,0.6031746,93.0,0.0,21.0,0.0,4.0,9.0,24.0,0.0,0.0,60.0,23.0,0.27710843,-1.0,10.0,22.0
C:\Users\syuuj\gitProject\xdm\app\src\main\java\xdman\downloaders\hds\HdsDownloader.java,xdman.downloaders.hds.HdsDownloader,class,2,3,22,0.10989011,0.89090914,595,0,111,0,11,25,120,34.0,0.29166666,94.0,146.0,0.60833335,0.9117647,15.0,36,2.0,3.0,22.0,0.10989011,0.89090914,595.0,0.0,111.0,0.0,11.0,25.0,120.0,34.0,0.29166666,94.0,146.0,0.60833335,0.9117647,15.0,36.0
C:\Users\syuuj\gitProject\xdm\app\src\main\java\xdman\ui\components\SettingsPage.java,xdman.ui.components.SettingsPage$206,anonymous,1,0,0,,0.0,5,0,2,0,0,1,1,0.0,-1.0,2.0,0.0,0.0,-1.0,2.0,206,,,,,,,,,,,,,,,,,,,,
C:\Users\syuuj\gitProject\xdm\app\src\main\java\xdman\util\Logger.java,xdman.util.Logger,class,1,85,1,,0.0,17,0,7,0,0,3,4,0.0,-1.0,4.0,3.0,0.42857143,-1.0,2.0,5,1.0,85.0,1.0,,0.0,17.0,0.0,7.0,0.0,0.0,3.0,4.0,0.0,-1.0,4.0,3.0,0.42857143,-1.0,2.0,5.0
C:\Users\syuuj\gitProject\xdm\app\src\main\java\xdman\mediaconversion\FFmpeg.java,xdman.mediaconversion.FFmpeg,class,1,8,7,0.8,0.85641026,234,0,48,0,12,13,55,0.0,-1.0,34.0,33.0,0.49253732,-1.0,8.0,16,1.0,8.0,7.0,0.8,0.85641026,234.0,0.0,48.0,0.0,12.0,13.0,55.0,0.0,-1.0,34.0,33.0,0.49253732,-1.0,8.0,16.0
C:\Users\syuuj\gitProject\xdm\app\src\main\java\xdman\downloaders\hds\HdsDownloader.java,xdman.downloaders.hds.HdsDownloader$486,anonymous,1,0,4,,0.0,22,0,6,0,0,1,4,0.0,-1.0,7.0,0.0,0.0,-1.0,3.0,486,1.0,0.0,4.0,,0.0,22.0,0.0,6.0,0.0,0.0,1.0,4.0,0.0,-1.0,7.0,0.0,0.0,-1.0,3.0,486.0
C:\Users\syuuj\gitProject\xdm\app\src\main\java\xdman\ui\components\VideoItemEditor.java,xdman.ui.components.VideoItemEditor,class,2,1,6,0.2857143,0.7142858,106,0,31,0,12,7,12,0.0,0.0,78.0,23.0,0.22772278,-1.0,13.0,26,2.0,1.0,6.0,0.2857143,0.7142858,106.0,0.0,31.0,0.0,12.0,7.0,12.0,0.0,0.0,78.0,23.0,0.22772278,-1.0,13.0,25.0
C:\Users\syuuj\gitProject\xdm\app\src\main\java\xdman\util\HttpDateParser.java,xdman.util.HttpDateParser,class,1,1,2,,0.0,19,0,5,0,1,1,4,0.0,-1.0,3.0,2.0,0.4,-1.0,3.0,9,1.0,1.0,2.0,,0.0,19.0,0.0,5.0,0.0,1.0,1.0,4.0,0.0,-1.0,3.0,2.0,0.4,-1.0,3.0,9.0
C:\Users\syuuj\gitProject\xdm\app\src\main\java\xdman\mediaconversion\MediaFormat.java,xdman.mediaconversion.MediaFormat,class,1,8,1,0.050574712,0.895238,97,0,1,0,3,30,31,0.0,-1.0,1.0,31.0,0.96875,-1.0,1.0,5,1.0,8.0,1.0,0.050574712,0.895238,97.0,0.0,1.0,0.0,3.0,30.0,31.0,0.0,-1.0,1.0,31.0,0.96875,-1.0,1.0,5.0
C:\Users\syuuj\gitProject\xdm\app\src\main\java\xdman\downloaders\hls\EncryptedHlsChannel.java,xdman.downloaders.hls.EncryptedHlsChannel,class,3,2,15,1.0,0.5,199,0,42,0,2,4,49,17.0,0.33333334,31.0,56.0,0.6436782,0.7647059,9.0,29,3.0,2.0,15.0,1.0,0.5,199.0,0.0,42.0,0.0,2.0,4.0,49.0,17.0,0.33333334,31.0,56.0,0.6436782,0.7647059,9.0,29.0
C:\Users\syuuj\gitProject\xdm\app\src\main\java\xdman\ui\components\PopupAdapter.java,xdman.ui.components.PopupAdapter,class,2,3,3,1.0,0.4,65,0,23,0,2,5,15,0.0,0.0,15.0,6.0,0.2857143,-1.0,4.0,19,2.0,3.0,3.0,1.0,0.4,65.0,0.0,23.0,0.0,2.0,5.0,15.0,0.0,0.0,15.0,6.0,0.2857143,-1.0,4.0,19.0
C:\Users\syuuj\gitProject\xdm\app\src\main\java\xdman\ui\components\QueueListRenderer.java,xdman.ui.components.QueueListRenderer,class,5,4,5,0.0,1.0,20,0,12,0,1,2,3,0.0,0.0,16.0,0.0,0.0,-1.0,7.0,17,5.0,4.0,5.0,0.0,1.0,20.0,0.0,12.0,0.0,1.0,2.0,3.0,0.0,0.0,16.0,0.0,0.0,-1.0,7.0,17.0
C:\Users\syuuj\gitProject\xdm\app\src\main\java\xdman\util\MimeUtil.java,xdman.util.MimeUtil,class,1,2,1,1.0,0.33333334,54,0,3,0,1,3,4,0.0,-1.0,1.0,2.0,0.6666667,-1.0,1.0,5,1.0,2.0,1.0,1.0,0.33333334,54.0,0.0,3.0,0.0,1.0,3.0,4.0,0.0,-1.0,1.0,2.0,0.6666667,-1.0,1.0,5.0
C:\Users\syuuj\gitProject\xdm\app\src\main\java\xdman\XDMApp.java,xdman.XDMApp$426,anonymous,1,0,6,,0.0,44,0,18,0,0,1,10,0.0,-1.0,14.0,0.0,0.0,-1.0,7.0,426,,,,,,,,,,,,,,,,,,,,
C:\Users\syuuj\gitProject\xdm\app\src\main\java\xdman\ui\components\DownloadTableModel.java,xdman.ui.components.DownloadTableModel,class,2,2,7,0.5833333,0.72727275,59,0,19,0,4,11,17,0.0,0.0,18.0,8.0,0.30769232,-1.0,5.0,10,2.0,2.0,7.0,0.5833333,0.72727275,59.0,0.0,19.0,0.0,4.0,11.0,17.0,0.0,0.0,18.0,8.0,0.30769232,-1.0,5.0,10.0
C:\Users\syuuj\gitProject\xdm\app\src\main\java\xdman\ui\components\DownloadWindow.java,xdman.ui.components.DownloadWindow$71,anonymous,1,0,1,,0.0,11,0,3,0,0,1,2,0.0,-1.0,3.0,0.0,0.0,-1.0,2.0,71,,,,,,,,,,,,,,,,,,,,
C:\Users\syuuj\gitProject\xdm\app\src\main\java\xdman\ui\components\BatchDownloadWnd.java,xdman.ui.components.BatchDownloadWnd$249,anonymous,1,0,0,,0.0,15,0,5,0,0,1,4,0.0,-1.0,3.0,0.0,0.0,-1.0,2.0,249,1.0,0.0,0.0,,0.0,15.0,0.0,5.0,0.0,0.0,1.0,4.0,0.0,-1.0,3.0,0.0,0.0,-1.0,2.0,249.0
C:\Users\syuuj\gitProject\xdm\app\src\main\java\xdman\downloaders\dash\DashDownloader.java,xdman.downloaders.dash.DashDownloader,class,2,3,22,0.032967035,0.89947087,627,0,100,0,6,27,146,34.0,0.26923078,120.0,157.0,0.566787,0.9117647,14.0,37,2.0,3.0,22.0,0.032967035,0.89947087,627.0,0.0,100.0,0.0,6.0,27.0,146.0,34.0,0.26923078,120.0,157.0,0.566787,0.9117647,14.0,37.0
C:\Users\syuuj\gitProject\xdm\app\src\main\java\xdman\ui\laf\XDMArrowButton.java,xdman.ui.laf.XDMArrowButton,class,7,0,0,,1.0,6,0,0,0,1,1,1,0.0,0.0,0.0,0.0,-1.0,-1.0,0.0,7,7.0,0.0,0.0,,1.0,6.0,0.0,0.0,0.0,1.0,1.0,1.0,0.0,0.0,0.0,0.0,-1.0,-1.0,0.0,7.0
C:\Users\syuuj\gitProject\xdm\app\src\main\java\xdman\ui\laf\XDMTextFieldUI.java,xdman.ui.laf.XDMTextFieldUI,class,5,2,2,0.33333334,0.33333334,14,0,3,0,1,3,3,0.0,0.0,0.0,1.0,1.0,-1.0,0.0,10,5.0,2.0,2.0,0.33333334,0.33333334,14.0,0.0,3.0,0.0,1.0,3.0,3.0,0.0,0.0,0.0,1.0,1.0,-1.0,0.0,10.0
C:\Users\syuuj\gitProject\xdm\app\src\main\java\xdman\ListChangeListener.java,xdman.ListChangeListener,interface,1,2,0,0.0,0.0,4,0,0,0,0,2,2,0.0,-1.0,0.0,0.0,-1.0,-1.0,0.0,3,1.0,2.0,0.0,0.0,0.0,4.0,0.0,0.0,0.0,0.0,2.0,2.0,0.0,-1.0,0.0,0.0,-1.0,-1.0,0.0,3.0
C:\Users\syuuj\gitProject\xdm\app\src\main\java\xdman\ui\components\MainWindow.java,xdman.ui.components.MainWindow$441,anonymous,1,0,1,,0.0,5,0,2,0,0,1,1,0.0,0.0,1.0,0.0,0.0,-1.0,1.0,441,,,,,,,,,,,,,,,,,,,,
C:\Users\syuuj\gitProject\xdm\app\src\main\java\xdman\network\ProxyInfo.java,xdman.network.ProxyInfo,class,1,0,0,0.6818182,0.56250006,89,0,7,0,4,12,28,0.0,-1.0,0.0,25.0,1.0,-1.0,0.0,3,1.0,0.0,0.0,0.6818182,0.56250006,89.0,0.0,7.0,0.0,4.0,12.0,28.0,0.0,-1.0,0.0,25.0,1.0,-1.0,0.0,3.0
C:\Users\syuuj\gitProject\xdm\app\src\main\java\xdman\ui\components\Page.java,xdman.ui.components.Page,class,5,7,8,0.53571427,0.82407403,109,3,34,0,9,9,10,0.0,0.0,57.0,38.0,0.4,-1.0,14.0,24,5.0,7.0,8.0,0.53571427,0.82407403,109.0,3.0,34.0,0.0,9.0,9.0,10.0,0.0,0.0,57.0,38.0,0.4,-1.0,14.0,24.0
C:\Users\syuuj\gitProject\xdm\app\src\main\java\xdman\ui\components\VideoConversionWnd.java,xdman.ui.components.VideoConversionWnd$634,anonymous,1,0,0,,0.0,6,0,3,0,0,1,1,0.0,-1.0,1.0,0.0,0.0,-1.0,1.0,634,1.0,0.0,0.0,,0.0,6.0,0.0,3.0,0.0,0.0,1.0,1.0,0.0,-1.0,1.0,0.0,0.0,-1.0,1.0,634.0
C:\Users\syuuj\gitProject\xdm\app\src\main\java\xdman\ui\components\PopupNotification.java,xdman.ui.components.PopupNotification,class,6,0,1,,1.0,10,0,6,0,1,1,1,0.0,0.0,6.0,0.0,0.0,-1.0,2.0,6,6.0,0.0,1.0,,1.0,10.0,0.0,6.0,0.0,1.0,1.0,1.0,0.0,0.0,6.0,0.0,0.0,-1.0,2.0,6.0
C:\Users\syuuj\gitProject\xdm\app\src\main\java\xdman\DownloadWindowListener.java,xdman.DownloadWindowListener,interface,1,3,0,0.0,0.0,4,0,0,0,0,2,2,0.0,-1.0,0.0,0.0,-1.0,-1.0,0.0,3,1.0,3.0,0.0,0.0,0.0,4.0,0.0,0.0,0.0,0.0,2.0,2.0,0.0,-1.0,0.0,0.0,-1.0,-1.0,0.0,3.0
C:\Users\syuuj\gitProject\xdm\app\src\main\java\xdman\network\http\HttpClient.java,xdman.network.http.HttpClient,class,1,7,2,0.09090909,0.8666667,34,2,3,0,5,12,12,0.0,-1.0,2.0,5.0,0.71428573,-1.0,1.0,8,1.0,7.0,2.0,0.09090909,0.8666667,34.0,2.0,3.0,0.0,5.0,12.0,12.0,0.0,-1.0,2.0,5.0,0.71428573,-1.0,1.0,8.0
C:\Users\syuuj\gitProject\xdm\app\src\main\java\xdman\ui\components\TrayHandler.java,xdman.ui.components.TrayHandler$165,anonymous,1,0,1,,0.0,5,0,3,0,0,1,1,0.0,-1.0,2.0,0.0,0.0,-1.0,2.0,165,1.0,0.0,1.0,,0.0,5.0,0.0,3.0,0.0,0.0,1.0,1.0,0.0,-1.0,2.0,0.0,0.0,-1.0,2.0,165.0
C:\Users\syuuj\gitProject\xdm\app\src\main\java\xdman\ui\components\AboutPage.java,xdman.ui.components.AboutPage,class,6,1,5,,1.0,36,0,19,0,1,1,1,4.0,0.0,39.0,0.0,0.0,0.0,12.0,16,6.0,1.0,5.0,,1.0,36.0,0.0,19.0,0.0,1.0,1.0,1.0,4.0,0.0,38.0,0.0,0.0,0.0,12.0,16.0
C:\Users\syuuj\gitProject\xdm\app\src\main\java\xdman\XDMApp.java,xdman.XDMApp$513,anonymous,1,0,2,,0.0,8,0,5,0,0,1,2,0.0,-1.0,2.0,0.0,0.0,-1.0,2.0,513,,,,,,,,,,,,,,,,,,,,
C:\Users\syuuj\gitProject\xdm\app\src\main\java\xdman\ui\components\Page.java,xdman.ui.components.Page$45,anonymous,1,0,0,-1.0,0.0,2,0,0,0,0,0,0,0.0,0.0,0.0,0.0,-1.0,-1.0,0.0,45,1.0,0.0,0.0,-1.0,0.0,2.0,0.0,0.0,0.0,0.0,0.0,0.0,0.0,0.0,0.0,0.0,-1.0,-1.0,0.0,45.0
C:\Users\syuuj\gitProject\xdm\app\src\main\java\xdman\ui\components\DownloadCompleteWnd.java,xdman.ui.components.DownloadCompleteWnd,class,6,2,10,0.0,0.625,142,0,54,0,3,4,14,0.0,0.0,155.0,6.0,0.03726708,-1.0,20.0,29,6.0,2.0,10.0,0.0,0.625,142.0,0.0,54.0,0.0,3.0,4.0,14.0,0.0,0.0,156.0,6.0,0.037037037,-1.0,21.0,29.0
C:\Users\syuuj\gitProject\xdm\app\src\main\java\xdman\ui\components\XDMTableCellRenderer.java,xdman.ui.components.XDMTableCellRenderer,class,1,1,6,1.0,0.0,97,0,28,0,3,2,8,0.0,-1.0,100.0,13.0,0.11504425,-1.0,13.0,16,1.0,1.0,6.0,1.0,0.0,90.0,0.0,26.0,0.0,2.0,2.0,8.0,0.0,-1.0,94.0,13.0,0.12149533,-1.0,12.0,14.0
C:\Users\syuuj\gitProject\xdm\app\src\main\java\xdman\downloaders\hls\HlsPlaylist.java,xdman.downloaders.hls.HlsPlaylist,class,1,3,1,0.16666667,0.75000006,39,0,0,0,3,9,11,0.0,-1.0,0.0,10.0,1.0,-1.0,0.0,5,1.0,3.0,1.0,0.16666667,0.75000006,39.0,0.0,0.0,0.0,3.0,9.0,11.0,0.0,-1.0,0.0,10.0,1.0,-1.0,0.0,5.0
C:\Users\syuuj\gitProject\xdm\app\src\main\java\xdman\util\FormatUtilities.java,xdman.util.FormatUtilities,class,1,16,6,0.0,0.85714287,108,0,22,0,2,7,36,0.0,-1.0,33.0,6.0,0.15384616,-1.0,5.0,9,1.0,16.0,6.0,0.0,0.85714287,108.0,0.0,22.0,0.0,2.0,7.0,36.0,0.0,-1.0,33.0,6.0,0.15384616,-1.0,5.0,9.0
C:\Users\syuuj\gitProject\xdm\app\src\main\java\xdman\XDMConstants.java,xdman.XDMConstants,interface,1,0,0,-1.0,,10,0,0,0,8,0,0,0.0,-1.0,0.0,0.0,-1.0,-1.0,0.0,3,1.0,0.0,0.0,-1.0,,10.0,0.0,0.0,0.0,8.0,0.0,0.0,0.0,-1.0,0.0,0.0,-1.0,-1.0,0.0,3.0
C:\Users\syuuj\gitProject\xdm\app\src\main\java\xdman\downloaders\metadata\HlsMetadata.java,xdman.downloaders.metadata.HlsMetadata,class,2,9,3,0.0,0.0,18,0,5,0,0,4,4,3.0,1.0,5.0,0.0,0.0,0.0,2.0,6,2.0,9.0,3.0,0.0,0.0,18.0,0.0,5.0,0.0,0.0,4.0,4.0,3.0,1.0,5.0,0.0,0.0,0.0,2.0,6.0
C:\Users\syuuj\gitProject\xdm\app\src\main\java\xdman\ui\components\CircleProgressBar.java,xdman.ui.components.CircleProgressBar,class,4,1,3,1.0,0.7083333,40,0,19,0,5,4,6,0.0,0.0,26.0,17.0,0.39534885,-1.0,11.0,19,4.0,1.0,3.0,1.0,0.7083333,40.0,0.0,19.0,0.0,5.0,4.0,6.0,0.0,0.0,26.0,17.0,0.39534885,-1.0,11.0,19.0
C:\Users\syuuj\gitProject\xdm\app\src\main\java\xdman\ui\components\XDMFrame.java,xdman.ui.components.XDMFrame$188,anonymous,1,0,0,,0.0,8,0,8,0,0,1,1,0.0,0.0,8.0,0.0,0.0,-1.0,4.0,188,,,,,,,,,,,,,,,,,,,,
C:\Users\syuuj\gitProject\xdm\app\src\main\java\xdman\ui\components\VideoConversionWnd.java,xdman.ui.components.VideoConversionWnd$325,anonymous,1,0,1,,0.0,5,0,1,0,0,1,1,0.0,0.0,0.0,0.0,-1.0,-1.0,0.0,325,1.0,0.0,1.0,,0.0,5.0,0.0,1.0,0.0,0.0,1.0,1.0,0.0,0.0,0.0,0.0,-1.0,-1.0,0.0,325.0
C:\Users\syuuj\gitProject\xdm\app\src\main\java\xdman\videoparser\YdlResponse.java,xdman.videoparser.YdlResponse$YdlFormat,innerclass,1,0,1,-1.0,,13,0,0,0,11,0,0,0.0,-1.0,0.0,0.0,-1.0,-1.0,0.0,534,1.0,0.0,1.0,-1.0,,13.0,0.0,0.0,0.0,11.0,0.0,0.0,0.0,-1.0,0.0,0.0,-1.0,-1.0,0.0,534.0
C:\Users\syuuj\gitProject\xdm\app\src\main\java\xdman\util\NetUtils.java,xdman.util.NetUtils,class,1,7,7,0.0,0.0,134,0,30,0,0,10,44,0.0,-1.0,9.0,3.0,0.25,-1.0,4.0,8,1.0,7.0,7.0,0.0,0.0,134.0,0.0,30.0,0.0,0.0,10.0,44.0,0.0,-1.0,9.0,3.0,0.25,-1.0,4.0,8.0
C:\Users\syuuj\gitProject\xdm\app\src\main\java\xdman\mediaconversion\MediaFormats.java,xdman.mediaconversion.MediaFormats,class,1,8,3,0.1,0.5,71,0,23,0,1,4,12,0.0,-1.0,14.0,17.0,0.5483871,-1.0,3.0,13,1.0,8.0,3.0,0.1,0.5,71.0,0.0,23.0,0.0,1.0,4.0,12.0,0.0,-1.0,14.0,17.0,0.5483871,-1.0,3.0,13.0
C:\Users\syuuj\gitProject\xdm\app\src\main\java\xdman\util\FFExtractCallback.java,xdman.util.FFExtractCallback,interface,1,3,0,,0.0,3,0,0,0,0,1,1,0.0,-1.0,0.0,0.0,-1.0,-1.0,0.0,3,1.0,3.0,0.0,,0.0,3.0,0.0,0.0,0.0,0.0,1.0,1.0,0.0,-1.0,0.0,0.0,-1.0,-1.0,0.0,3.0
C:\Users\syuuj\gitProject\xdm\app\src\main\java\xdman\ui\components\VideoConversionWnd.java,xdman.ui.components.VideoConversionWnd,class,6,6,22,0.6666667,0.83225805,481,0,117,0,24,15,50,0.0,0.0,251.0,146.0,0.36775818,-1.0,43.0,57,6.0,6.0,22.0,0.6666667,0.83225805,481.0,0.0,117.0,0.0,24.0,15.0,50.0,0.0,0.0,252.0,146.0,0.36683416,-1.0,44.0,57.0
C:\Users\syuuj\gitProject\xdm\app\src\main\java\xdman\Main.java,xdman.Main,class,1,1,2,0.0,0.0,17,0,4,0,0,1,2,0.0,-1.0,10.0,0.0,0.0,-1.0,1.0,5,1.0,1.0,2.0,0.0,0.0,18.0,0.0,4.0,0.0,0.0,1.0,2.0,0.0,-1.0,11.0,0.0,0.0,-1.0,1.0,5.0
C:\Users\syuuj\gitProject\xdm\app\src\main\java\xdman\ui\components\TitlePanel.java,xdman.ui.components.TitlePanel,class,5,16,1,0.33333334,0.8333333,30,0,3,0,3,3,3,0.0,0.0,7.0,6.0,0.46153846,-1.0,3.0,7,5.0,16.0,1.0,0.33333334,0.8333333,30.0,0.0,3.0,0.0,3.0,3.0,3.0,0.0,0.0,7.0,6.0,0.46153846,-1.0,3.0,7.0
