file,class,method_x,ATFD,ATLD,LAA,FDP,line,method_y,fanin,fanout,wmc,loc,returnsQty,variablesQty,parametersQty,loopQty,anonymousClassesQty,innerClassesQty
C:\Users\syuuj\gitProject\ysoserial\src\main\java\ysoserial\payloads\JRMPClient.java,ysoserial.payloads.JRMPClient,getObject/1[java.lang.String],2.0,0.0,0.0,2.0,56,getObject/1[java.lang.String],1,0,2,19,1,8,1,0,0,0
C:\Users\syuuj\gitProject\ysoserial\src\main\java\ysoserial\payloads\JRMPClient.java,ysoserial.payloads.JRMPClient,main/1[java.lang.String[]],2.0,1.0,0.33333334,2.0,80,main/1[java.lang.String[]],0,1,1,4,0,0,1,0,0,0
C:\Users\syuuj\gitProject\ysoserial\src\test\java\ysoserial\payloads\PayloadsTest.java,ysoserial.payloads.PayloadsTest,buildDeps/1[java.lang.Class],5.0,0.0,0.0,4.0,179,buildDeps/1[java.lang.Class>],1,1,3,15,1,2,1,0,0,0
C:\Users\syuuj\gitProject\ysoserial\src\test\java\ysoserial\payloads\PayloadsTest.java,ysoserial.payloads.PayloadsTest,"checkPrecondition/2[java.lang.Class,java.lang.String]",1.0,0.0,0.0,1.0,172,"checkPrecondition/2[java.lang.Class>,java.lang.String]",1,0,1,4,1,1,2,0,0,0
C:\Users\syuuj\gitProject\ysoserial\src\test\java\ysoserial\payloads\PayloadsTest.java,ysoserial.payloads.PayloadsTest,"deserializeWithDependencies/4[byte[],java.lang.String[],java.lang.Class[],java.lang.Class]",16.0,0.0,0.0,5.0,196,"deserializeWithDependencies/4[byte[],java.lang.String[],java.lang.Class[],java.lang.Class]",1,1,4,35,1,7,4,1,1,0
C:\Users\syuuj\gitProject\ysoserial\src\test\java\ysoserial\payloads\PayloadsTest.java,ysoserial.payloads.PayloadsTest,"makeDeserializeCallable/5[ysoserial.payloads.annotation.PayloadTest,java.lang.Class[],java.lang.String[],byte[],java.lang.Class]",0.0,0.0,-1.0,0.0,161,"makeDeserializeCallable/5[ysoserial.payloads.annotation.PayloadTest,java.lang.Class[],java.lang.String[],byte[],java.lang.Class]",1,1,1,8,1,0,5,0,1,0
C:\Users\syuuj\gitProject\ysoserial\src\test\java\ysoserial\payloads\PayloadsTest.java,ysoserial.payloads.PayloadsTest,"makeSerializeCallable/2[java.lang.Class,java.lang.String]",1.0,0.0,0.0,1.0,147,"makeSerializeCallable/2[java.lang.Class>,java.lang.String]",1,1,1,12,1,0,2,0,1,0
C:\Users\syuuj\gitProject\ysoserial\src\test\java\ysoserial\payloads\PayloadsTest.java,ysoserial.payloads.PayloadsTest,payloads/0,3.0,0.0,0.0,3.0,59,payloads/0,0,1,1,5,1,1,0,0,0,0
C:\Users\syuuj\gitProject\ysoserial\src\test\java\ysoserial\payloads\PayloadsTest.java,ysoserial.payloads.PayloadsTest,testPayload/0,0.0,1.0,1.0,0.0,74,testPayload/0,0,1,1,3,0,0,0,0,0,0
C:\Users\syuuj\gitProject\ysoserial\src\test\java\ysoserial\payloads\PayloadsTest.java,ysoserial.payloads.PayloadsTest,"testPayload/2[java.lang.Class,java.lang.Class[]]",11.0,1.0,0.083333336,9.0,79,"testPayload/2[java.lang.Class>,java.lang.Class[]]",4,17,13,54,1,12,2,0,0,0
C:\Users\syuuj\gitProject\ysoserial\src\test\java\ysoserial\payloads\PayloadsTest.java,ysoserial.payloads.PayloadsTest,PayloadsTest/1[java.lang.Class],0.0,1.0,1.0,0.0,68,PayloadsTest/1[java.lang.Class>],0,0,1,3,0,0,1,0,0,0
C:\Users\syuuj\gitProject\ysoserial\src\main\java\ysoserial\exploit\JSF.java,ysoserial.exploit.JSF,main/1[java.lang.String[]],10.0,0.0,0.0,6.0,37,main/1[java.lang.String[]],0,2,4,32,0,9,1,0,0,0
C:\Users\syuuj\gitProject\ysoserial\src\test\java\ysoserial\payloads\PayloadsTest.java,ysoserial.payloads.PayloadsTest$163,call/0,0.0,0.0,-1.0,0.0,165,call/0,0,13,1,3,1,0,0,0,0,0
C:\Users\syuuj\gitProject\ysoserial\src\main\java\ysoserial\exploit\JBoss.java,ysoserial.exploit.JBoss$208,handle/1[javax.security.auth.callback.Callback[]],2.0,0.0,0.0,2.0,210,handle/1[javax.security.auth.callback.Callback[]],0,0,6,14,0,0,1,1,0,0
C:\Users\syuuj\gitProject\ysoserial\src\test\java\ysoserial\CustomPayloadArgs.java,ysoserial.CustomPayloadArgs,getPayloadArgs/0,0.0,0.0,-1.0,0.0,11,getPayloadArgs/0,1,0,1,1,0,0,0,0,0,0
C:\Users\syuuj\gitProject\ysoserial\src\main\java\ysoserial\payloads\CommonsCollections3.java,ysoserial.payloads.CommonsCollections3,getObject/1[java.lang.String],4.0,0.0,0.0,4.0,35,getObject/1[java.lang.String],0,4,1,11,1,7,1,0,0,0
C:\Users\syuuj\gitProject\ysoserial\src\main\java\ysoserial\payloads\CommonsCollections3.java,ysoserial.payloads.CommonsCollections3,isApplicableJavaVersion/0,0.0,0.0,-1.0,0.0,65,isApplicableJavaVersion/0,0,1,1,3,1,0,0,0,0,0
C:\Users\syuuj\gitProject\ysoserial\src\main\java\ysoserial\payloads\CommonsCollections3.java,ysoserial.payloads.CommonsCollections3,main/1[java.lang.String[]],0.0,1.0,1.0,0.0,61,main/1[java.lang.String[]],0,1,1,3,0,0,1,0,0,0
C:\Users\syuuj\gitProject\ysoserial\src\main\java\ysoserial\payloads\JavassistWeld1.java,ysoserial.payloads.JavassistWeld1$67,createFor/1[org.jboss.weld.interceptor.spi.metadata.InterceptorReference],0.0,0.0,-1.0,0.0,69,createFor/1[ysoserial.payloads.InterceptorReference],0,0,1,3,1,0,1,0,0,0
C:\Users\syuuj\gitProject\ysoserial\src\test\java\ysoserial\exploit\RMIRegistryExploitTest.java,ysoserial.exploit.RMIRegistryExploitTest,createRegistry/1[int],0.0,0.0,-1.0,0.0,8,createRegistry/1[int],1,0,1,3,0,1,1,0,0,0
C:\Users\syuuj\gitProject\ysoserial\src\test\java\ysoserial\exploit\RMIRegistryExploitTest.java,ysoserial.exploit.RMIRegistryExploitTest,main/1[java.lang.String[]],1.0,0.0,0.0,1.0,12,main/1[java.lang.String[]],0,1,4,6,0,2,1,1,0,0
C:\Users\syuuj\gitProject\ysoserial\src\main\java\ysoserial\exploit\JRMPClient.java,ysoserial.exploit.JRMPClient$MarshalOutputStream,annotateClass/1[java.lang.Class],3.0,1.0,0.25,2.0,113,annotateClass/1[java.lang.Class],1,0,4,16,0,2,1,1,0,0
C:\Users\syuuj\gitProject\ysoserial\src\main\java\ysoserial\exploit\JRMPClient.java,ysoserial.exploit.JRMPClient$MarshalOutputStream,annotateProxyClass/1[java.lang.Class],0.0,0.0,-1.0,0.0,135,annotateProxyClass/1[java.lang.Class],0,1,1,3,0,0,1,0,0,0
C:\Users\syuuj\gitProject\ysoserial\src\main\java\ysoserial\exploit\JRMPClient.java,ysoserial.exploit.JRMPClient$MarshalOutputStream,MarshalOutputStream/1[java.io.OutputStream],0.0,0.0,-1.0,0.0,108,MarshalOutputStream/1[java.io.OutputStream],2,0,1,3,0,0,1,0,0,0
C:\Users\syuuj\gitProject\ysoserial\src\main\java\ysoserial\exploit\JRMPClient.java,ysoserial.exploit.JRMPClient$MarshalOutputStream,"MarshalOutputStream/2[java.io.OutputStream,java.net.URL]",0.0,1.0,1.0,0.0,103,"MarshalOutputStream/2[java.io.OutputStream,java.net.URL]",1,0,1,4,0,0,2,0,0,0
C:\Users\syuuj\gitProject\ysoserial\src\main\java\ysoserial\payloads\Jython1.java,ysoserial.payloads.Jython1,getObject/1[java.lang.String],6.0,0.0,0.0,4.0,48,getObject/1[java.lang.String],0,1,2,19,1,10,1,0,0,0
C:\Users\syuuj\gitProject\ysoserial\src\main\java\ysoserial\payloads\Jython1.java,ysoserial.payloads.Jython1,main/1[java.lang.String[]],0.0,1.0,1.0,0.0,105,main/1[java.lang.String[]],0,1,1,3,0,0,1,0,0,0
C:\Users\syuuj\gitProject\ysoserial\src\main\java\ysoserial\exploit\JBoss.java,ysoserial.exploit.JBoss$ConnectionProviderContextImpl$385,newThread/1[java.lang.Runnable],1.0,0.0,0.0,1.0,387,newThread/1[java.lang.Runnable],0,0,1,5,1,1,1,0,0,0
C:\Users\syuuj\gitProject\ysoserial\src\main\java\ysoserial\payloads\ROME.java,ysoserial.payloads.ROME,getObject/1[java.lang.String],2.0,0.0,0.0,2.0,35,getObject/1[java.lang.String],0,2,1,6,1,3,1,0,0,0
C:\Users\syuuj\gitProject\ysoserial\src\main\java\ysoserial\payloads\ROME.java,ysoserial.payloads.ROME,main/1[java.lang.String[]],0.0,1.0,1.0,0.0,43,main/1[java.lang.String[]],0,1,1,3,0,0,1,0,0,0
C:\Users\syuuj\gitProject\ysoserial\src\main\java\ysoserial\payloads\CommonsBeanutils1.java,ysoserial.payloads.CommonsBeanutils1,getObject/1[java.lang.String],2.0,0.0,0.0,1.0,19,getObject/1[java.lang.String],0,3,1,12,1,4,1,0,0,0
C:\Users\syuuj\gitProject\ysoserial\src\main\java\ysoserial\payloads\CommonsBeanutils1.java,ysoserial.payloads.CommonsBeanutils1,main/1[java.lang.String[]],0.0,1.0,1.0,0.0,41,main/1[java.lang.String[]],0,1,1,3,0,0,1,0,0,0
C:\Users\syuuj\gitProject\ysoserial\src\main\java\ysoserial\exploit\JBoss.java,ysoserial.exploit.JBoss$ConnectionProviderContextImpl,accept/1[org.jboss.remoting3.spi.ConnectionHandlerFactory],0.0,0.0,-1.0,0.0,416,accept/1[ysoserial.exploit.ConnectionHandlerFactory],0,0,1,3,0,0,1,0,0,0
C:\Users\syuuj\gitProject\ysoserial\src\main\java\ysoserial\exploit\JBoss.java,ysoserial.exploit.JBoss$ConnectionProviderContextImpl,getEndpoint/0,0.0,1.0,1.0,0.0,411,getEndpoint/0,0,0,1,3,1,0,0,0,0,0
C:\Users\syuuj\gitProject\ysoserial\src\main\java\ysoserial\exploit\JBoss.java,ysoserial.exploit.JBoss$ConnectionProviderContextImpl,getExecutor/0,0.0,1.0,1.0,0.0,406,getExecutor/0,1,0,1,3,1,0,0,0,0,0
C:\Users\syuuj\gitProject\ysoserial\src\main\java\ysoserial\exploit\JBoss.java,ysoserial.exploit.JBoss$ConnectionProviderContextImpl,getXnio/0,0.0,1.0,1.0,0.0,401,getXnio/0,1,0,1,3,1,0,0,0,0,0
C:\Users\syuuj\gitProject\ysoserial\src\main\java\ysoserial\exploit\JBoss.java,ysoserial.exploit.JBoss$ConnectionProviderContextImpl,getXnioWorker/0,0.0,1.0,1.0,0.0,396,getXnioWorker/0,1,0,1,3,1,0,0,0,0,0
C:\Users\syuuj\gitProject\ysoserial\src\main\java\ysoserial\exploit\JBoss.java,ysoserial.exploit.JBoss$ConnectionProviderContextImpl,"ConnectionProviderContextImpl/2[org.xnio.OptionMap,java.lang.String]",2.0,5.0,0.71428573,2.0,380,"ConnectionProviderContextImpl/2[ysoserial.exploit.OptionMap,java.lang.String]",1,1,1,13,0,0,2,0,1,0
C:\Users\syuuj\gitProject\ysoserial\src\test\java\ysoserial\payloads\PayloadsTest.java,ysoserial.payloads.PayloadsTest$148,call/0,1.0,0.0,0.0,1.0,150,call/0,0,13,1,7,1,3,0,0,0,0
C:\Users\syuuj\gitProject\ysoserial\src\test\java\ysoserial\payloads\FileUploadTest.java,ysoserial.payloads.FileUploadTest,getPayloadArgs/0,2.0,0.0,0.0,1.0,67,getPayloadArgs/0,0,0,1,3,1,0,0,0,0,0
C:\Users\syuuj\gitProject\ysoserial\src\test\java\ysoserial\payloads\FileUploadTest.java,ysoserial.payloads.FileUploadTest,run/1[java.util.concurrent.Callable],0.0,3.0,1.0,0.0,42,run/1[java.util.concurrent.Callable],0,0,4,24,0,1,1,2,0,0
C:\Users\syuuj\gitProject\ysoserial\src\test\java\ysoserial\payloads\FileUploadTest.java,ysoserial.payloads.FileUploadTest,FileUploadTest/0,0.0,2.0,1.0,0.0,31,FileUploadTest/0,0,0,2,9,0,0,0,0,0,0
C:\Users\syuuj\gitProject\ysoserial\src\main\java\ysoserial\exploit\JRMPClassLoadingListener.java,ysoserial.exploit.JRMPClassLoadingListener,main/1[java.lang.String[]],3.0,0.0,0.0,3.0,30,main/1[java.lang.String[]],0,2,3,17,1,2,1,0,0,0
C:\Users\syuuj\gitProject\ysoserial\src\main\java\ysoserial\payloads\util\Gadgets.java,ysoserial.payloads.util.Gadgets$StubTransletPayload,"transform/3[com.sun.org.apache.xalan.internal.xsltc.DOM,com.sun.org.apache.xml.internal.dtm.DTMAxisIterator,com.sun.org.apache.xml.internal.serializer.SerializationHandler]",0.0,0.0,-1.0,0.0,55,"transform/3[ysoserial.payloads.util.DOM,ysoserial.payloads.util.DTMAxisIterator,ysoserial.payloads.util.SerializationHandler]",0,0,1,2,0,0,3,0,0,0
C:\Users\syuuj\gitProject\ysoserial\src\main\java\ysoserial\payloads\util\Gadgets.java,ysoserial.payloads.util.Gadgets$StubTransletPayload,"transform/2[com.sun.org.apache.xalan.internal.xsltc.DOM,com.sun.org.apache.xml.internal.serializer.SerializationHandler[]]",0.0,0.0,-1.0,0.0,51,"transform/2[ysoserial.payloads.util.DOM,ysoserial.payloads.util.SerializationHandler[]]",0,0,1,2,0,0,2,0,0,0
C:\Users\syuuj\gitProject\ysoserial\src\test\java\ysoserial\payloads\TestHarnessTest.java,ysoserial.payloads.TestHarnessTest,testHarnessClassLoaderFail/0,2.0,0.0,0.0,2.0,26,testHarnessClassLoaderFail/0,0,1,2,9,0,0,0,0,0,0
C:\Users\syuuj\gitProject\ysoserial\src\test\java\ysoserial\payloads\TestHarnessTest.java,ysoserial.payloads.TestHarnessTest,testHarnessExecFail/0,2.0,0.0,0.0,2.0,14,testHarnessExecFail/0,0,1,2,9,0,0,0,0,0,0
C:\Users\syuuj\gitProject\ysoserial\src\test\java\ysoserial\payloads\TestHarnessTest.java,ysoserial.payloads.TestHarnessTest,testHarnessExecPass/0,2.0,0.0,0.0,2.0,37,testHarnessExecPass/0,0,1,1,3,0,0,0,0,0,0
C:\Users\syuuj\gitProject\ysoserial\src\main\java\ysoserial\exploit\JenkinsCLI.java,ysoserial.exploit.JenkinsCLI$112,newThread/1[java.lang.Runnable],1.0,0.0,0.0,1.0,114,newThread/1[java.lang.Runnable],0,0,1,5,1,1,1,0,0,0
C:\Users\syuuj\gitProject\ysoserial\src\main\java\ysoserial\payloads\util\JavaVersion.java,ysoserial.payloads.util.JavaVersion,getLocalVersion/0,2.0,3.0,0.6,2.0,17,getLocalVersion/0,2,1,2,12,2,3,0,0,0,0
C:\Users\syuuj\gitProject\ysoserial\src\main\java\ysoserial\payloads\util\JavaVersion.java,ysoserial.payloads.util.JavaVersion,isAnnInvHUniversalMethodImpl/0,0.0,4.0,1.0,0.0,31,isAnnInvHUniversalMethodImpl/0,4,1,5,4,1,1,0,0,0,0
C:\Users\syuuj\gitProject\ysoserial\src\main\java\ysoserial\payloads\util\Gadgets.java,ysoserial.payloads.util.Gadgets,"createMap/2[java.lang.String,java.lang.Object]",0.0,0.0,-1.0,0.0,85,"createMap/2[java.lang.String,java.lang.Object]",4,0,1,5,1,1,2,0,0,0
C:\Users\syuuj\gitProject\ysoserial\src\main\java\ysoserial\payloads\util\Gadgets.java,ysoserial.payloads.util.Gadgets,"createMemoitizedProxy/3[java.util.Map,java.lang.Class,java.lang.Class[]]",0.0,0.0,-1.0,0.0,65,"createMemoitizedProxy/3[java.util.Map,java.lang.Class,java.lang.Class[]]",0,2,1,3,1,0,3,0,0,0
C:\Users\syuuj\gitProject\ysoserial\src\main\java\ysoserial\payloads\util\Gadgets.java,ysoserial.payloads.util.Gadgets,createMemoizedInvocationHandler/1[java.util.Map],2.0,1.0,0.33333334,2.0,70,createMemoizedInvocationHandler/1[java.util.Map],5,1,1,3,1,0,1,0,0,0
C:\Users\syuuj\gitProject\ysoserial\src\main\java\ysoserial\payloads\util\Gadgets.java,ysoserial.payloads.util.Gadgets,"createProxy/3[java.lang.reflect.InvocationHandler,java.lang.Class,java.lang.Class[]]",5.0,0.0,0.0,2.0,75,"createProxy/3[java.lang.reflect.InvocationHandler,java.lang.Class,java.lang.Class[]]",1,0,2,8,1,1,3,0,0,0
C:\Users\syuuj\gitProject\ysoserial\src\main\java\ysoserial\payloads\util\Gadgets.java,ysoserial.payloads.util.Gadgets,createTemplatesImpl/1[java.lang.String],4.0,0.0,0.0,4.0,92,createTemplatesImpl/1[java.lang.String],13,2,2,6,2,0,1,0,0,0
C:\Users\syuuj\gitProject\ysoserial\src\main\java\ysoserial\payloads\util\Gadgets.java,ysoserial.payloads.util.Gadgets,"createTemplatesImpl/4[java.lang.String,java.lang.Class,java.lang.Class,java.lang.Class]",12.0,0.0,0.0,6.0,105,"createTemplatesImpl/4[java.lang.String,java.lang.Class,java.lang.Class,java.lang.Class]",0,2,1,16,1,5,4,0,0,0
C:\Users\syuuj\gitProject\ysoserial\src\main\java\ysoserial\payloads\util\Gadgets.java,ysoserial.payloads.util.Gadgets,"makeMap/2[java.lang.Object,java.lang.Object]",9.0,0.0,0.0,6.0,136,"makeMap/2[java.lang.Object,java.lang.Object]",4,1,2,18,1,4,2,0,0,0
C:\Users\syuuj\gitProject\ysoserial\src\main\java\ysoserial\payloads\util\Gadgets.java,ysoserial.payloads.util.Gadgets,(initializer36),2.0,0.0,0.0,1.0,36,(initializer 36),0,0,1,4,0,0,0,0,0,0
C:\Users\syuuj\gitProject\ysoserial\src\main\java\ysoserial\payloads\CommonsCollections6.java,ysoserial.payloads.CommonsCollections6,getObject/1[java.lang.String],19.0,0.0,0.0,7.0,40,getObject/1[java.lang.String],0,0,5,42,1,13,1,0,0,0
C:\Users\syuuj\gitProject\ysoserial\src\main\java\ysoserial\payloads\CommonsCollections6.java,ysoserial.payloads.CommonsCollections6,main/1[java.lang.String[]],0.0,1.0,1.0,0.0,106,main/1[java.lang.String[]],0,1,1,3,0,0,1,0,0,0
C:\Users\syuuj\gitProject\ysoserial\src\main\java\ysoserial\payloads\FileUpload1.java,ysoserial.payloads.FileUpload1,"copyAndDelete/2[java.lang.String,java.lang.String]",0.0,0.0,-1.0,0.0,78,"copyAndDelete/2[java.lang.String,java.lang.String]",1,1,1,3,1,0,2,0,0,0
C:\Users\syuuj\gitProject\ysoserial\src\main\java\ysoserial\payloads\FileUpload1.java,ysoserial.payloads.FileUpload1,getObject/1[java.lang.String],7.0,0.0,0.0,2.0,47,getObject/1[java.lang.String],0,3,11,21,5,1,1,0,0,0
C:\Users\syuuj\gitProject\ysoserial\src\main\java\ysoserial\payloads\FileUpload1.java,ysoserial.payloads.FileUpload1,main/1[java.lang.String[]],0.0,1.0,1.0,0.0,111,main/1[java.lang.String[]],0,1,1,3,0,0,1,0,0,0
C:\Users\syuuj\gitProject\ysoserial\src\main\java\ysoserial\payloads\FileUpload1.java,ysoserial.payloads.FileUpload1,"makePayload/4[int,java.lang.String,java.lang.String,byte[]]",7.0,0.0,0.0,4.0,95,"makePayload/4[int,java.lang.String,java.lang.String,byte[]]",3,3,1,12,1,5,4,0,0,0
C:\Users\syuuj\gitProject\ysoserial\src\main\java\ysoserial\payloads\FileUpload1.java,ysoserial.payloads.FileUpload1,release/1[org.apache.commons.fileupload.disk.DiskFileItem],1.0,0.0,0.0,1.0,72,release/1[ysoserial.payloads.DiskFileItem],0,1,1,4,0,1,1,0,0,0
C:\Users\syuuj\gitProject\ysoserial\src\main\java\ysoserial\payloads\FileUpload1.java,ysoserial.payloads.FileUpload1,"write/2[java.lang.String,byte[]]",1.0,0.0,0.0,1.0,84,"write/2[java.lang.String,byte[]]",1,1,1,3,1,0,2,0,0,0
C:\Users\syuuj\gitProject\ysoserial\src\main\java\ysoserial\payloads\FileUpload1.java,ysoserial.payloads.FileUpload1,"writePre131/2[java.lang.String,byte[]]",1.0,0.0,0.0,1.0,90,"writePre131/2[java.lang.String,byte[]]",1,1,1,3,1,0,2,0,0,0
C:\Users\syuuj\gitProject\ysoserial\src\main\java\ysoserial\payloads\Hibernate1.java,ysoserial.payloads.Hibernate1,getDependencies/0,1.0,0.0,0.0,1.0,42,getDependencies/0,1,0,2,6,2,0,0,0,0,0
C:\Users\syuuj\gitProject\ysoserial\src\main\java\ysoserial\payloads\Hibernate1.java,ysoserial.payloads.Hibernate1,getObject/1[java.lang.String],1.0,0.0,0.0,1.0,99,getObject/1[java.lang.String],0,3,1,5,1,2,1,0,0,0
C:\Users\syuuj\gitProject\ysoserial\src\main\java\ysoserial\payloads\Hibernate1.java,ysoserial.payloads.Hibernate1,main/1[java.lang.String[]],0.0,1.0,1.0,0.0,130,main/1[java.lang.String[]],0,1,1,3,0,0,1,0,0,0
C:\Users\syuuj\gitProject\ysoserial\src\main\java\ysoserial\payloads\Hibernate1.java,ysoserial.payloads.Hibernate1,"makeCaller/2[java.lang.Object,java.lang.Object]",13.0,0.0,0.0,6.0,106,"makeCaller/2[java.lang.Object,java.lang.Object]",2,5,1,15,1,4,2,0,0,0
C:\Users\syuuj\gitProject\ysoserial\src\main\java\ysoserial\payloads\Hibernate1.java,ysoserial.payloads.Hibernate1,"makeGetter/2[java.lang.Class,java.lang.String]",1.0,0.0,0.0,1.0,58,"makeGetter/2[java.lang.Class,java.lang.String]",2,2,2,6,2,0,2,0,0,0
C:\Users\syuuj\gitProject\ysoserial\src\main\java\ysoserial\payloads\Hibernate1.java,ysoserial.payloads.Hibernate1,"makeHibernate4Getter/2[java.lang.Class,java.lang.String]",7.0,0.0,0.0,5.0,67,"makeHibernate4Getter/2[java.lang.Class,java.lang.String]",1,0,2,14,1,6,2,0,0,0
C:\Users\syuuj\gitProject\ysoserial\src\main\java\ysoserial\payloads\Hibernate1.java,ysoserial.payloads.Hibernate1,"makeHibernate5Getter/2[java.lang.Class,java.lang.String]",6.0,0.0,0.0,4.0,87,"makeHibernate5Getter/2[java.lang.Class,java.lang.String]",1,0,1,9,1,5,2,0,0,0
C:\Users\syuuj\gitProject\ysoserial\src\main\java\ysoserial\payloads\JBossInterceptors1.java,ysoserial.payloads.JBossInterceptors1$67,createFor/1[org.jboss.interceptor.spi.metadata.InterceptorReference],0.0,0.0,-1.0,0.0,69,createFor/1[ysoserial.payloads.InterceptorReference],0,0,1,3,1,0,1,0,0,0
C:\Users\syuuj\gitProject\ysoserial\src\main\java\ysoserial\payloads\Spring2.java,ysoserial.payloads.Spring2,getObject/1[java.lang.String],6.0,0.0,0.0,4.0,48,getObject/1[java.lang.String],0,7,1,11,1,5,1,0,0,0
C:\Users\syuuj\gitProject\ysoserial\src\main\java\ysoserial\payloads\Spring2.java,ysoserial.payloads.Spring2,isApplicableJavaVersion/0,0.0,0.0,-1.0,0.0,73,isApplicableJavaVersion/0,0,1,1,3,1,0,0,0,0,0
C:\Users\syuuj\gitProject\ysoserial\src\main\java\ysoserial\payloads\Spring2.java,ysoserial.payloads.Spring2,main/1[java.lang.String[]],0.0,1.0,1.0,0.0,69,main/1[java.lang.String[]],0,1,1,3,0,0,1,0,0,0
C:\Users\syuuj\gitProject\ysoserial\src\main\java\ysoserial\secmgr\ExecCheckingSecurityManager.java,ysoserial.secmgr.ExecCheckingSecurityManager,checkExec/1[java.lang.String],0.0,1.0,1.0,0.0,33,checkExec/1[java.lang.String],0,1,2,7,0,0,1,0,0,0
C:\Users\syuuj\gitProject\ysoserial\src\main\java\ysoserial\secmgr\ExecCheckingSecurityManager.java,ysoserial.secmgr.ExecCheckingSecurityManager,checkPermission/1[java.security.Permission],0.0,0.0,-1.0,0.0,27,checkPermission/1[java.security.Permission],0,0,1,2,0,0,1,0,0,0
C:\Users\syuuj\gitProject\ysoserial\src\main\java\ysoserial\secmgr\ExecCheckingSecurityManager.java,ysoserial.secmgr.ExecCheckingSecurityManager,"checkPermission/2[java.security.Permission,java.lang.Object]",0.0,0.0,-1.0,0.0,30,"checkPermission/2[java.security.Permission,java.lang.Object]",0,0,1,2,0,0,2,0,0,0
C:\Users\syuuj\gitProject\ysoserial\src\main\java\ysoserial\secmgr\ExecCheckingSecurityManager.java,ysoserial.secmgr.ExecCheckingSecurityManager,getCmds/0,0.0,1.0,1.0,0.0,22,getCmds/0,2,0,1,3,1,0,0,0,0,0
C:\Users\syuuj\gitProject\ysoserial\src\main\java\ysoserial\secmgr\ExecCheckingSecurityManager.java,ysoserial.secmgr.ExecCheckingSecurityManager,wrap/1[java.lang.Runnable],0.0,0.0,-1.0,0.0,59,wrap/1[java.lang.Runnable],0,2,1,9,0,0,1,0,1,0
C:\Users\syuuj\gitProject\ysoserial\src\main\java\ysoserial\secmgr\ExecCheckingSecurityManager.java,ysoserial.secmgr.ExecCheckingSecurityManager,wrap/1[java.util.concurrent.Callable],5.0,6.0,0.54545456,2.0,68,wrap/1[java.util.concurrent.Callable],0,2,7,22,1,2,1,0,0,0
C:\Users\syuuj\gitProject\ysoserial\src\main\java\ysoserial\secmgr\ExecCheckingSecurityManager.java,ysoserial.secmgr.ExecCheckingSecurityManager,ExecCheckingSecurityManager/0,0.0,0.0,-1.0,0.0,10,ExecCheckingSecurityManager/0,3,0,1,3,0,0,0,0,0,0
C:\Users\syuuj\gitProject\ysoserial\src\main\java\ysoserial\secmgr\ExecCheckingSecurityManager.java,ysoserial.secmgr.ExecCheckingSecurityManager,ExecCheckingSecurityManager/1[boolean],0.0,1.0,1.0,0.0,14,ExecCheckingSecurityManager/1[boolean],0,0,1,3,0,0,1,0,0,0
C:\Users\syuuj\gitProject\ysoserial\src\main\java\ysoserial\payloads\JSON1.java,ysoserial.payloads.JSON1,getObject/1[java.lang.String],1.0,0.0,0.0,1.0,71,getObject/1[java.lang.String],0,2,1,3,1,0,1,0,0,0
C:\Users\syuuj\gitProject\ysoserial\src\main\java\ysoserial\payloads\JSON1.java,ysoserial.payloads.JSON1,main/1[java.lang.String[]],0.0,1.0,1.0,0.0,116,main/1[java.lang.String[]],0,1,1,3,0,0,1,0,0,0
C:\Users\syuuj\gitProject\ysoserial\src\main\java\ysoserial\payloads\JSON1.java,ysoserial.payloads.JSON1,"makeCallerChain/2[java.lang.Object,java.lang.Class[]]",10.0,0.0,0.0,5.0,79,"makeCallerChain/2[java.lang.Object,java.lang.Class[]]",1,6,1,22,1,11,2,0,0,0
C:\Users\syuuj\gitProject\ysoserial\src\main\java\ysoserial\payloads\Groovy1.java,ysoserial.payloads.Groovy1,getObject/1[java.lang.String],1.0,0.0,0.0,1.0,34,getObject/1[java.lang.String],0,2,1,6,1,3,1,0,0,0
C:\Users\syuuj\gitProject\ysoserial\src\main\java\ysoserial\payloads\Groovy1.java,ysoserial.payloads.Groovy1,main/1[java.lang.String[]],0.0,1.0,1.0,0.0,44,main/1[java.lang.String[]],0,1,1,3,0,0,1,0,0,0
C:\Users\syuuj\gitProject\ysoserial\src\main\java\ysoserial\payloads\Myfaces2.java,ysoserial.payloads.Myfaces2,getDependencies/0,1.0,0.0,0.0,1.0,35,getDependencies/0,0,1,1,3,1,0,0,0,0,0
C:\Users\syuuj\gitProject\ysoserial\src\main\java\ysoserial\payloads\Myfaces2.java,ysoserial.payloads.Myfaces2,getObject/1[java.lang.String],0.0,0.0,-1.0,0.0,40,getObject/1[java.lang.String],0,1,3,14,1,5,1,1,0,0
C:\Users\syuuj\gitProject\ysoserial\src\main\java\ysoserial\payloads\Myfaces2.java,ysoserial.payloads.Myfaces2,main/1[java.lang.String[]],0.0,1.0,1.0,0.0,63,main/1[java.lang.String[]],0,1,1,3,0,0,1,0,0,0
C:\Users\syuuj\gitProject\ysoserial\src\main\java\ysoserial\exploit\RMIRegistryExploit.java,ysoserial.exploit.RMIRegistryExploit$38,call/0,2.0,0.0,0.0,2.0,38,call/0,0,13,2,14,1,4,0,0,0,0
C:\Users\syuuj\gitProject\ysoserial\src\main\java\ysoserial\payloads\JavassistWeld1.java,ysoserial.payloads.JavassistWeld1,getObject/1[java.lang.String],8.0,0.0,0.0,6.0,35,getObject/1[java.lang.String],0,1,1,28,1,14,1,0,1,0
C:\Users\syuuj\gitProject\ysoserial\src\main\java\ysoserial\payloads\JavassistWeld1.java,ysoserial.payloads.JavassistWeld1,main/1[java.lang.String[]],0.0,1.0,1.0,0.0,80,main/1[java.lang.String[]],0,1,1,3,0,0,1,0,0,0
C:\Users\syuuj\gitProject\ysoserial\src\main\java\ysoserial\exploit\RMIRegistryExploit.java,ysoserial.exploit.RMIRegistryExploit,"exploit/3[java.rmi.registry.Registry,java.lang.Class,java.lang.String]",2.0,0.0,0.0,2.0,35,"exploit/3[java.rmi.registry.Registry,java.lang.Class,java.lang.String]",1,3,1,19,0,0,3,0,1,0
C:\Users\syuuj\gitProject\ysoserial\src\main\java\ysoserial\exploit\RMIRegistryExploit.java,ysoserial.exploit.RMIRegistryExploit,main/1[java.lang.String[]],3.0,0.0,0.0,3.0,23,main/1[java.lang.String[]],0,1,1,9,0,6,1,0,0,0
C:\Users\syuuj\gitProject\ysoserial\src\main\java\ysoserial\payloads\Hibernate2.java,ysoserial.payloads.Hibernate2,getDependencies/0,1.0,0.0,0.0,1.0,48,getDependencies/0,0,1,1,3,1,0,0,0,0,0
C:\Users\syuuj\gitProject\ysoserial\src\main\java\ysoserial\payloads\Hibernate2.java,ysoserial.payloads.Hibernate2,getObject/1[java.lang.String],2.0,0.0,0.0,1.0,52,getObject/1[java.lang.String],0,2,1,5,1,1,1,0,0,0
C:\Users\syuuj\gitProject\ysoserial\src\main\java\ysoserial\payloads\Hibernate2.java,ysoserial.payloads.Hibernate2,main/1[java.lang.String[]],0.0,1.0,1.0,0.0,59,main/1[java.lang.String[]],0,1,1,3,0,0,1,0,0,0
C:\Users\syuuj\gitProject\ysoserial\src\main\java\ysoserial\payloads\Clojure.java,ysoserial.payloads.Clojure,getObject/1[java.lang.String],0.0,0.0,-1.0,0.0,29,getObject/1[java.lang.String],0,0,2,19,1,6,1,1,0,0
C:\Users\syuuj\gitProject\ysoserial\src\main\java\ysoserial\payloads\Clojure.java,ysoserial.payloads.Clojure,main/1[java.lang.String[]],0.0,1.0,1.0,0.0,60,main/1[java.lang.String[]],0,1,1,3,0,0,1,0,0,0
C:\Users\syuuj\gitProject\ysoserial\src\main\java\ysoserial\secmgr\ExecCheckingSecurityManager.java,ysoserial.secmgr.ExecCheckingSecurityManager$ExecException,getCmd/0,0.0,1.0,1.0,0.0,50,getCmd/0,2,0,1,3,1,0,0,0,0,0
C:\Users\syuuj\gitProject\ysoserial\src\main\java\ysoserial\secmgr\ExecCheckingSecurityManager.java,ysoserial.secmgr.ExecCheckingSecurityManager$ExecException,getMessage/0,0.0,2.0,1.0,0.0,54,getMessage/0,0,2,1,3,1,0,0,0,0,0
C:\Users\syuuj\gitProject\ysoserial\src\main\java\ysoserial\secmgr\ExecCheckingSecurityManager.java,ysoserial.secmgr.ExecCheckingSecurityManager$ExecException,getThreadName/0,0.0,1.0,1.0,0.0,51,getThreadName/0,1,0,1,3,1,0,0,0,0,0
C:\Users\syuuj\gitProject\ysoserial\src\main\java\ysoserial\secmgr\ExecCheckingSecurityManager.java,ysoserial.secmgr.ExecCheckingSecurityManager$ExecException,ExecException/1[java.lang.String],0.0,1.0,1.0,0.0,49,ExecException/1[java.lang.String],2,0,1,3,0,0,1,0,0,0
C:\Users\syuuj\gitProject\ysoserial\src\main\java\ysoserial\exploit\JRMPListener.java,ysoserial.exploit.JRMPListener,close/0,0.0,2.0,1.0,0.0,93,close/0,3,0,2,11,0,0,0,0,0,0
C:\Users\syuuj\gitProject\ysoserial\src\main\java\ysoserial\exploit\JRMPListener.java,ysoserial.exploit.JRMPListener,"doCall/3[java.io.DataInputStream,java.io.DataOutputStream,java.lang.Object]",9.0,3.0,0.25,6.0,244,"doCall/3[java.io.DataInputStream,java.io.DataOutputStream,java.lang.Object]",1,3,3,43,0,4,3,0,1,0
C:\Users\syuuj\gitProject\ysoserial\src\main\java\ysoserial\exploit\JRMPListener.java,ysoserial.exploit.JRMPListener,"doMessage/4[java.net.Socket,java.io.DataInputStream,java.io.DataOutputStream,java.lang.Object]",4.0,0.0,0.0,1.0,216,"doMessage/4[java.net.Socket,java.io.DataInputStream,java.io.DataOutputStream,java.lang.Object]",1,1,4,18,0,2,4,0,0,0
C:\Users\syuuj\gitProject\ysoserial\src\main\java\ysoserial\exploit\JRMPListener.java,ysoserial.exploit.JRMPListener,main/1[java.lang.String[]],3.0,0.0,0.0,3.0,105,main/1[java.lang.String[]],0,4,3,19,1,3,1,0,0,0
C:\Users\syuuj\gitProject\ysoserial\src\main\java\ysoserial\exploit\JRMPListener.java,ysoserial.exploit.JRMPListener,makeDummyObject/1[java.lang.String],4.0,0.0,0.0,4.0,296,makeDummyObject/1[java.lang.String],1,1,2,16,2,3,1,0,1,0
C:\Users\syuuj\gitProject\ysoserial\src\main\java\ysoserial\exploit\JRMPListener.java,ysoserial.exploit.JRMPListener,run/0,16.0,3.0,0.15789473,4.0,129,run/0,2,1,16,76,2,11,0,1,0,0
C:\Users\syuuj\gitProject\ysoserial\src\main\java\ysoserial\exploit\JRMPListener.java,ysoserial.exploit.JRMPListener,waitFor/1[int],0.0,3.0,1.0,0.0,73,waitFor/1[int],3,0,3,15,3,0,1,0,0,0
C:\Users\syuuj\gitProject\ysoserial\src\main\java\ysoserial\exploit\JRMPListener.java,ysoserial.exploit.JRMPListener,"JRMPListener/2[int,java.lang.Object]",1.0,4.0,0.8,1.0,59,"JRMPListener/2[int,java.lang.Object]",3,0,1,5,0,0,2,0,0,0
C:\Users\syuuj\gitProject\ysoserial\src\main\java\ysoserial\exploit\JRMPListener.java,ysoserial.exploit.JRMPListener,"JRMPListener/3[int,java.lang.String,java.net.URL]",1.0,5.0,0.8333333,1.0,65,"JRMPListener/3[int,java.lang.String,java.net.URL]",2,1,1,6,0,0,3,0,0,0
C:\Users\syuuj\gitProject\ysoserial\src\main\java\ysoserial\Deserializer.java,ysoserial.Deserializer,call/0,0.0,1.0,1.0,0.0,16,call/0,0,1,1,3,1,0,0,0,0,0
C:\Users\syuuj\gitProject\ysoserial\src\main\java\ysoserial\Deserializer.java,ysoserial.Deserializer,deserialize/1[byte[]],0.0,0.0,-1.0,0.0,20,deserialize/1[byte[]],2,1,1,4,1,1,1,0,0,0
C:\Users\syuuj\gitProject\ysoserial\src\main\java\ysoserial\Deserializer.java,ysoserial.Deserializer,deserialize/1[java.io.InputStream],0.0,0.0,-1.0,0.0,25,deserialize/1[java.io.InputStream],2,0,1,4,1,1,1,0,0,0
C:\Users\syuuj\gitProject\ysoserial\src\main\java\ysoserial\Deserializer.java,ysoserial.Deserializer,main/1[java.lang.String[]],2.0,0.0,0.0,2.0,30,main/1[java.lang.String[]],0,1,2,4,0,2,1,0,0,0
C:\Users\syuuj\gitProject\ysoserial\src\main\java\ysoserial\Deserializer.java,ysoserial.Deserializer,Deserializer/1[byte[]],0.0,1.0,1.0,0.0,14,Deserializer/1[byte[]],0,0,1,3,0,0,1,0,0,0
C:\Users\syuuj\gitProject\ysoserial\src\test\java\ysoserial\payloads\PayloadsTest.java,ysoserial.payloads.PayloadsTest$204,(initializer206),10.0,0.0,0.0,3.0,206,(initializer 206),0,1,5,21,0,3,0,2,0,0
C:\Users\syuuj\gitProject\ysoserial\src\main\java\ysoserial\payloads\ObjectPayload.java,ysoserial.payloads.ObjectPayload$Utils,getPayloadClass/1[java.lang.String],2.0,0.0,0.0,2.0,39,getPayloadClass/1[java.lang.String],4,0,6,19,2,1,1,0,0,0
C:\Users\syuuj\gitProject\ysoserial\src\main\java\ysoserial\payloads\ObjectPayload.java,ysoserial.payloads.ObjectPayload$Utils,getPayloadClasses/0,5.0,0.0,0.0,4.0,25,getPayloadClasses/0,2,0,4,11,1,4,0,1,0,0
C:\Users\syuuj\gitProject\ysoserial\src\main\java\ysoserial\payloads\ObjectPayload.java,ysoserial.payloads.ObjectPayload$Utils,"makePayloadObject/2[java.lang.String,java.lang.String]",1.0,1.0,0.5,1.0,59,"makePayloadObject/2[java.lang.String,java.lang.String]",6,2,4,15,1,3,2,0,0,0
C:\Users\syuuj\gitProject\ysoserial\src\main\java\ysoserial\payloads\ObjectPayload.java,ysoserial.payloads.ObjectPayload$Utils,"releasePayload/2[java.lang.String,java.lang.Object]",0.0,1.0,1.0,0.0,86,"releasePayload/2[java.lang.String,java.lang.Object]",6,2,4,13,0,2,2,0,0,0
C:\Users\syuuj\gitProject\ysoserial\src\main\java\ysoserial\payloads\ObjectPayload.java,ysoserial.payloads.ObjectPayload$Utils,"releasePayload/2[ysoserial.payloads.ObjectPayload,java.lang.Object]",0.0,0.0,-1.0,0.0,79,"releasePayload/2[ysoserial.payloads.ObjectPayload,java.lang.Object]",4,1,2,5,0,0,2,0,0,0
C:\Users\syuuj\gitProject\ysoserial\src\main\java\ysoserial\payloads\C3P0.java,ysoserial.payloads.C3P0$PoolSource,getLogWriter/0,0.0,0.0,-1.0,0.0,76,getLogWriter/0,0,0,1,3,1,0,0,0,0,0
C:\Users\syuuj\gitProject\ysoserial\src\main\java\ysoserial\payloads\C3P0.java,ysoserial.payloads.C3P0$PoolSource,getLoginTimeout/0,0.0,0.0,-1.0,0.0,79,getLoginTimeout/0,0,0,1,3,1,0,0,0,0,0
C:\Users\syuuj\gitProject\ysoserial\src\main\java\ysoserial\payloads\C3P0.java,ysoserial.payloads.C3P0$PoolSource,getParentLogger/0,0.0,0.0,-1.0,0.0,80,getParentLogger/0,0,0,1,3,1,0,0,0,0,0
C:\Users\syuuj\gitProject\ysoserial\src\main\java\ysoserial\payloads\C3P0.java,ysoserial.payloads.C3P0$PoolSource,getPooledConnection/0,0.0,0.0,-1.0,0.0,81,getPooledConnection/0,0,0,1,3,1,0,0,0,0,0
C:\Users\syuuj\gitProject\ysoserial\src\main\java\ysoserial\payloads\C3P0.java,ysoserial.payloads.C3P0$PoolSource,"getPooledConnection/2[java.lang.String,java.lang.String]",0.0,0.0,-1.0,0.0,82,"getPooledConnection/2[java.lang.String,java.lang.String]",0,0,1,3,1,0,2,0,0,0
C:\Users\syuuj\gitProject\ysoserial\src\main\java\ysoserial\payloads\C3P0.java,ysoserial.payloads.C3P0$PoolSource,getReference/0,0.0,2.0,1.0,0.0,72,getReference/0,0,0,1,3,1,0,0,0,0,0
C:\Users\syuuj\gitProject\ysoserial\src\main\java\ysoserial\payloads\C3P0.java,ysoserial.payloads.C3P0$PoolSource,setLogWriter/1[java.io.PrintWriter],0.0,0.0,-1.0,0.0,77,setLogWriter/1[java.io.PrintWriter],0,0,1,2,0,0,1,0,0,0
C:\Users\syuuj\gitProject\ysoserial\src\main\java\ysoserial\payloads\C3P0.java,ysoserial.payloads.C3P0$PoolSource,setLoginTimeout/1[int],0.0,0.0,-1.0,0.0,78,setLoginTimeout/1[int],0,0,1,2,0,0,1,0,0,0
C:\Users\syuuj\gitProject\ysoserial\src\main\java\ysoserial\payloads\C3P0.java,ysoserial.payloads.C3P0$PoolSource,"PoolSource/2[java.lang.String,java.lang.String]",0.0,2.0,1.0,0.0,67,"PoolSource/2[java.lang.String,java.lang.String]",1,0,1,4,0,0,2,0,0,0
C:\Users\syuuj\gitProject\ysoserial\src\main\java\ysoserial\GeneratePayload.java,ysoserial.GeneratePayload,main/1[java.lang.String[]],4.0,3.0,0.42857143,4.0,16,main/1[java.lang.String[]],0,5,4,28,1,6,1,0,0,0
C:\Users\syuuj\gitProject\ysoserial\src\main\java\ysoserial\GeneratePayload.java,ysoserial.GeneratePayload,printUsage/0,4.0,0.0,0.0,4.0,46,printUsage/0,1,6,3,17,0,3,0,2,0,0
C:\Users\syuuj\gitProject\ysoserial\src\test\java\ysoserial\payloads\JRMPReverseConnectSMTest.java,ysoserial.payloads.JRMPReverseConnectSMTest,createCallable/1[java.util.concurrent.Callable],2.0,1.0,0.33333334,1.0,36,createCallable/1[java.util.concurrent.Callable],0,1,1,20,1,0,1,0,1,0
C:\Users\syuuj\gitProject\ysoserial\src\test\java\ysoserial\payloads\JRMPReverseConnectSMTest.java,ysoserial.payloads.JRMPReverseConnectSMTest,getPayloadArgs/0,0.0,1.0,1.0,0.0,57,getPayloadArgs/0,0,0,1,3,1,0,0,0,0,0
C:\Users\syuuj\gitProject\ysoserial\src\test\java\ysoserial\payloads\JRMPReverseConnectSMTest.java,ysoserial.payloads.JRMPReverseConnectSMTest,JRMPReverseConnectSMTest/1[java.lang.String],0.0,1.0,1.0,0.0,20,JRMPReverseConnectSMTest/1[java.lang.String],0,0,1,4,0,0,1,0,0,0
C:\Users\syuuj\gitProject\ysoserial\src\main\java\ysoserial\payloads\CommonsCollections2.java,ysoserial.payloads.CommonsCollections2,getObject/1[java.lang.String],2.0,0.0,0.0,1.0,32,getObject/1[java.lang.String],0,3,1,12,1,4,1,0,0,0
C:\Users\syuuj\gitProject\ysoserial\src\main\java\ysoserial\payloads\CommonsCollections2.java,ysoserial.payloads.CommonsCollections2,main/1[java.lang.String[]],0.0,1.0,1.0,0.0,54,main/1[java.lang.String[]],0,1,1,3,0,0,1,0,0,0
C:\Users\syuuj\gitProject\ysoserial\src\main\java\ysoserial\payloads\ReleaseableObjectPayload.java,ysoserial.payloads.ReleaseableObjectPayload,release/1[T],0.0,0.0,-1.0,0.0,10,release/1[T],0,0,1,1,0,0,1,0,0,0
C:\Users\syuuj\gitProject\ysoserial\src\main\java\ysoserial\exploit\JenkinsCLI.java,ysoserial.exploit.JenkinsCLI,getCliPort/1[java.lang.String],3.0,0.0,0.0,3.0,84,getCliPort/1[java.lang.String],3,0,3,14,1,4,1,0,0,0
C:\Users\syuuj\gitProject\ysoserial\src\main\java\ysoserial\exploit\JenkinsCLI.java,ysoserial.exploit.JenkinsCLI,getPropertyCallable/1[java.lang.Object],7.0,0.0,0.0,6.0,72,getPropertyCallable/1[java.lang.Object],3,0,1,7,1,3,1,0,0,0
C:\Users\syuuj\gitProject\ysoserial\src\main\java\ysoserial\exploit\JenkinsCLI.java,ysoserial.exploit.JenkinsCLI,main/1[java.lang.String[]],3.0,2.0,0.4,3.0,41,main/1[java.lang.String[]],0,5,5,28,0,4,1,0,0,0
C:\Users\syuuj\gitProject\ysoserial\src\main\java\ysoserial\exploit\JenkinsCLI.java,ysoserial.exploit.JenkinsCLI,openChannel/1[java.net.InetSocketAddress],9.0,0.0,0.0,5.0,102,openChannel/1[java.net.InetSocketAddress],3,1,1,21,1,5,1,0,1,0
C:\Users\syuuj\gitProject\ysoserial\src\test\java\ysoserial\payloads\MyfacesTest.java,ysoserial.payloads.MyfacesTest$MyfacesDeserializer$MockRequestContext,answer/1[org.mockito.invocation.InvocationOnMock],13.0,0.0,0.0,5.0,66,answer/1[ysoserial.payloads.InvocationOnMock],0,0,3,10,3,0,1,0,0,0
C:\Users\syuuj\gitProject\ysoserial\src\test\java\ysoserial\Throwables.java,ysoserial.Throwables,getInnermostCause/1[java.lang.Throwable],1.0,1.0,0.5,1.0,4,getInnermostCause/1[java.lang.Throwable],2,1,3,4,1,1,1,0,0,0
C:\Users\syuuj\gitProject\ysoserial\src\test\java\ysoserial\WrappedTest.java,ysoserial.WrappedTest,createCallable/1[java.util.concurrent.Callable],0.0,0.0,-1.0,0.0,11,createCallable/1[java.util.concurrent.Callable],1,0,1,1,0,0,1,0,0,0
C:\Users\syuuj\gitProject\ysoserial\src\main\java\ysoserial\payloads\Spring1.java,ysoserial.payloads.Spring1,getObject/1[java.lang.String],7.0,0.0,0.0,5.0,56,getObject/1[java.lang.String],0,7,1,10,1,6,1,0,0,0
C:\Users\syuuj\gitProject\ysoserial\src\main\java\ysoserial\payloads\Spring1.java,ysoserial.payloads.Spring1,isApplicableJavaVersion/0,0.0,0.0,-1.0,0.0,81,isApplicableJavaVersion/0,0,1,1,3,1,0,0,0,0,0
C:\Users\syuuj\gitProject\ysoserial\src\main\java\ysoserial\payloads\Spring1.java,ysoserial.payloads.Spring1,main/1[java.lang.String[]],0.0,1.0,1.0,0.0,77,main/1[java.lang.String[]],0,1,1,3,0,0,1,0,0,0
C:\Users\syuuj\gitProject\ysoserial\src\test\java\ysoserial\payloads\JRMPReverseConnectSMTest.java,ysoserial.payloads.JRMPReverseConnectSMTest$37,call/0,3.0,0.0,0.0,2.0,38,call/0,0,13,1,15,1,3,0,0,0,0
C:\Users\syuuj\gitProject\ysoserial\src\main\java\ysoserial\payloads\Myfaces1.java,ysoserial.payloads.Myfaces1,getDependencies/0,4.0,0.0,0.0,1.0,52,getDependencies/0,1,0,4,9,2,0,0,0,0,0
C:\Users\syuuj\gitProject\ysoserial\src\main\java\ysoserial\payloads\Myfaces1.java,ysoserial.payloads.Myfaces1,getObject/1[java.lang.String],0.0,0.0,-1.0,0.0,47,getObject/1[java.lang.String],0,1,1,3,1,0,1,0,0,0
C:\Users\syuuj\gitProject\ysoserial\src\main\java\ysoserial\payloads\Myfaces1.java,ysoserial.payloads.Myfaces1,main/1[java.lang.String[]],0.0,1.0,1.0,0.0,91,main/1[java.lang.String[]],0,1,1,3,0,0,1,0,0,0
C:\Users\syuuj\gitProject\ysoserial\src\main\java\ysoserial\payloads\Myfaces1.java,ysoserial.payloads.Myfaces1,makeExpressionPayload/1[java.lang.String],5.0,0.0,0.0,4.0,76,makeExpressionPayload/1[java.lang.String],2,2,1,11,1,7,1,0,0,0
C:\Users\syuuj\gitProject\ysoserial\src\main\java\ysoserial\payloads\ObjectPayload.java,ysoserial.payloads.ObjectPayload,getObject/1[java.lang.String],0.0,0.0,-1.0,0.0,20,getObject/1[java.lang.String],4,0,1,1,0,0,1,0,0,0
C:\Users\syuuj\gitProject\ysoserial\src\main\java\ysoserial\Strings.java,ysoserial.Strings,formatTable/1[java.util.List],5.0,0.0,0.0,2.0,30,formatTable/1[java.util.List],1,2,8,20,1,5,1,4,0,0
C:\Users\syuuj\gitProject\ysoserial\src\main\java\ysoserial\Strings.java,ysoserial.Strings,"join/4[java.lang.Iterable,java.lang.String,java.lang.String,java.lang.String]",0.0,0.0,-1.0,0.0,11,"join/4[java.lang.Iterable,java.lang.String,java.lang.String,java.lang.String]",3,0,5,12,1,2,4,1,0,0
C:\Users\syuuj\gitProject\ysoserial\src\main\java\ysoserial\Strings.java,ysoserial.Strings,"repeat/2[java.lang.String,int]",0.0,0.0,-1.0,0.0,24,"repeat/2[java.lang.String,int]",1,1,1,5,1,1,2,0,0,0
C:\Users\syuuj\gitProject\ysoserial\src\test\java\ysoserial\payloads\TestHarnessTest.java,ysoserial.payloads.TestHarnessTest$ExecMockPayload,getObject/1[java.lang.String],0.0,0.0,-1.0,0.0,42,getObject/1[java.lang.String],0,1,1,3,1,0,1,0,0,0
C:\Users\syuuj\gitProject\ysoserial\src\main\java\ysoserial\Serializer.java,ysoserial.Serializer,call/0,0.0,1.0,1.0,0.0,15,call/0,0,1,1,3,1,0,0,0,0,0
C:\Users\syuuj\gitProject\ysoserial\src\main\java\ysoserial\Serializer.java,ysoserial.Serializer,serialize/1[java.lang.Object],0.0,0.0,-1.0,0.0,19,serialize/1[java.lang.Object],2,1,1,5,1,1,1,0,0,0
C:\Users\syuuj\gitProject\ysoserial\src\main\java\ysoserial\Serializer.java,ysoserial.Serializer,"serialize/2[java.lang.Object,java.io.OutputStream]",0.0,0.0,-1.0,0.0,25,"serialize/2[java.lang.Object,java.io.OutputStream]",2,0,1,4,0,1,2,0,0,0
C:\Users\syuuj\gitProject\ysoserial\src\main\java\ysoserial\Serializer.java,ysoserial.Serializer,Serializer/1[java.lang.Object],0.0,1.0,1.0,0.0,11,Serializer/1[java.lang.Object],0,0,1,3,0,0,1,0,0,0
C:\Users\syuuj\gitProject\ysoserial\src\main\java\ysoserial\payloads\Jdk7u21.java,ysoserial.payloads.Jdk7u21,getObject/1[java.lang.String],8.0,0.0,0.0,4.0,62,getObject/1[java.lang.String],0,4,1,16,1,6,1,0,0,0
C:\Users\syuuj\gitProject\ysoserial\src\main\java\ysoserial\payloads\Jdk7u21.java,ysoserial.payloads.Jdk7u21,isApplicableJavaVersion/0,4.0,0.0,0.0,1.0,86,isApplicableJavaVersion/0,0,1,5,4,1,1,0,0,0,0
C:\Users\syuuj\gitProject\ysoserial\src\main\java\ysoserial\payloads\Jdk7u21.java,ysoserial.payloads.Jdk7u21,main/1[java.lang.String[]],0.0,1.0,1.0,0.0,91,main/1[java.lang.String[]],0,1,1,3,0,0,1,0,0,0
C:\Users\syuuj\gitProject\ysoserial\src\main\java\ysoserial\exploit\JRMPListener.java,ysoserial.exploit.JRMPListener$245,resolveClass/1[java.io.ObjectStreamClass],6.0,0.0,0.0,4.0,248,resolveClass/1[java.io.ObjectStreamClass],0,0,4,12,3,0,1,0,0,0
C:\Users\syuuj\gitProject\ysoserial\src\main\java\ysoserial\payloads\util\PayloadRunner.java,ysoserial.payloads.util.PayloadRunner$22,call/0,3.0,0.0,0.0,3.0,23,call/0,0,13,3,10,1,4,0,0,0,0
C:\Users\syuuj\gitProject\ysoserial\src\main\java\ysoserial\exploit\JBoss.java,ysoserial.exploit.JBoss$ConnectionHandlerContextImpl,getConnection/0,0.0,0.0,-1.0,0.0,366,getConnection/0,0,0,1,3,1,0,0,0,0,0
C:\Users\syuuj\gitProject\ysoserial\src\main\java\ysoserial\exploit\JBoss.java,ysoserial.exploit.JBoss$ConnectionHandlerContextImpl,getConnectionProviderContext/0,0.0,1.0,1.0,0.0,361,getConnectionProviderContext/0,0,0,1,3,1,0,0,0,0,0
C:\Users\syuuj\gitProject\ysoserial\src\main\java\ysoserial\exploit\JBoss.java,ysoserial.exploit.JBoss$ConnectionHandlerContextImpl,getRegisteredService/1[java.lang.String],0.0,0.0,-1.0,0.0,356,getRegisteredService/1[java.lang.String],0,0,1,3,1,0,1,0,0,0
C:\Users\syuuj\gitProject\ysoserial\src\main\java\ysoserial\exploit\JBoss.java,ysoserial.exploit.JBoss$ConnectionHandlerContextImpl,getServiceOpenListener/1[java.lang.String],0.0,0.0,-1.0,0.0,351,getServiceOpenListener/1[java.lang.String],0,0,1,3,1,0,1,0,0,0
C:\Users\syuuj\gitProject\ysoserial\src\main\java\ysoserial\exploit\JBoss.java,ysoserial.exploit.JBoss$ConnectionHandlerContextImpl,remoteClosed/0,0.0,0.0,-1.0,0.0,348,remoteClosed/0,0,0,1,2,0,0,0,0,0,0
C:\Users\syuuj\gitProject\ysoserial\src\main\java\ysoserial\exploit\JBoss.java,ysoserial.exploit.JBoss$ConnectionHandlerContextImpl,ConnectionHandlerContextImpl/1[ysoserial.exploit.JBoss.ConnectionProviderContextImpl],0.0,1.0,1.0,0.0,343,ConnectionHandlerContextImpl/1[ysoserial.exploit.JBoss.ConnectionProviderContextImpl],1,0,1,3,0,0,1,0,0,0
C:\Users\syuuj\gitProject\ysoserial\src\main\java\ysoserial\payloads\URLDNS.java,ysoserial.payloads.URLDNS$SilentURLStreamHandler,getHostAddress/1[java.net.URL],0.0,0.0,-1.0,0.0,81,getHostAddress/1[java.net.URL],0,0,1,3,1,0,1,0,0,0
C:\Users\syuuj\gitProject\ysoserial\src\main\java\ysoserial\payloads\URLDNS.java,ysoserial.payloads.URLDNS$SilentURLStreamHandler,openConnection/1[java.net.URL],0.0,0.0,-1.0,0.0,77,openConnection/1[java.net.URL],0,0,1,3,1,0,1,0,0,0
C:\Users\syuuj\gitProject\ysoserial\src\main\java\ysoserial\payloads\util\PayloadRunner.java,ysoserial.payloads.util.PayloadRunner,getDefaultTestCmd/0,0.0,1.0,1.0,0.0,46,getDefaultTestCmd/0,1,1,1,3,1,0,0,0,0,0
C:\Users\syuuj\gitProject\ysoserial\src\main\java\ysoserial\payloads\util\PayloadRunner.java,ysoserial.payloads.util.PayloadRunner,getFirstExistingFile/1[java.lang.String[]],0.0,0.0,-1.0,0.0,55,getFirstExistingFile/1[java.lang.String[]],1,0,3,8,1,0,1,1,0,0
C:\Users\syuuj\gitProject\ysoserial\src\main\java\ysoserial\payloads\util\PayloadRunner.java,ysoserial.payloads.util.PayloadRunner,"run/2[java.lang.Class,java.lang.String[]]",2.0,1.0,0.33333334,2.0,20,"run/2[java.lang.Class>,java.lang.String[]]",29,4,2,22,0,2,2,0,1,0
C:\Users\syuuj\gitProject\ysoserial\src\main\java\ysoserial\payloads\CommonsCollections1.java,ysoserial.payloads.CommonsCollections1,getObject/1[java.lang.String],8.0,0.0,0.0,7.0,49,getObject/1[java.lang.String],0,3,1,11,1,7,1,0,0,0
C:\Users\syuuj\gitProject\ysoserial\src\main\java\ysoserial\payloads\CommonsCollections1.java,ysoserial.payloads.CommonsCollections1,isApplicableJavaVersion/0,0.0,0.0,-1.0,0.0,84,isApplicableJavaVersion/0,0,1,1,3,1,0,0,0,0,0
C:\Users\syuuj\gitProject\ysoserial\src\main\java\ysoserial\payloads\CommonsCollections1.java,ysoserial.payloads.CommonsCollections1,main/1[java.lang.String[]],0.0,1.0,1.0,0.0,80,main/1[java.lang.String[]],0,1,1,3,0,0,1,0,0,0
C:\Users\syuuj\gitProject\ysoserial\src\main\java\ysoserial\exploit\JRMPClient.java,ysoserial.exploit.JRMPClient,main/1[java.lang.String[]],3.0,0.0,0.0,3.0,36,main/1[java.lang.String[]],0,3,3,17,0,3,1,0,0,0
C:\Users\syuuj\gitProject\ysoserial\src\main\java\ysoserial\exploit\JRMPClient.java,ysoserial.exploit.JRMPClient,"makeDGCCall/3[java.lang.String,int,java.lang.Object]",8.0,0.0,0.0,3.0,55,"makeDGCCall/3[java.lang.String,int,java.lang.Object]",1,1,3,33,0,5,3,0,0,0
C:\Users\syuuj\gitProject\ysoserial\src\main\java\ysoserial\payloads\BeanShell1.java,ysoserial.payloads.BeanShell1,getObject/1[java.lang.String],9.0,0.0,0.0,6.0,25,getObject/1[java.lang.String],0,2,1,13,1,7,1,0,0,0
C:\Users\syuuj\gitProject\ysoserial\src\main\java\ysoserial\payloads\BeanShell1.java,ysoserial.payloads.BeanShell1,main/1[java.lang.String[]],0.0,1.0,1.0,0.0,51,main/1[java.lang.String[]],0,1,1,3,0,0,1,0,0,0
C:\Users\syuuj\gitProject\ysoserial\src\main\java\ysoserial\payloads\JRMPListener.java,ysoserial.payloads.JRMPListener,getObject/1[java.lang.String],6.0,0.0,0.0,6.0,41,getObject/1[java.lang.String],1,2,1,6,1,2,1,0,0,0
C:\Users\syuuj\gitProject\ysoserial\src\main\java\ysoserial\payloads\JRMPListener.java,ysoserial.payloads.JRMPListener,main/1[java.lang.String[]],0.0,1.0,1.0,0.0,54,main/1[java.lang.String[]],0,1,1,3,0,0,1,0,0,0
C:\Users\syuuj\gitProject\ysoserial\src\test\java\ysoserial\payloads\JRMPReverseConnectTest.java,ysoserial.payloads.JRMPReverseConnectTest,getPayloadArgs/0,0.0,1.0,1.0,0.0,53,getPayloadArgs/0,0,0,1,3,1,0,0,0,0,0
C:\Users\syuuj\gitProject\ysoserial\src\test\java\ysoserial\payloads\JRMPReverseConnectTest.java,ysoserial.payloads.JRMPReverseConnectTest,run/1[java.util.concurrent.Callable],0.0,1.0,1.0,0.0,32,run/1[java.util.concurrent.Callable],0,3,2,18,0,2,1,0,0,0
C:\Users\syuuj\gitProject\ysoserial\src\test\java\ysoserial\payloads\JRMPReverseConnectTest.java,ysoserial.payloads.JRMPReverseConnectTest,JRMPReverseConnectTest/0,0.0,1.0,1.0,0.0,26,JRMPReverseConnectTest/0,0,0,1,3,0,0,0,0,0,0
C:\Users\syuuj\gitProject\ysoserial\src\main\java\ysoserial\payloads\annotation\Authors.java,ysoserial.payloads.annotation.Authors$Utils,getAuthors/1[java.lang.reflect.AnnotatedElement],2.0,0.0,0.0,2.0,24,getAuthors/1[java.lang.reflect.AnnotatedElement],1,1,3,9,2,1,1,0,0,0
C:\Users\syuuj\gitProject\ysoserial\src\main\java\ysoserial\payloads\util\Reflections.java,ysoserial.payloads.util.Reflections,"createWithConstructor/4[java.lang.Class,java.lang.Class,java.lang.Class[],java.lang.Object[]]",4.0,0.0,0.0,3.0,44,"createWithConstructor/4[java.lang.Class,java.lang.Class,java.lang.Class[],java.lang.Object[]]",3,2,1,7,1,2,4,0,0,0
C:\Users\syuuj\gitProject\ysoserial\src\main\java\ysoserial\payloads\util\Reflections.java,ysoserial.payloads.util.Reflections,createWithoutConstructor/1[java.lang.Class],1.0,0.0,0.0,1.0,38,createWithoutConstructor/1[java.lang.Class],0,1,1,3,1,0,1,0,0,0
C:\Users\syuuj\gitProject\ysoserial\src\main\java\ysoserial\payloads\util\Reflections.java,ysoserial.payloads.util.Reflections,"getField/2[java.lang.Class,java.lang.String]",4.0,1.0,0.2,2.0,12,"getField/2[java.lang.Class,java.lang.String]",11,1,3,6,1,1,2,0,0,0
C:\Users\syuuj\gitProject\ysoserial\src\main\java\ysoserial\payloads\util\Reflections.java,ysoserial.payloads.util.Reflections,"getFieldValue/2[java.lang.Object,java.lang.String]",2.0,1.0,0.33333334,2.0,26,"getFieldValue/2[java.lang.Object,java.lang.String]",5,1,1,4,1,1,2,0,0,0
C:\Users\syuuj\gitProject\ysoserial\src\main\java\ysoserial\payloads\util\Reflections.java,ysoserial.payloads.util.Reflections,getFirstCtor/1[java.lang.String],2.0,0.0,0.0,2.0,31,getFirstCtor/1[java.lang.String],5,0,1,5,1,1,1,0,0,0
C:\Users\syuuj\gitProject\ysoserial\src\main\java\ysoserial\payloads\util\Reflections.java,ysoserial.payloads.util.Reflections,"setFieldValue/3[java.lang.Object,java.lang.String,java.lang.Object]",2.0,1.0,0.33333334,2.0,21,"setFieldValue/3[java.lang.Object,java.lang.String,java.lang.Object]",20,1,1,4,0,1,3,0,0,0
C:\Users\syuuj\gitProject\ysoserial\src\main\java\ysoserial\exploit\JenkinsReverse.java,ysoserial.exploit.JenkinsReverse,main/1[java.lang.String[]],8.0,0.0,0.0,6.0,29,main/1[java.lang.String[]],0,10,7,47,0,9,1,0,0,0
C:\Users\syuuj\gitProject\ysoserial\src\main\java\ysoserial\payloads\URLDNS.java,ysoserial.payloads.URLDNS,getObject/1[java.lang.String],1.0,0.0,0.0,1.0,47,getObject/1[java.lang.String],0,2,1,8,1,3,1,0,0,0
C:\Users\syuuj\gitProject\ysoserial\src\main\java\ysoserial\payloads\URLDNS.java,ysoserial.payloads.URLDNS,main/1[java.lang.String[]],0.0,1.0,1.0,0.0,62,main/1[java.lang.String[]],0,1,1,3,0,0,1,0,0,0
C:\Users\syuuj\gitProject\ysoserial\src\main\java\ysoserial\payloads\util\ClassFiles.java,ysoserial.payloads.util.ClassFiles,classAsBytes/1[java.lang.Class],2.0,0.0,0.0,2.0,25,classAsBytes/1[java.lang.Class],2,1,4,19,1,5,1,1,0,0
C:\Users\syuuj\gitProject\ysoserial\src\main\java\ysoserial\payloads\util\ClassFiles.java,ysoserial.payloads.util.ClassFiles,classAsFile/1[java.lang.Class],0.0,0.0,-1.0,0.0,8,classAsFile/1[java.lang.Class],1,1,1,3,1,0,1,0,0,0
C:\Users\syuuj\gitProject\ysoserial\src\main\java\ysoserial\payloads\util\ClassFiles.java,ysoserial.payloads.util.ClassFiles,"classAsFile/2[java.lang.Class,boolean]",4.0,0.0,0.0,1.0,12,"classAsFile/2[java.lang.Class,boolean]",2,1,3,13,1,1,2,0,0,0
C:\Users\syuuj\gitProject\ysoserial\src\main\java\ysoserial\payloads\JBossInterceptors1.java,ysoserial.payloads.JBossInterceptors1,getObject/1[java.lang.String],8.0,0.0,0.0,6.0,35,getObject/1[java.lang.String],0,1,1,28,1,14,1,0,1,0
C:\Users\syuuj\gitProject\ysoserial\src\main\java\ysoserial\payloads\JBossInterceptors1.java,ysoserial.payloads.JBossInterceptors1,main/1[java.lang.String[]],0.0,1.0,1.0,0.0,80,main/1[java.lang.String[]],0,1,1,3,0,0,1,0,0,0
C:\Users\syuuj\gitProject\ysoserial\src\main\java\ysoserial\payloads\Wicket1.java,ysoserial.payloads.Wicket1,"copyAndDelete/2[java.lang.String,java.lang.String]",0.0,0.0,-1.0,0.0,81,"copyAndDelete/2[java.lang.String,java.lang.String]",1,1,1,3,1,0,2,0,0,0
C:\Users\syuuj\gitProject\ysoserial\src\main\java\ysoserial\payloads\Wicket1.java,ysoserial.payloads.Wicket1,getObject/1[java.lang.String],3.0,0.0,0.0,2.0,52,getObject/1[java.lang.String],0,3,7,22,5,1,1,0,0,0
C:\Users\syuuj\gitProject\ysoserial\src\main\java\ysoserial\payloads\Wicket1.java,ysoserial.payloads.Wicket1,main/1[java.lang.String[]],1.0,0.0,0.0,1.0,110,main/1[java.lang.String[]],0,1,1,3,0,0,1,0,0,0
C:\Users\syuuj\gitProject\ysoserial\src\main\java\ysoserial\payloads\Wicket1.java,ysoserial.payloads.Wicket1,"makePayload/4[int,java.lang.String,java.lang.String,byte[]]",7.0,0.0,0.0,4.0,95,"makePayload/4[int,java.lang.String,java.lang.String,byte[]]",3,3,1,12,1,5,4,0,0,0
C:\Users\syuuj\gitProject\ysoserial\src\main\java\ysoserial\payloads\Wicket1.java,ysoserial.payloads.Wicket1,release/1[org.apache.wicket.util.upload.DiskFileItem],0.0,0.0,-1.0,0.0,78,release/1[ysoserial.payloads.DiskFileItem],0,0,1,2,0,0,1,0,0,0
C:\Users\syuuj\gitProject\ysoserial\src\main\java\ysoserial\payloads\Wicket1.java,ysoserial.payloads.Wicket1,"write/2[java.lang.String,byte[]]",1.0,0.0,0.0,1.0,86,"write/2[java.lang.String,byte[]]",1,1,1,3,1,0,2,0,0,0
C:\Users\syuuj\gitProject\ysoserial\src\main\java\ysoserial\payloads\Wicket1.java,ysoserial.payloads.Wicket1,"writeOldJRE/2[java.lang.String,byte[]]",1.0,0.0,0.0,1.0,91,"writeOldJRE/2[java.lang.String,byte[]]",1,1,1,3,1,0,2,0,0,0
C:\Users\syuuj\gitProject\ysoserial\src\main\java\ysoserial\payloads\CommonsCollections4.java,ysoserial.payloads.CommonsCollections4,getObject/1[java.lang.String],7.0,0.0,0.0,4.0,31,getObject/1[java.lang.String],0,3,1,17,1,7,1,0,0,0
C:\Users\syuuj\gitProject\ysoserial\src\main\java\ysoserial\payloads\CommonsCollections4.java,ysoserial.payloads.CommonsCollections4,main/1[java.lang.String[]],0.0,1.0,1.0,0.0,61,main/1[java.lang.String[]],0,1,1,3,0,0,1,0,0,0
C:\Users\syuuj\gitProject\ysoserial\src\test\java\ysoserial\payloads\RemoteClassLoadingTest.java,ysoserial.payloads.RemoteClassLoadingTest$RemoteClassLoadingTestCallable,call/0,0.0,1.0,1.0,0.0,88,call/0,0,3,1,12,1,1,0,0,0,0
C:\Users\syuuj\gitProject\ysoserial\src\test\java\ysoserial\payloads\RemoteClassLoadingTest.java,ysoserial.payloads.RemoteClassLoadingTest$RemoteClassLoadingTestCallable,cleanup/0,0.0,0.0,-1.0,0.0,107,cleanup/0,1,0,1,3,0,0,0,0,0,0
C:\Users\syuuj\gitProject\ysoserial\src\test\java\ysoserial\payloads\RemoteClassLoadingTest.java,ysoserial.payloads.RemoteClassLoadingTest$RemoteClassLoadingTestCallable,serve/1[ysoserial.payloads.IHTTPSession],3.0,2.0,0.4,3.0,113,serve/1[ysoserial.payloads.IHTTPSession],0,0,1,8,1,1,1,0,0,0
C:\Users\syuuj\gitProject\ysoserial\src\test\java\ysoserial\payloads\RemoteClassLoadingTest.java,ysoserial.payloads.RemoteClassLoadingTest$RemoteClassLoadingTestCallable,setup/0,1.0,0.0,0.0,1.0,102,setup/0,1,0,1,3,0,0,0,0,0,0
C:\Users\syuuj\gitProject\ysoserial\src\test\java\ysoserial\payloads\RemoteClassLoadingTest.java,ysoserial.payloads.RemoteClassLoadingTest$RemoteClassLoadingTestCallable,waitFor/0,0.0,1.0,1.0,0.0,81,waitFor/0,1,0,1,5,0,0,0,0,0,0
C:\Users\syuuj\gitProject\ysoserial\src\test\java\ysoserial\payloads\RemoteClassLoadingTest.java,ysoserial.payloads.RemoteClassLoadingTest$RemoteClassLoadingTestCallable,"RemoteClassLoadingTestCallable/3[int,byte[],java.util.concurrent.Callable]",0.0,2.0,1.0,0.0,73,"RemoteClassLoadingTestCallable/3[int,byte[],java.util.concurrent.Callable]",1,0,1,5,0,0,3,0,0,0
C:\Users\syuuj\gitProject\ysoserial\src\test\java\ysoserial\payloads\MyfacesTest.java,ysoserial.payloads.MyfacesTest$MyfacesDeserializer,call/0,7.0,0.0,0.0,4.0,143,call/0,0,1,1,15,1,3,0,0,0,0
C:\Users\syuuj\gitProject\ysoserial\src\test\java\ysoserial\payloads\MyfacesTest.java,ysoserial.payloads.MyfacesTest$MyfacesDeserializer,createMockFacesContext/0,9.0,0.0,0.0,4.0,160,createMockFacesContext/0,1,2,1,18,1,7,0,0,0,0
C:\Users\syuuj\gitProject\ysoserial\src\test\java\ysoserial\payloads\MyfacesTest.java,ysoserial.payloads.MyfacesTest$MyfacesDeserializer,getExtraDependencies/0,2.0,0.0,0.0,2.0,55,getExtraDependencies/0,0,0,1,3,1,0,0,0,0,0
C:\Users\syuuj\gitProject\ysoserial\src\test\java\ysoserial\payloads\MyfacesTest.java,ysoserial.payloads.MyfacesTest$MyfacesDeserializer,MyfacesDeserializer/1[byte[]],0.0,0.0,-1.0,0.0,137,MyfacesDeserializer/1[byte[]],0,0,1,3,0,0,1,0,0,0
C:\Users\syuuj\gitProject\ysoserial\src\test\java\ysoserial\CustomDeserializer.java,ysoserial.CustomDeserializer,getCustomDeserializer/0,0.0,0.0,-1.0,0.0,11,getCustomDeserializer/0,1,0,1,1,0,0,0,0,0,0
C:\Users\syuuj\gitProject\ysoserial\src\main\java\ysoserial\Strings.java,ysoserial.Strings$ToStringComparator,"compare/2[java.lang.Object,java.lang.Object]",0.0,0.0,-1.0,0.0,53,"compare/2[java.lang.Object,java.lang.Object]",0,0,1,3,1,0,2,0,0,0
C:\Users\syuuj\gitProject\ysoserial\src\main\java\ysoserial\payloads\CommonsCollections5.java,ysoserial.payloads.CommonsCollections5,getObject/1[java.lang.String],11.0,0.0,0.0,8.0,52,getObject/1[java.lang.String],0,1,1,14,1,8,1,0,0,0
C:\Users\syuuj\gitProject\ysoserial\src\main\java\ysoserial\payloads\CommonsCollections5.java,ysoserial.payloads.CommonsCollections5,main/1[java.lang.String[]],0.0,1.0,1.0,0.0,86,main/1[java.lang.String[]],0,1,1,3,0,0,1,0,0,0
C:\Users\syuuj\gitProject\ysoserial\src\test\java\ysoserial\CustomTest.java,ysoserial.CustomTest,run/1[java.util.concurrent.Callable],0.0,0.0,-1.0,0.0,11,run/1[java.util.concurrent.Callable],1,0,1,1,0,0,1,0,0,0
C:\Users\syuuj\gitProject\ysoserial\src\test\java\ysoserial\payloads\TestHarnessTest.java,ysoserial.payloads.TestHarnessTest$NoopMockPayload,getObject/1[java.lang.String],0.0,0.0,-1.0,0.0,48,getObject/1[java.lang.String],0,0,1,3,1,0,1,0,0,0
C:\Users\syuuj\gitProject\ysoserial\src\test\java\ysoserial\payloads\MyfacesTest.java,ysoserial.payloads.MyfacesTest,getCustomDeserializer/0,1.0,0.0,0.0,1.0,43,getCustomDeserializer/0,0,0,1,3,1,0,0,0,0,0
C:\Users\syuuj\gitProject\ysoserial\src\test\java\ysoserial\payloads\MyfacesTest.java,ysoserial.payloads.MyfacesTest,MyfacesTest/1[java.lang.String],0.0,0.0,-1.0,0.0,37,MyfacesTest/1[java.lang.String],0,0,1,3,0,0,1,0,0,0
C:\Users\syuuj\gitProject\ysoserial\src\main\java\ysoserial\payloads\annotation\Dependencies.java,ysoserial.payloads.annotation.Dependencies$Utils,getDependencies/1[java.lang.reflect.AnnotatedElement],2.0,0.0,0.0,2.0,15,getDependencies/1[java.lang.reflect.AnnotatedElement],2,1,3,9,2,1,1,0,0,0
C:\Users\syuuj\gitProject\ysoserial\src\main\java\ysoserial\payloads\annotation\Dependencies.java,ysoserial.payloads.annotation.Dependencies$Utils,getDependenciesSimple/1[java.lang.reflect.AnnotatedElement],2.0,1.0,0.33333334,1.0,24,getDependenciesSimple/1[java.lang.reflect.AnnotatedElement],1,1,2,8,1,3,1,1,0,0
C:\Users\syuuj\gitProject\ysoserial\src\test\java\ysoserial\payloads\RemoteClassLoadingTest.java,ysoserial.payloads.RemoteClassLoadingTest,createCallable/1[java.util.concurrent.Callable],0.0,1.0,1.0,0.0,43,createCallable/1[java.util.concurrent.Callable],0,2,1,3,1,0,1,0,0,0
C:\Users\syuuj\gitProject\ysoserial\src\test\java\ysoserial\payloads\RemoteClassLoadingTest.java,ysoserial.payloads.RemoteClassLoadingTest,getExploitClassName/0,0.0,1.0,1.0,0.0,47,getExploitClassName/0,1,0,1,3,1,0,0,0,0,0
C:\Users\syuuj\gitProject\ysoserial\src\test\java\ysoserial\payloads\RemoteClassLoadingTest.java,ysoserial.payloads.RemoteClassLoadingTest,getHTTPPort/0,0.0,1.0,1.0,0.0,39,getHTTPPort/0,1,0,1,3,1,0,0,0,0,0
C:\Users\syuuj\gitProject\ysoserial\src\test\java\ysoserial\payloads\RemoteClassLoadingTest.java,ysoserial.payloads.RemoteClassLoadingTest,getPayloadArgs/0,0.0,2.0,1.0,0.0,35,getPayloadArgs/0,0,0,1,3,1,0,0,0,0,0
C:\Users\syuuj\gitProject\ysoserial\src\test\java\ysoserial\payloads\RemoteClassLoadingTest.java,ysoserial.payloads.RemoteClassLoadingTest,makePayloadClass/0,5.0,1.0,0.16666667,4.0,51,makePayloadClass/0,1,0,2,14,2,2,0,0,0,0
C:\Users\syuuj\gitProject\ysoserial\src\test\java\ysoserial\payloads\RemoteClassLoadingTest.java,ysoserial.payloads.RemoteClassLoadingTest,RemoteClassLoadingTest/1[java.lang.String],0.0,3.0,1.0,0.0,28,RemoteClassLoadingTest/1[java.lang.String],0,0,1,5,0,0,1,0,0,0
C:\Users\syuuj\gitProject\ysoserial\src\main\java\ysoserial\exploit\JenkinsListener.java,ysoserial.exploit.JenkinsListener,"exploit/7[java.net.InetSocketAddress,long,int,long,short,java.lang.Class,java.lang.String]",15.0,0.0,0.0,9.0,165,"exploit/7[java.net.InetSocketAddress,long,int,long,short,java.lang.Class,java.lang.String]",1,3,4,39,0,6,7,0,0,0
C:\Users\syuuj\gitProject\ysoserial\src\main\java\ysoserial\exploit\JenkinsListener.java,ysoserial.exploit.JenkinsListener,main/1[java.lang.String[]],12.0,0.0,0.0,10.0,53,main/1[java.lang.String[]],0,9,8,45,0,11,1,0,0,0
C:\Users\syuuj\gitProject\ysoserial\src\main\java\ysoserial\exploit\JenkinsListener.java,ysoserial.exploit.JenkinsListener,"makeIsPresentOnRemoteCallable/3[int,java.lang.Object,java.lang.Class]",6.0,0.0,0.0,5.0,117,"makeIsPresentOnRemoteCallable/3[int,java.lang.Object,java.lang.Class]",1,0,1,5,1,1,3,0,0,0
C:\Users\syuuj\gitProject\ysoserial\src\main\java\ysoserial\exploit\JenkinsListener.java,ysoserial.exploit.JenkinsListener,"parseObjIdAndExploit/5[java.lang.String[],java.lang.Class,int,java.net.InetSocketAddress,java.lang.Exception]",2.0,0.0,0.0,2.0,128,"parseObjIdAndExploit/5[java.lang.String[],java.lang.Class,int,java.net.InetSocketAddress,java.lang.Exception]",1,1,4,25,0,11,5,0,0,0
C:\Users\syuuj\gitProject\ysoserial\src\test\java\ysoserial\payloads\MyfacesTest.java,ysoserial.payloads.MyfacesTest$MyfacesDeserializer$MockELResolver,"getCommonPropertyType/2[javax.el.ELContext,java.lang.Object]",0.0,0.0,-1.0,0.0,131,"getCommonPropertyType/2[ysoserial.payloads.ELContext,java.lang.Object]",0,0,1,3,1,0,2,0,0,0
C:\Users\syuuj\gitProject\ysoserial\src\test\java\ysoserial\payloads\MyfacesTest.java,ysoserial.payloads.MyfacesTest$MyfacesDeserializer$MockELResolver,"getFeatureDescriptors/2[javax.el.ELContext,java.lang.Object]",0.0,0.0,-1.0,0.0,125,"getFeatureDescriptors/2[ysoserial.payloads.ELContext,java.lang.Object]",0,0,1,3,1,0,2,0,0,0
C:\Users\syuuj\gitProject\ysoserial\src\test\java\ysoserial\payloads\MyfacesTest.java,ysoserial.payloads.MyfacesTest$MyfacesDeserializer$MockELResolver,"getType/3[javax.el.ELContext,java.lang.Object,java.lang.Object]",2.0,0.0,0.0,2.0,103,"getType/3[ysoserial.payloads.ELContext,java.lang.Object,java.lang.Object]",0,0,3,7,2,0,3,0,0,0
C:\Users\syuuj\gitProject\ysoserial\src\test\java\ysoserial\payloads\MyfacesTest.java,ysoserial.payloads.MyfacesTest$MyfacesDeserializer$MockELResolver,"getValue/3[javax.el.ELContext,java.lang.Object,java.lang.Object]",1.0,1.0,0.5,1.0,92,"getValue/3[ysoserial.payloads.ELContext,java.lang.Object,java.lang.Object]",0,0,3,7,2,0,3,0,0,0
C:\Users\syuuj\gitProject\ysoserial\src\test\java\ysoserial\payloads\MyfacesTest.java,ysoserial.payloads.MyfacesTest$MyfacesDeserializer$MockELResolver,"isReadOnly/3[javax.el.ELContext,java.lang.Object,java.lang.Object]",0.0,0.0,-1.0,0.0,119,"isReadOnly/3[ysoserial.payloads.ELContext,java.lang.Object,java.lang.Object]",0,0,1,3,1,0,3,0,0,0
C:\Users\syuuj\gitProject\ysoserial\src\test\java\ysoserial\payloads\MyfacesTest.java,ysoserial.payloads.MyfacesTest$MyfacesDeserializer$MockELResolver,"setValue/4[javax.el.ELContext,java.lang.Object,java.lang.Object,java.lang.Object]",0.0,0.0,-1.0,0.0,113,"setValue/4[ysoserial.payloads.ELContext,java.lang.Object,java.lang.Object,java.lang.Object]",0,0,1,2,0,0,4,0,0,0
C:\Users\syuuj\gitProject\ysoserial\src\test\java\ysoserial\payloads\MyfacesTest.java,ysoserial.payloads.MyfacesTest$MyfacesDeserializer$MockELResolver,MockELResolver/1[javax.servlet.ServletRequest],0.0,1.0,1.0,0.0,86,MockELResolver/1[ysoserial.payloads.ServletRequest],1,0,1,3,0,0,1,0,0,0
C:\Users\syuuj\gitProject\ysoserial\src\main\java\ysoserial\exploit\JBoss.java,ysoserial.exploit.JBoss,"cleanup/5[org.jboss.remoting3.spi.ConnectionProvider,ysoserial.exploit.JBoss.ConnectionProviderContextImpl,org.jboss.remoting3.spi.ConnectionHandler,org.jboss.remoting3.Channel,org.jboss.remotingjmx.VersionedConnection]",4.0,0.0,0.0,2.0,165,"cleanup/5[ysoserial.exploit.ConnectionProvider,ysoserial.exploit.JBoss.ConnectionProviderContextImpl,ysoserial.exploit.ConnectionHandler,ysoserial.exploit.Channel,ysoserial.exploit.VersionedConnection]",1,1,9,32,0,0,5,0,0,0
C:\Users\syuuj\gitProject\ysoserial\src\main\java\ysoserial\exploit\JBoss.java,ysoserial.exploit.JBoss,"doExploit/2[java.lang.Object,javax.management.MBeanServerConnection]",12.0,0.0,0.0,5.0,281,"doExploit/2[java.lang.Object,javax.management.MBeanServerConnection]",1,0,9,35,2,10,2,2,0,0
C:\Users\syuuj\gitProject\ysoserial\src\main\java\ysoserial\exploit\JBoss.java,ysoserial.exploit.JBoss,"doRun/4[java.net.URI,java.lang.Object,java.lang.String,java.lang.String]",15.0,2.0,0.13333334,9.0,130,"doRun/4[java.net.URI,java.lang.Object,java.lang.String,java.lang.String]",1,8,3,32,0,12,4,0,0,0
C:\Users\syuuj\gitProject\ysoserial\src\main\java\ysoserial\exploit\JBoss.java,ysoserial.exploit.JBoss,"getChannel/3[ysoserial.exploit.JBoss.ConnectionProviderContextImpl,org.jboss.remoting3.spi.ConnectionHandler,org.xnio.OptionMap]",7.0,0.0,0.0,4.0,247,"getChannel/3[ysoserial.exploit.JBoss.ConnectionProviderContextImpl,ysoserial.exploit.ConnectionHandler,ysoserial.exploit.OptionMap]",1,1,4,19,1,4,3,0,0,0
C:\Users\syuuj\gitProject\ysoserial\src\main\java\ysoserial\exploit\JBoss.java,ysoserial.exploit.JBoss,"getConnection/6[java.net.SocketAddress,java.lang.String,java.lang.String,ysoserial.exploit.JBoss.ConnectionProviderContextImpl,org.jboss.remoting3.spi.ConnectionProvider,org.xnio.OptionMap]",11.0,0.0,0.0,8.0,203,"getConnection/6[java.net.SocketAddress,java.lang.String,java.lang.String,ysoserial.exploit.JBoss.ConnectionProviderContextImpl,ysoserial.exploit.ConnectionProvider,ysoserial.exploit.OptionMap]",1,2,4,37,1,5,6,0,1,0
C:\Users\syuuj\gitProject\ysoserial\src\main\java\ysoserial\exploit\JBoss.java,ysoserial.exploit.JBoss,main/1[java.lang.String[]],6.0,0.0,0.0,3.0,100,main/1[java.lang.String[]],0,3,4,23,0,5,1,0,0,0
C:\Users\syuuj\gitProject\ysoserial\src\main\java\ysoserial\exploit\JBoss.java,ysoserial.exploit.JBoss,makeVersionedConnection/1[org.jboss.remoting3.Channel],5.0,0.0,0.0,5.0,270,makeVersionedConnection/1[ysoserial.exploit.Channel],1,0,1,8,1,3,1,0,0,0
C:\Users\syuuj\gitProject\ysoserial\src\main\java\ysoserial\secmgr\DelegateSecurityManager.java,ysoserial.secmgr.DelegateSecurityManager,"checkAccept/2[java.lang.String,int]",0.0,1.0,1.0,0.0,127,"checkAccept/2[java.lang.String,int]",0,1,1,3,0,0,2,0,0,0
C:\Users\syuuj\gitProject\ysoserial\src\main\java\ysoserial\secmgr\DelegateSecurityManager.java,ysoserial.secmgr.DelegateSecurityManager,checkAccess/1[java.lang.Thread],0.0,1.0,1.0,0.0,44,checkAccess/1[java.lang.Thread],0,1,1,3,0,0,1,0,0,0
C:\Users\syuuj\gitProject\ysoserial\src\main\java\ysoserial\secmgr\DelegateSecurityManager.java,ysoserial.secmgr.DelegateSecurityManager,checkAccess/1[java.lang.ThreadGroup],0.0,1.0,1.0,0.0,49,checkAccess/1[java.lang.ThreadGroup],0,1,1,3,0,0,1,0,0,0
C:\Users\syuuj\gitProject\ysoserial\src\main\java\ysoserial\secmgr\DelegateSecurityManager.java,ysoserial.secmgr.DelegateSecurityManager,checkAwtEventQueueAccess/0,0.0,1.0,1.0,0.0,175,checkAwtEventQueueAccess/0,0,1,1,3,0,0,0,0,0,0
C:\Users\syuuj\gitProject\ysoserial\src\main\java\ysoserial\secmgr\DelegateSecurityManager.java,ysoserial.secmgr.DelegateSecurityManager,"checkConnect/2[java.lang.String,int]",0.0,1.0,1.0,0.0,109,"checkConnect/2[java.lang.String,int]",0,1,1,3,0,0,2,0,0,0
C:\Users\syuuj\gitProject\ysoserial\src\main\java\ysoserial\secmgr\DelegateSecurityManager.java,ysoserial.secmgr.DelegateSecurityManager,"checkConnect/3[java.lang.String,int,java.lang.Object]",0.0,1.0,1.0,0.0,115,"checkConnect/3[java.lang.String,int,java.lang.Object]",0,1,1,3,0,0,3,0,0,0
C:\Users\syuuj\gitProject\ysoserial\src\main\java\ysoserial\secmgr\DelegateSecurityManager.java,ysoserial.secmgr.DelegateSecurityManager,checkCreateClassLoader/0,0.0,1.0,1.0,0.0,39,checkCreateClassLoader/0,0,1,1,3,0,0,0,0,0,0
C:\Users\syuuj\gitProject\ysoserial\src\main\java\ysoserial\secmgr\DelegateSecurityManager.java,ysoserial.secmgr.DelegateSecurityManager,checkDelete/1[java.lang.String],0.0,1.0,1.0,0.0,103,checkDelete/1[java.lang.String],0,1,1,3,0,0,1,0,0,0
C:\Users\syuuj\gitProject\ysoserial\src\main\java\ysoserial\secmgr\DelegateSecurityManager.java,ysoserial.secmgr.DelegateSecurityManager,checkExec/1[java.lang.String],0.0,1.0,1.0,0.0,61,checkExec/1[java.lang.String],0,1,1,3,0,0,1,0,0,0
C:\Users\syuuj\gitProject\ysoserial\src\main\java\ysoserial\secmgr\DelegateSecurityManager.java,ysoserial.secmgr.DelegateSecurityManager,checkExit/1[int],0.0,1.0,1.0,0.0,55,checkExit/1[int],0,1,1,3,0,0,1,0,0,0
C:\Users\syuuj\gitProject\ysoserial\src\main\java\ysoserial\secmgr\DelegateSecurityManager.java,ysoserial.secmgr.DelegateSecurityManager,checkLink/1[java.lang.String],0.0,1.0,1.0,0.0,67,checkLink/1[java.lang.String],0,1,1,3,0,0,1,0,0,0
C:\Users\syuuj\gitProject\ysoserial\src\main\java\ysoserial\secmgr\DelegateSecurityManager.java,ysoserial.secmgr.DelegateSecurityManager,checkListen/1[int],0.0,1.0,1.0,0.0,121,checkListen/1[int],0,1,1,3,0,0,1,0,0,0
C:\Users\syuuj\gitProject\ysoserial\src\main\java\ysoserial\secmgr\DelegateSecurityManager.java,ysoserial.secmgr.DelegateSecurityManager,"checkMemberAccess/2[java.lang.Class,int]",0.0,1.0,1.0,0.0,199,"checkMemberAccess/2[java.lang.Class,int]",0,1,1,3,0,0,2,0,0,0
C:\Users\syuuj\gitProject\ysoserial\src\main\java\ysoserial\secmgr\DelegateSecurityManager.java,ysoserial.secmgr.DelegateSecurityManager,checkMulticast/1[java.net.InetAddress],0.0,1.0,1.0,0.0,133,checkMulticast/1[java.net.InetAddress],0,1,1,3,0,0,1,0,0,0
C:\Users\syuuj\gitProject\ysoserial\src\main\java\ysoserial\secmgr\DelegateSecurityManager.java,ysoserial.secmgr.DelegateSecurityManager,"checkMulticast/2[java.net.InetAddress,byte]",0.0,1.0,1.0,0.0,139,"checkMulticast/2[java.net.InetAddress,byte]",0,1,1,3,0,0,2,0,0,0
C:\Users\syuuj\gitProject\ysoserial\src\main\java\ysoserial\secmgr\DelegateSecurityManager.java,ysoserial.secmgr.DelegateSecurityManager,checkPackageAccess/1[java.lang.String],0.0,1.0,1.0,0.0,181,checkPackageAccess/1[java.lang.String],0,1,1,3,0,0,1,0,0,0
C:\Users\syuuj\gitProject\ysoserial\src\main\java\ysoserial\secmgr\DelegateSecurityManager.java,ysoserial.secmgr.DelegateSecurityManager,checkPackageDefinition/1[java.lang.String],0.0,1.0,1.0,0.0,187,checkPackageDefinition/1[java.lang.String],0,1,1,3,0,0,1,0,0,0
C:\Users\syuuj\gitProject\ysoserial\src\main\java\ysoserial\secmgr\DelegateSecurityManager.java,ysoserial.secmgr.DelegateSecurityManager,checkPermission/1[java.security.Permission],0.0,1.0,1.0,0.0,29,checkPermission/1[java.security.Permission],0,1,1,3,0,0,1,0,0,0
C:\Users\syuuj\gitProject\ysoserial\src\main\java\ysoserial\secmgr\DelegateSecurityManager.java,ysoserial.secmgr.DelegateSecurityManager,"checkPermission/2[java.security.Permission,java.lang.Object]",0.0,1.0,1.0,0.0,34,"checkPermission/2[java.security.Permission,java.lang.Object]",0,1,1,3,0,0,2,0,0,0
C:\Users\syuuj\gitProject\ysoserial\src\main\java\ysoserial\secmgr\DelegateSecurityManager.java,ysoserial.secmgr.DelegateSecurityManager,checkPrintJobAccess/0,0.0,1.0,1.0,0.0,163,checkPrintJobAccess/0,0,1,1,3,0,0,0,0,0,0
C:\Users\syuuj\gitProject\ysoserial\src\main\java\ysoserial\secmgr\DelegateSecurityManager.java,ysoserial.secmgr.DelegateSecurityManager,checkPropertiesAccess/0,0.0,1.0,1.0,0.0,145,checkPropertiesAccess/0,0,1,1,3,0,0,0,0,0,0
C:\Users\syuuj\gitProject\ysoserial\src\main\java\ysoserial\secmgr\DelegateSecurityManager.java,ysoserial.secmgr.DelegateSecurityManager,checkPropertyAccess/1[java.lang.String],0.0,1.0,1.0,0.0,151,checkPropertyAccess/1[java.lang.String],0,1,1,3,0,0,1,0,0,0
C:\Users\syuuj\gitProject\ysoserial\src\main\java\ysoserial\secmgr\DelegateSecurityManager.java,ysoserial.secmgr.DelegateSecurityManager,checkRead/1[java.io.FileDescriptor],0.0,1.0,1.0,0.0,73,checkRead/1[java.io.FileDescriptor],0,1,1,3,0,0,1,0,0,0
C:\Users\syuuj\gitProject\ysoserial\src\main\java\ysoserial\secmgr\DelegateSecurityManager.java,ysoserial.secmgr.DelegateSecurityManager,checkRead/1[java.lang.String],0.0,1.0,1.0,0.0,79,checkRead/1[java.lang.String],0,1,1,3,0,0,1,0,0,0
C:\Users\syuuj\gitProject\ysoserial\src\main\java\ysoserial\secmgr\DelegateSecurityManager.java,ysoserial.secmgr.DelegateSecurityManager,"checkRead/2[java.lang.String,java.lang.Object]",0.0,1.0,1.0,0.0,85,"checkRead/2[java.lang.String,java.lang.Object]",0,1,1,3,0,0,2,0,0,0
C:\Users\syuuj\gitProject\ysoserial\src\main\java\ysoserial\secmgr\DelegateSecurityManager.java,ysoserial.secmgr.DelegateSecurityManager,checkSecurityAccess/1[java.lang.String],0.0,1.0,1.0,0.0,205,checkSecurityAccess/1[java.lang.String],0,1,1,3,0,0,1,0,0,0
C:\Users\syuuj\gitProject\ysoserial\src\main\java\ysoserial\secmgr\DelegateSecurityManager.java,ysoserial.secmgr.DelegateSecurityManager,checkSetFactory/0,0.0,1.0,1.0,0.0,193,checkSetFactory/0,0,1,1,3,0,0,0,0,0,0
C:\Users\syuuj\gitProject\ysoserial\src\main\java\ysoserial\secmgr\DelegateSecurityManager.java,ysoserial.secmgr.DelegateSecurityManager,checkSystemClipboardAccess/0,0.0,1.0,1.0,0.0,169,checkSystemClipboardAccess/0,0,1,1,3,0,0,0,0,0,0
C:\Users\syuuj\gitProject\ysoserial\src\main\java\ysoserial\secmgr\DelegateSecurityManager.java,ysoserial.secmgr.DelegateSecurityManager,checkTopLevelWindow/1[java.lang.Object],0.0,1.0,1.0,0.0,157,checkTopLevelWindow/1[java.lang.Object],0,1,1,3,1,0,1,0,0,0
C:\Users\syuuj\gitProject\ysoserial\src\main\java\ysoserial\secmgr\DelegateSecurityManager.java,ysoserial.secmgr.DelegateSecurityManager,checkWrite/1[java.io.FileDescriptor],0.0,1.0,1.0,0.0,91,checkWrite/1[java.io.FileDescriptor],0,1,1,3,0,0,1,0,0,0
C:\Users\syuuj\gitProject\ysoserial\src\main\java\ysoserial\secmgr\DelegateSecurityManager.java,ysoserial.secmgr.DelegateSecurityManager,checkWrite/1[java.lang.String],0.0,1.0,1.0,0.0,97,checkWrite/1[java.lang.String],0,1,1,3,0,0,1,0,0,0
C:\Users\syuuj\gitProject\ysoserial\src\main\java\ysoserial\secmgr\DelegateSecurityManager.java,ysoserial.secmgr.DelegateSecurityManager,getInCheck/0,2.0,1.0,0.5,1.0,19,getInCheck/0,0,1,1,3,1,0,0,0,0,0
C:\Users\syuuj\gitProject\ysoserial\src\main\java\ysoserial\secmgr\DelegateSecurityManager.java,ysoserial.secmgr.DelegateSecurityManager,getSecurityContext/0,1.0,1.0,0.5,1.0,24,getSecurityContext/0,0,1,1,3,1,0,0,0,0,0
C:\Users\syuuj\gitProject\ysoserial\src\main\java\ysoserial\secmgr\DelegateSecurityManager.java,ysoserial.secmgr.DelegateSecurityManager,getSecurityManager/0,0.0,1.0,1.0,0.0,10,getSecurityManager/0,34,0,1,3,1,0,0,0,0,0
C:\Users\syuuj\gitProject\ysoserial\src\main\java\ysoserial\secmgr\DelegateSecurityManager.java,ysoserial.secmgr.DelegateSecurityManager,getThreadGroup/0,1.0,1.0,0.5,1.0,211,getThreadGroup/0,0,1,1,3,1,0,0,0,0,0
C:\Users\syuuj\gitProject\ysoserial\src\main\java\ysoserial\secmgr\DelegateSecurityManager.java,ysoserial.secmgr.DelegateSecurityManager,setSecurityManager/1[java.lang.SecurityManager],0.0,1.0,1.0,0.0,14,setSecurityManager/1[java.lang.SecurityManager],0,0,1,3,0,0,1,0,0,0
C:\Users\syuuj\gitProject\ysoserial\src\main\java\ysoserial\payloads\C3P0.java,ysoserial.payloads.C3P0,getObject/1[java.lang.String],4.0,0.0,0.0,4.0,45,getObject/1[java.lang.String],0,3,2,11,1,4,1,0,0,0
C:\Users\syuuj\gitProject\ysoserial\src\main\java\ysoserial\payloads\C3P0.java,ysoserial.payloads.C3P0,main/1[java.lang.String[]],0.0,1.0,1.0,0.0,87,main/1[java.lang.String[]],0,1,1,3,0,0,1,0,0,0
C:\Users\syuuj\gitProject\ysoserial\src\main\java\ysoserial\payloads\MozillaRhino1.java,ysoserial.payloads.MozillaRhino1,getObject/1[java.lang.String],24.0,0.0,0.0,9.0,23,getObject/1[java.lang.String],0,1,1,31,1,18,1,0,0,0
C:\Users\syuuj\gitProject\ysoserial\src\main\java\ysoserial\payloads\MozillaRhino1.java,ysoserial.payloads.MozillaRhino1,main/1[java.lang.String[]],0.0,1.0,1.0,0.0,65,main/1[java.lang.String[]],0,1,1,3,0,0,1,0,0,0
C:\Users\syuuj\gitProject\ysoserial\src\main\java\ysoserial\secmgr\ExecCheckingSecurityManager.java,ysoserial.secmgr.ExecCheckingSecurityManager$60,call/0,0.0,0.0,-1.0,0.0,61,call/0,0,13,1,4,1,0,0,0,0,0
C:\Users\syuuj\gitProject\ysoserial\src\test\java\ysoserial\payloads\TestHarnessTest.java,ysoserial.payloads.TestHarnessTest$ExecMockSerializable,readObject/1[java.io.ObjectInputStream],1.0,0.0,0.0,1.0,58,readObject/1[java.io.ObjectInputStream],0,0,2,8,0,0,1,0,0,0
C:\Users\syuuj\gitProject\ysoserial\src\test\java\ysoserial\payloads\TestHarnessTest.java,ysoserial.payloads.TestHarnessTest$ExecMockSerializable,ExecMockSerializable/1[java.lang.String],0.0,1.0,1.0,0.0,56,ExecMockSerializable/1[java.lang.String],1,0,1,3,0,0,1,0,0,0
C:\Users\syuuj\gitProject\ysoserial\src\main\java\ysoserial\exploit\JBoss.java,ysoserial.exploit.JBoss$ConsoleLogHandler,close/0,0.0,0.0,-1.0,0.0,335,close/0,0,0,1,2,0,0,0,0,0,0
C:\Users\syuuj\gitProject\ysoserial\src\main\java\ysoserial\exploit\JBoss.java,ysoserial.exploit.JBoss$ConsoleLogHandler,flush/0,0.0,0.0,-1.0,0.0,329,flush/0,0,0,1,2,0,0,0,0,0,0
C:\Users\syuuj\gitProject\ysoserial\src\main\java\ysoserial\exploit\JBoss.java,ysoserial.exploit.JBoss$ConsoleLogHandler,publish/1[java.util.logging.LogRecord],1.0,0.0,0.0,1.0,323,publish/1[java.util.logging.LogRecord],0,0,1,3,0,0,1,0,0,0
C:\Users\syuuj\gitProject\ysoserial\src\main\java\ysoserial\secmgr\ThreadLocalSecurityManager.java,ysoserial.secmgr.ThreadLocalSecurityManager,getSecurityManager/0,1.0,0.0,0.0,1.0,20,getSecurityManager/0,1,0,1,3,1,0,0,0,0,0
C:\Users\syuuj\gitProject\ysoserial\src\main\java\ysoserial\secmgr\ThreadLocalSecurityManager.java,ysoserial.secmgr.ThreadLocalSecurityManager,install/0,1.0,0.0,0.0,1.0,10,install/0,0,0,1,3,0,0,0,0,0,0
C:\Users\syuuj\gitProject\ysoserial\src\main\java\ysoserial\secmgr\ThreadLocalSecurityManager.java,ysoserial.secmgr.ThreadLocalSecurityManager,setSecurityManager/1[java.lang.SecurityManager],1.0,0.0,0.0,1.0,15,setSecurityManager/1[java.lang.SecurityManager],1,0,1,3,0,0,1,0,0,0
C:\Users\syuuj\gitProject\ysoserial\src\main\java\ysoserial\secmgr\ThreadLocalSecurityManager.java,ysoserial.secmgr.ThreadLocalSecurityManager,"wrap/2[java.lang.SecurityManager,java.util.concurrent.Callable]",0.0,3.0,1.0,0.0,24,"wrap/2[java.lang.SecurityManager,java.util.concurrent.Callable]",0,2,1,10,1,1,2,0,0,0
